line_id,variant_id,noisy,clean,prediction
395,0,هی ئت استخلاصه لك باسه حقار مقله موظف وم كلف ىولدیغی وظائف فعليه وعاليده اوقدز مختلف ومتنوعدركة بنلر آنج عمةومی بر صورنده ایما و اضاح اولنەبىلير.,هیئت استخلاصه لك باشه حقار مقله موظف ومكلف اولدیغی وظائف فعليه وعاليه اوقدر مختلف ومتنوعدركه بونلر آنجق عمومی بر صورنده ایما و ايضاح اولنەبيلير.,هیئت استخلاصه لك باسه حقار مقله موظف ومكلف اولدیغی وظائف فعليه وعاليده اوقردر مختلف ومتنوعدركه بنلر آنج عمومی بر صورنده ایما و اضاح اولنەبالير.
395,1,هیئت استخلاصهر لك باشه حقار مقله موظف وكلف اولدیثغی وظائ ف فاعليه وعالي ه ىوقدر مختلف ومتنوعدركهغ بونلر آنجق عمومی بر صورآنده ایما و ايضاح اولنەبيليز.,هیئت استخلاصه لك باشه حقار مقله موظف ومكلف اولدیغی وظائف فعليه وعاليه اوقدر مختلف ومتنوعدركه بونلر آنجق عمومی بر صورنده ایما و ايضاح اولنەبيلير.,هیئت استخلاصه رلك باشه حقار مقله موظف وكلف اولدیغی وظائف فاعليه وعاليه اوقدر مختلف ومتنوعدركه بونلر آنجق عمومی بر صورآنده ایما و ايضاح اولنەبيلير.
395,2,ةیئت استخلاصه لك باشه حقار مهقله موظف ومكلف اولدیغی وطائف فعليه وعاليه اوف در مختلف وتنوعدركه بونلر آنجف عمومی بر صورنده ا یما و ايضاح اولنەبيليز.,هیئت استخلاصه لك باشه حقار مقله موظف ومكلف اولدیغی وظائف فعليه وعاليه اوقدر مختلف ومتنوعدركه بونلر آنجق عمومی بر صورنده ایما و ايضاح اولنەبيلير.,حیئت استخلاصه لك باشه حقار مهقله موظف ومكلف اولدیغی وطائف فعليه وعاليه اوقردر مختلف وتنوعدركه بونلر آنجف عمومی بر صورنده ایما و ايضاح اولنەبيلير.
395,3,هیئت استخلاصة لك بىشه حقار مقصله موظق ومكلف اولدیی وظائف فعلي وعاكه اوقدر مختلف ومتنوعدركصة بونلر آنجق عمومی بر ورنده ایما و ايضاح اولنەبيلير.,هیئت استخلاصه لك باشه حقار مقله موظف ومكلف اولدیغی وظائف فعليه وعاليه اوقدر مختلف ومتنوعدركه بونلر آنجق عمومی بر صورنده ایما و ايضاح اولنەبيلير.,هیئت استخلاصه لك باشه حقار مقصله موظق ومكلف اولدیی وظائف فعلى وعاكه اوقدر مختلف ومتنوعدركصه بونلر آنجق عمومی بر ورنده ایما و ايضاح اولنەبيلير.
395,4,هیئتظ اس تخلاصه لك باشة حقار مفل موف ومكلف اولدیغی وظئف فعليه وعاليه اوقدر مسختلف ومنوعدركه بونلرآنجق عمومی بر صورنده ایماو اضاح ا ولنەبيلکر.,هیئت استخلاصه لك باشه حقار مقله موظف ومكلف اولدیغی وظائف فعليه وعاليه اوقدر مختلف ومتنوعدركه بونلر آنجق عمومی بر صورنده ایما و ايضاح اولنەبيلير.,هیئت استخلاصه لك باشه حقار مفل موفومكلف اولدیغی وئف فعليه وعاليه اوقردر مستلف ومنوعدركه بونلر آنجق عمومی بر صورنده ایماو اضاح اولنەبيلير.
395,5,هیئت اتخلاصه لك باشه حقار مفله موظف ومكلف اولدیغی وظائف فعليه عالكه او قدز ختلف ومنوعذرکهبونلر آنجق عمومی بهر ورنده ایما و ايضاه اولنەبيلير.,هیئت استخلاصه لك باشه حقار مقله موظف ومكلف اولدیغی وظائف فعليه وعاليه اوقدر مختلف ومتنوعدركه بونلر آنجق عمومی بر صورنده ایما و ايضاح اولنەبيلير.,هیئت اتخلاصه لك باشه حقار مفله موظف ومكلف اولدیغی وظائف فعليه عالكه او قدر ختلف ومنوعدركه بونلر آنجق عمومی بهر ورنده ایما و ايضاه اولنەبيلير.
395,6,هیئت استخلاصه لك باشه حقار مقله موظف ومكلف ىولدیغی وطائف فعليه وعالي ه اوقدر مختلق ومت نونعدركه ثونل ر آنجقعمومی بر صورنده ایما و يضاح اولنەبيلير.,هیئت استخلاصه لك باشه حقار مقله موظف ومكلف اولدیغی وظائف فعليه وعاليه اوقدر مختلف ومتنوعدركه بونلر آنجق عمومی بر صورنده ایما و ايضاح اولنەبيلير.,هیئت استخلاصه لك باشه حقار مقله موظف ومكلف اولدیغی وطائف فعليه وعاليه اوقردر مختلق ومتنوندركه بونلر آنجق عمومی بر صورنده ایما و يضاح اولنەبيلير.
395,7,هیئت استخاصه لك باسه حق ار مقلهم وظف ومكلف اولدیغی وظائف فعليه وغاليه اوقدر مختلف ومت نوعدرظكه بون لرآنتجق عمومی بر صورندهأ ایما و ايصاآح ىولنەبيلير.,هیئت استخلاصه لك باشه حقار مقله موظف ومكلف اولدیغی وظائف فعليه وعاليه اوقدر مختلف ومتنوعدركه بونلر آنجق عمومی بر صورنده ایما و ايضاح اولنەبيلير.,هیئت استخاصه لك باسه حقار مقلهم وظف ومكلف اولدیغی وظائف فعليه وغاليه اوقردر مختلف ومتنوعدركه بونلر آنتجق عمومی بر صورنده ایما و ايصاح اولنەبيلير.
395,8,هیئت استجلاصة لك باشة حقىر مقله موظ ق ومكلف ىولدیغی وظائف فغليه وعاليه اوقدر مختلف ومتنوعدركه بونلر آنجق عمومی بر صورندهآ یما و اياح اولنەبيلير.,هیئت استخلاصه لك باشه حقار مقله موظف ومكلف اولدیغی وظائف فعليه وعاليه اوقدر مختلف ومتنوعدركه بونلر آنجق عمومی بر صورنده ایما و ايضاح اولنەبيلير.,هیئت استجلاصه لك باشه حقار مقله موقر ومكلف اولدیغی وظائف فعليه وعاليه اوقردر مختلف ومتنوعدركه بونلر آنجق عمومی بر صورنده یما و اياح اولنەبيلير.
395,9,هیئت استخلاصه لك باشه حقا مقلة موطفومكلفاولدیغی وظائف فعليه وعال يه اوقدر ختلف ومکتنوعدركه بونلر آنجق غمومی بر صورده ایما و ايضاح اولبەبيليرک.,هیئت استخلاصه لك باشه حقار مقله موظف ومكلف اولدیغی وظائف فعليه وعاليه اوقدر مختلف ومتنوعدركه بونلر آنجق عمومی بر صورنده ایما و ايضاح اولنەبيلير.,هیئت استخلاصه لك باشه حقا مقله موقومكلف اولدیغی وظائف فعليه وعاليه اوقردر ختلف ومکتنوعدركه بونلر آنجق غمومی بر صورده ایما و ايضاح اولبەبيلير.
395,10,هیئت استجخلاصه لك باشة حار مقه موظق ومكلف اولدیغی وظا ئف فعليه وعاليه اوقدر مختلف ومتنوعدركة بونلر آبجعمومی بز صورنده ایما و ايضاح اولنەبيليز.,هیئت استخلاصه لك باشه حقار مقله موظف ومكلف اولدیغی وظائف فعليه وعاليه اوقدر مختلف ومتنوعدركه بونلر آنجق عمومی بر صورنده ایما و ايضاح اولنەبيلير.,هیئت استجخلاصه لك باشه حار مقه موظق ومكلف اولدیغی وظائف فعليه وعاليه اوقردر مختلف ومتنوعدركه بونلر آبجعمومی بر صورنده ایما و ايضاح اولنەبيلير.
395,11,هیئت ااشتخلاصهلك باشه حقار مقله موظف ومكلف اولدیغی وظائف فغليه وعايه اوقدر مختلف ومتنوعدركه بونلر آ نجق عمومی بر صوربده ایما و ايضاح اولنەبيلير.,هیئت استخلاصه لك باشه حقار مقله موظف ومكلف اولدیغی وظائف فعليه وعاليه اوقدر مختلف ومتنوعدركه بونلر آنجق عمومی بر صورنده ایما و ايضاح اولنەبيلير.,هیئت اشتخلاصه لك باشه حقار مقله موظف ومكلف اولدیغی وظائف فعليه وعايه اوقردر مختلف ومتنوعدركه بونلر آنجق عمومی بر صوربده ایما و ايضاح اولنەبيلير.
395,12,هیئت استخلازصه لك ياشة حقار مقله موظف ومكلف الدیغی وظائف فعلكه وعالي اوقدر مخ تلق متنوعةدركه ونلر آنجق عمومی بر صورنده ایما و اياح اولنەبيلير.,هیئت استخلاصه لك باشه حقار مقله موظف ومكلف اولدیغی وظائف فعليه وعاليه اوقدر مختلف ومتنوعدركه بونلر آنجق عمومی بر صورنده ایما و ايضاح اولنەبيلير.,هیئت استخلاره لك ياشه حقار مقله موظف ومكلف الدیغی وظائف فعلكه وعالي اوقرادر مختلق متنوعه دركه ونلر آنجق عمومی بر صورنده ایما و اياح اولنەبيلير.
395,13,هیئت استخلاصه لكاشه حقار مقل موظف ومكلف او لدیغی وظائف فعليه وحع اليه اوقدر مختلفومتنوعذركه بو نلر آنجق عمومی بفر صور نده ایما و ايضشاح اولثەبيلکر.,هیئت استخلاصه لك باشه حقار مقله موظف ومكلف اولدیغی وظائف فعليه وعاليه اوقدر مختلف ومتنوعدركه بونلر آنجق عمومی بر صورنده ایما و ايضاح اولنەبيلير.,هیئت استخلاصه لكاشه حقار مقل موظف ومكلف اولدیغی وظائف فعليه وحع اليه اوقردر مختلف ومتنوعدركه بونلر آنجق عمومی بفر صورنده ایما و ايشاح اولنەبيلير.
395,14,هیئت اشتخلاصه لك بشه حفار مقله موظف ومك ف اوةلدیغی وظائفن فعليه وعالية اوقدر مختلف ومتنوعدركه بونلر آنجق عمومی بز صو رنده ایما و ايضاح ولنەبىلکر.,هیئت استخلاصه لك باشه حقار مقله موظف ومكلف اولدیغی وظائف فعليه وعاليه اوقدر مختلف ومتنوعدركه بونلر آنجق عمومی بر صورنده ایما و ايضاح اولنەبيلير.,هیئت اشتخلاصه لك بشه حفار مقله موظف ومكف اولدیغی وظائفن فعليه وعاليه اوقدر مختلف ومتنوعدركه بونلر آنجق عمومی بر صورنده ایما و ايضاح ولنەبالير.
395,15,هیئت استخلاصه لك باشه حقار مقلهموظف ومكلف اولدیغ وظاكئف فعليه وعاليه اوقدر مختلف ومتتوعدركه بونلر آنجق عموی بر صورنذه ایما و ايضاح اولنەبيليز.,هیئت استخلاصه لك باشه حقار مقله موظف ومكلف اولدیغی وظائف فعليه وعاليه اوقدر مختلف ومتنوعدركه بونلر آنجق عمومی بر صورنده ایما و ايضاح اولنەبيلير.,هیئت استخلاصه لك باشه حقار مقله موظف ومكلف اولدیغ وظاكئف فعليه وعاليه اوقردر مختلف ومتتوعدركه بونلر آنجق عموی بر صورنده ایما و ايضاح اولنەبيلير.
395,16,هیئت استخلاصه ك باشهحقار مقله موف وكلف اولذیغی وظائف فعليه وعاليه اوقدر مختلف ومتوعدر كه بوبلر آنجق عمومی بر صورنده ایما و ايضاح اولنرەبيلير.,هیئت استخلاصه لك باشه حقار مقله موظف ومكلف اولدیغی وظائف فعليه وعاليه اوقدر مختلف ومتنوعدركه بونلر آنجق عمومی بر صورنده ایما و ايضاح اولنەبيلير.,هیئت استخلاصه ك باشه حقار مقله موفوكلف اولدیغی وظائف فعليه وعاليه اوقردر مختلف ومتوعدر كه بوبلر آنجق عمومی بر صورنده ایما و ايضاح اولنرەبيلير.
395,17,هیئتاستخلاصه لك باشه حقار مقلة موظف ومکلق اولدیغی وظائف فعليه وعاليه اوقدر مخ تلف ومتنوعذركه ثونلر آنج عمومی بر صورنده ایم و ايضاح اولنەبكلير.,هیئت استخلاصه لك باشه حقار مقله موظف ومكلف اولدیغی وظائف فعليه وعاليه اوقدر مختلف ومتنوعدركه بونلر آنجق عمومی بر صورنده ایما و ايضاح اولنەبيلير.,هیئت استخلاصه لك باشه حقار مقله موظف ومکلق اولدیغی وظائف فعليه وعاليه اوقردر مختلف ومتنوعدركه بونلر آنج عمومی بر صورنده ایم و ايضاح اولنەبيلير.
395,18,هیئت استخحلاصهلك باشه حقار مقله موظف ومكلف الذیغی وظائف فعلية وعالية ىوقدر مختلف ومتنوعدركه بونلر آنجق عمومی بر صورنده ایما و ايضاح اولنەبيل ير.,هیئت استخلاصه لك باشه حقار مقله موظف ومكلف اولدیغی وظائف فعليه وعاليه اوقدر مختلف ومتنوعدركه بونلر آنجق عمومی بر صورنده ایما و ايضاح اولنەبيلير.,هیئت استخلاصهلك باشه حقار مقله موظف ومكلف الدیغی وظائف فعليه وعاليه اوقدر مختلف ومتنوعدركه بونلر آنجق عمومی بر صورنده ایما و ايضاح اولنەبيلير.
395,19,هیئت استخلاصه لك باشه حقار مقه موظف ومكلف اولذیغی وظائف فغلى ه وعالخيه اوق در خنلف ومتنوعدركه ثونلر آنجق عمومی بر صورن ده ایما و اکضاحالنەبيلير.,هیئت استخلاصه لك باشه حقار مقله موظف ومكلف اولدیغی وظائف فعليه وعاليه اوقدر مختلف ومتنوعدركه بونلر آنجق عمومی بر صورنده ایما و ايضاح اولنەبيلير.,هیئت استخلاصه لك باشه حقار مقه موظف ومكلف اولدیغی وظائف فعلى هوعالخيه اوقردر خنلف ومتنوعدركه بونلر آنجق عمومی بر صورنده ایما و ايضاحالنەبيلير.
209,0,بالاده تعاداولنان وقزاينا فرقەلر ندن بسشقه اوقراينا ترقييروران,بالاده تعداداولنان اوقراينا فرقەلرندن بشقه «اوقراينا ترقييروران,بالاده تعاداولنان وقراينا فرقەلرندن بسقه اوقراينا ترقييروران
209,1,بالاده تعدادالنان اوقراينا فرقەلرندنبشقه «اوقزاك نا ترقييروران,بالاده تعداداولنان اوقراينا فرقەلرندن بشقه «اوقراينا ترقييروران,بالاده تعدادالنان اوقراينا فرقەلرندن بشقه «اوقراينا ترقييروران
209,2,بالاده تعداداولنان اوقراينا فرەلرتدن بشقه اوقرداىنا ترقيييروران,بالاده تعداداولنان اوقراينا فرقەلرندن بشقه «اوقراينا ترقييروران,بالاده تعداد اولنان اوقراينا فرەلرتدن بشقه اوقراينا ترقيييروران
209,3,بالاده تعداداو لنان اوقراينا فرقەلرندن بشقه «اوقرينا ثرقييروزان,بالاده تعداداولنان اوقراينا فرقەلرندن بشقه «اوقراينا ترقييروران,بالاده تعداد اولنان اوقراينا فرقەلرندن بشقه «اوقراينا برقينيروزان
209,4,بالاده تعدىداولان اوقراةينا فقەلرندن ثشقه اوقرايبا ترفييروران,بالاده تعداداولنان اوقراينا فرقەلرندن بشقه «اوقراينا ترقييروران,بالاده تعداد اولان اوقراينا فقەلرندن بشقه اوقراينا ترفييروران
209,5,ىلاده تعغداداولنان اوفراينا فرقەلرندن بسقه «اوقراينا ترييروران,بالاده تعداداولنان اوقراينا فرقەلرندن بشقه «اوقراينا ترقييروران,الاده تعداد اولنان اوقراينا فرقەلرندن بسقه «اوقراينا ترييروران
209,6,بالا ده ن عداداولنان اوقراين ا قرقەلرندن بشقة «اوقراينا تقييروران,بالاده تعداداولنان اوقراينا فرقەلرندن بشقه «اوقراينا ترقييروران,بالا دها عداد اولنان اوقراينا قرقەلرندن بشقه «اوقراينا تقييروران
209,7,بالاده تعداداولتان اوقزانا فرقەلندن بشفه «افوقرىينا ترقييروزان,بالاده تعداداولنان اوقراينا فرقەلرندن بشقه «اوقراينا ترقييروران,بالاده تعداد اولتان اوقراينا فرقەلندن بشفه «افوقراينا ترقييروزان
209,8,بالاده تداداولنان اوقراينى فرقەلرندن بشقة «اوقراينا ترقييرفوران,بالاده تعداداولنان اوقراينا فرقەلرندن بشقه «اوقراينا ترقييروران,بالاده تداد اولنان اوقراينا فرقەلرندن بشقه «اوقراينا ترقييرفوران
209,9,بالاده تعد ادىولنان اقزايثا فزفەلرندن بشقه «اوقرايناترقييروران,بالاده تعداداولنان اوقراينا فرقەلرندن بشقه «اوقراينا ترقييروران,بالاده تعد اداولنان اقزاينا فرقەلرندن بشقه «اوقراينا ترقييروران
209,10,بالادهب تعداداولنات اوقراينا فرقەلرند بشقه «اوقراينا ترقييروران,بالاده تعداداولنان اوقراينا فرقەلرندن بشقه «اوقراينا ترقييروران,بالاده تعداد اولنات اوقراينا فرقەلرنده بشقه «اوقراينا ترقييروران
209,11,بالادهتعداداولنان اوقرىينا قرقەلرندن بشقه «وفراينى ترقييروظران,بالاده تعداداولنان اوقراينا فرقەلرندن بشقه «اوقراينا ترقييروران,بالاده تعداد اولنان اوقراينا قرقەلرندن بشقه «وقراينا ترقيير وظران
209,12,بىلاده ت عداداولنان اوقراينا فرقەلنذسن بشقآه «اوقرينا ترفييرورا,بالاده تعداداولنان اوقراينا فرقەلرندن بشقه «اوقراينا ترقييروران,بالاده تعداد اولنان اوقراينا فرقەلندن بشقه «اوقراينا ترفييرورا
209,13,بالادهتعداداولنانط اوقراينا فرقەلرندن بشق «اوقراينا ترقييروزان,بالاده تعداداولنان اوقراينا فرقەلرندن بشقه «اوقراينا ترقييروران,بالاده تعداد اولنان اوقراينا فرقەلرندن بشق «اوقراينا ترقييروزان
209,14,بىلاذه تعداداولانق اوقراينا فرقەلرندن بسقه «اوقزانا رقييروراي,بالاده تعداداولنان اوقراينا فرقەلرندن بشقه «اوقراينا ترقييروران,بالاده تعداد اولان اوقراينا فرقەلرندن بسقه «اوقرانا رقييروراي»
209,15,بالاده تعداداولنان اوقرانا فرقەلزندن بشقه «اوقرايغنا ترقييروران,بالاده تعداداولنان اوقراينا فرقەلرندن بشقه «اوقراينا ترقييروران,بالاده تعداد اولنان اوقراينا فرقەلرندن بشقه «اوقراينا ترقييروران
209,16,بالاده تغداداولنان اوقراينا فرقەلضرب دن بشفه «اوقراينا ترقيروران,بالاده تعداداولنان اوقراينا فرقەلرندن بشقه «اوقراينا ترقييروران,بالاده تعداد اولنان اوقراينا فرقەلربدن بشفه «اوقراينا ترقيروران
209,17,بالاده تعداداولنان اوقرانى فرق ەلرندن بشق «اوقراينا ترقييروران,بالاده تعداداولنان اوقراينا فرقەلرندن بشقه «اوقراينا ترقييروران,بالاده تعداد اولنان اوقراينا فرقەلرندن بشق «اوقراينا ترقييروران
209,18,بالاده ثعدحاذاولنان اوقراينا فرقەلرندن بشقه «اوقراينا ترقييروران,بالاده تعداداولنان اوقراينا فرقەلرندن بشقه «اوقراينا ترقييروران,بالاده بعداد اولنان اوقراينا فرقەلرندن بشقه «اوقراينا ترقييروران
209,19,بىلادة تعداداولنان اوقراينا رقەلرندن بقشق ه «اوكقرينا ترقييروران,بالاده تعداداولنان اوقراينا فرقەلرندن بشقه «اوقراينا ترقييروران,بالاده تعداد اولنان اوقراينا رقەلرندن بقشقه «اوقراينا ترقييروران
391,0,هیئت استخلاصیهشمدی به قدر صرف ايتديكي غيرتلرك وتشبثلري حقيقغت و عليته تحویل و تفلبی چارەلرینی آنجق و آنجق وسقوف چارلغنك دول متفقه طرقندن زمت هزي متة سرلمسنده كوريور.,هیئت استخلاصیه شمدی به قدر صرف ايتديكي غيرتلرك وتشبثلرك حقيقت و فعلياته تحویل و تقلبی چارەلرینی آنجق و آنجق موسقوف چارلغنك دول متفقه طرقندن زمين هزيمته سرلمسنده كوريور.,هیئت استخلاصیه شمدی به قدر صرف ايتديكي غيرتلرك وتشبثلرى حقيقت و عليته تحویل و تفلبی چارەلرینی آنجق و آنجق وسقوف چارلغنك دول متفقه طرقندن زمت حزيمته سرلمسنده کوريور.
391,1,هیئت سخلاصیة شمدی به فدر صزق ايتديكي غيرتلرك وتشبثلرك حيقت و فعلياته تحویل و تقلبی چارەلرینی آنجق و آنجق موسقوذف چارلغنك دول متفقه طرفبدن زمين هزيمت ه سرلمسنده كوريور.,هیئت استخلاصیه شمدی به قدر صرف ايتديكي غيرتلرك وتشبثلرك حقيقت و فعلياته تحویل و تقلبی چارەلرینی آنجق و آنجق موسقوف چارلغنك دول متفقه طرقندن زمين هزيمته سرلمسنده كوريور.,هیئت سخلاصیه شمدی به فدر صرق ايتديكي غيرتلرك وتشبثلرك حيقت و فعلياته تحویل و تقلبی چارەلرینی آنجق و آنجق موسقودف چارلغنك دول متفقه طرفبدن زمين هزيمته سرلمسنده کوريور.
391,2,هیئت استخلاصیه شمدی به قدر رف ايتدکكي غيرتلرك وتشبثلركج حقيقت و فعلياته تحویل وك تقلبی چارەلزینی آنجق و آنج ق موسف وف چارلغن دول متفقه رقن دن زمين هزيمته سرلمسنده كوريور.,هیئت استخلاصیه شمدی به قدر صرف ايتديكي غيرتلرك وتشبثلرك حقيقت و فعلياته تحویل و تقلبی چارەلرینی آنجق و آنجق موسقوف چارلغنك دول متفقه طرقندن زمين هزيمته سرلمسنده كوريور.,هیئت استخلاصیه شمدی به قدر رف ايتدکيك غيرتلرك وتشبثلرك حقيقت و فعلياته تحویل وك تقلبی چارەلرینی آنجق و آنجق موسف وف چارلغن دول متفقه رقندن زمين حريمته سرلمسنده کوريور.
391,3,هیت استخلاصیه شمدی به قدر صرف ايتدكک غيتلرك وتشبثلرك حقيقت و فعلياته تهویل و تقلبی چاەلرینی آنجق و آنجق موسقوف چارلغنك دول متفقه طرقندنة زمين ةزکمته سرلمسنده كوريور.,هیئت استخلاصیه شمدی به قدر صرف ايتديكي غيرتلرك وتشبثلرك حقيقت و فعلياته تحویل و تقلبی چارەلرینی آنجق و آنجق موسقوف چارلغنك دول متفقه طرقندن زمين هزيمته سرلمسنده كوريور.,هیت استخلاصیه شمدی به قدر صرف ايتدكك غيتلرك وتشبثلرك حقيقت و فعلياته تهویل و تقلبی چاەلرینی آنجق و آنجق موسقوف چارلغنك دول متفقه طرقندنه زمين هزيمته سرلمسنده کوريور.
391,4,هیئت استخلاصیه شمدی به قدر صرف ايتذيكک غيرتلرك وتشبثلر كد حقيفت قعلياته تحویل و تقلبی چارەلریيی نجق و آجقموسوف چارسلغنيذول متفه طرقندن رمين هزيمته سرلمسندة كوركعور.,هیئت استخلاصیه شمدی به قدر صرف ايتديكي غيرتلرك وتشبثلرك حقيقت و فعلياته تحویل و تقلبی چارەلرینی آنجق و آنجق موسقوف چارلغنك دول متفقه طرقندن زمين هزيمته سرلمسنده كوريور.,هیئت استخلاصیه شمدی به قدر صرف ايتديكك غيرتلرك وتشبثلر كده حقيفت قعلياته تحویل و تقلبی چارەلری نجق و آجق موسوف چارسلغنيدول متفه طرقندن رمين هزيمته سرلمسنده كوركور.
391,5,هیئت استخلاصیه سمدی بة قدر صرف ايتديك ي غىرت لر ك وتصشبثلرك حىفت و فعلياتطة تحویل و تقلثی چارەلریتنی آنجق و آنجق موسقوف چارلغنك دول مفقه طرقندن رمين ةزيمتةسرسلمسنده كوريور.,هیئت استخلاصیه شمدی به قدر صرف ايتديكي غيرتلرك وتشبثلرك حقيقت و فعلياته تحویل و تقلبی چارەلرینی آنجق و آنجق موسقوف چارلغنك دول متفقه طرقندن زمين هزيمته سرلمسنده كوريور.,هیئت استخلاصیه سمدی به قدر صرف ايتديك بر غارتلرك وتصشبثلرك حافت و فعلياته تحویل و تقلثی چارەلریتنی آنجق و آنجق موسقوف چارلغنك دول مفقه طرقندن رمين هزيمته سرسلمسنده كوريور.
391,6,هیئت اةستلاصیه شمدی ب قدز صصرف اکتديكيغطيرتلرك وتشبلرك حفيقتو فعلياته تحویل و تقلبکی چارەلرین آنجق و آنجق موشقوف چازلغنك دول مبفقه طرقند زمين هزکمته سرلمسنده كوريور.,هیئت استخلاصیه شمدی به قدر صرف ايتديكي غيرتلرك وتشبثلرك حقيقت و فعلياته تحویل و تقلبی چارەلرینی آنجق و آنجق موسقوف چارلغنك دول متفقه طرقندن زمين هزيمته سرلمسنده كوريور.,هیئت اهستلاصیه شمدی بو قدر صصرف ايتديكي غيرتلرك وتشبلرك حفيقت و فعلياته تحویل و تقلبکی چارەلرین آنجق و آنجق موشقوف چارلغنك دول مبفقه طرقنده زمين حرکمته سرلمسنده کوريور.
391,7,هیئت اسكتخلایهسمدی بهغ ق در رف ايتذيكي غيرثلرك وتشبثلرك حقيقت و فعلياته تحویل وط تقلنی چرەلریىنی آنجق وآنجق مىوقوف چارلغنك دول متففه طضرقندن ميت هزيمته سرلمشنده كوريو.,هیئت استخلاصیه شمدی به قدر صرف ايتديكي غيرتلرك وتشبثلرك حقيقت و فعلياته تحویل و تقلبی چارەلرینی آنجق و آنجق موسقوف چارلغنك دول متفقه طرقندن زمين هزيمته سرلمسنده كوريور.,هیئت استخلایه سمدی به غقر در رف ايتديكي غيرتلرك وتشبثلرك حقيقت و فعلياته تحویل وطتقلنی چرەلرینی آنجق وآنجق ماوقوف چارلغنك دول متففه طرقندن ميت هزيمته سرلمشنده کوريو.
391,8,هیىت اسبخلایآه سمدی ته در صرف يتديكي غيرتلرك وتشبثلرك حقيقت و فعلياته تحویل و تقلبی چارەلرنی آنصج و آ نجق وسق وف چارلغنك دول متفقه طرقندن رمين هزيمته سرلمسنده كوريور.,هیئت استخلاصیه شمدی به قدر صرف ايتديكي غيرتلرك وتشبثلرك حقيقت و فعلياته تحویل و تقلبی چارەلرینی آنجق و آنجق موسقوف چارلغنك دول متفقه طرقندن زمين هزيمته سرلمسنده كوريور.,هیات استخلایه سمدی ته در صرف يتديكي غيرتلرك وتشبثلرك حقيقت و فعلياته تحویل و تقلبی چارەلرنی آنجق و آنجق وسقوف چارلغنك دول متفقه طرقندن رمين هزيمته سرلمسنده کوريور.
391,9,هیئت اشتخلاصیه شمدی بة فدر صرف ايتديكي غيرتلرك وتشبثرك حقيقت و فعلىاته تحویلا و نقلبی چارەلرینی آنجق و آنجق موسقوف چارلغسنك دل متفقه طرقندن زميبن هزيمته سرلمسنده كوريور.,هیئت استخلاصیه شمدی به قدر صرف ايتديكي غيرتلرك وتشبثلرك حقيقت و فعلياته تحویل و تقلبی چارەلرینی آنجق و آنجق موسقوف چارلغنك دول متفقه طرقندن زمين هزيمته سرلمسنده كوريور.,هیئت اشتخلاصیه شمدی به فدر صرف ايتديكي غيرتلرك وتشبثرك حقيقت و فعلياته تحویلا و نقلبی چارەلرینی آنجق و آنجق موسقوف چارلسنك دل متفقه طرقندن زميبن هزيمته سرلمسنده کوريور.
391,10,هیئت استخلاصیة شمدی به قدر صرف ايتديكي غکزتلرك تشبثلركحقيقت و فعياتة تحویل بقلبی چزەلرینی آنجق آنبفموسقوف چىرلغنك دل تفقه طرقندن زمينهزيمته سرلمشندة کوريور.,هیئت استخلاصیه شمدی به قدر صرف ايتديكي غيرتلرك وتشبثلرك حقيقت و فعلياته تحویل و تقلبی چارەلرینی آنجق و آنجق موسقوف چارلغنك دول متفقه طرقندن زمين هزيمته سرلمسنده كوريور.,هیئت استخلاصیه شمدی به قدر صرف ايتديكي غيرتلرك تشبثلرك حقيقت و فعياته تحویل بقلبی چزەلرینی آنجق آنبق موسقوف چارلغنك دل تفقه طرقندن زمينه زيمته سرلمشنده کوريور.
391,11,هئتاشتخلاصیه شمدی به قدر صرف ايتدييي غيريل رك وتشثثلرك حقيفت و فعلياته ندحویلآ و تقلبی چارەلریندی آنجق و آنجق موسققوف چارلغنك دول متفق طرقندن زمين ةزيغمته سرلمسنده كوريو ر.,هیئت استخلاصیه شمدی به قدر صرف ايتديكي غيرتلرك وتشبثلرك حقيقت و فعلياته تحویل و تقلبی چارەلرینی آنجق و آنجق موسقوف چارلغنك دول متفقه طرقندن زمين هزيمته سرلمسنده كوريور.,هئت اشتخلاصیه شمدی به قدر صرف ايتدييك غيريلرك وتشثيلرك حقيفت و فعلياته بدویل و تقلبی چارەلریندی آنجق و آنجق موسقوف چارلغنك دول متفق طرقندن زمين هزيغمته سرلمسنده كوريور.
391,12,هیئتىستخلاصیة شمدی به قدر صرف اکتدکكي غيجرتلرك وتشتلرك حقيت و فعليته تحویل و تقلبی چىرەلرینی آنجق وآنجق موسقف چتارلنك دول متقه رقندن زمنهزيمته سرلمسنده ك ورو.,هیئت استخلاصیه شمدی به قدر صرف ايتديكي غيرتلرك وتشبثلرك حقيقت و فعلياته تحویل و تقلبی چارەلرینی آنجق و آنجق موسقوف چارلغنك دول متفقه طرقندن زمين هزيمته سرلمسنده كوريور.,هیئت استخلاصیه شمدی به قدر صرف ايتدکيك غيرتلرك وتشتلرك حقيت و فعليته تحویل و تقلبی چارەلرینی آنجق وآنجق موسقف چتارلنك دول متقه رقندن زمنه زيمته سرلمسنده كورو.
391,13,هیئت استخلاصیه شمشذی به قدر صرف ايتديكي عرتلرك وتشبثلرك حقيقت و فعلياته تحویل و ت قلبی چارە لرینی آنجق و آنجق موسقوفچارلغنك دول متققه طرقندنزمين هريمتة سرلمسنإدهغ كوريور.,هیئت استخلاصیه شمدی به قدر صرف ايتديكي غيرتلرك وتشبثلرك حقيقت و فعلياته تحویل و تقلبی چارەلرینی آنجق و آنجق موسقوف چارلغنك دول متفقه طرقندن زمين هزيمته سرلمسنده كوريور.,هیئت استخلاصیه شمشدی به قدر صرف ايتديكي عرتلرك وتشبثلرك حقيقت و فعلياته تحویل و تقلبی چارەلرینی آنجق و آنجق موسقوف چارلغنك دول متققه طرقندن زمين هريمته سرلمسنده كوريور.
391,14,هیئت استخلاصیه شمدی به قدر صرف ايتديكي غيرتلرك وتشنثلرك حقىفت و فعلياته تحویل وتقلبی چارەلرینی آنجق و آنجق موسققوف چارلغنك دو متفقه طرفندن زين هزيمته سرلمسنده كوريور.,هیئت استخلاصیه شمدی به قدر صرف ايتديكي غيرتلرك وتشبثلرك حقيقت و فعلياته تحویل و تقلبی چارەلرینی آنجق و آنجق موسقوف چارلغنك دول متفقه طرقندن زمين هزيمته سرلمسنده كوريور.,هیئت استخلاصیه شمدی به قدر صرف ايتديكي غيرتلرك وتشنيلرك حقافت و فعلياته تحویل وتقلبی چارەلرینی آنجق و آنجق موسقوف چارلغنك دو متفقه طرفندن زين هزيمته سرلمسنده کوريور.
391,15,هیئقت استخلاصیه شمدی ب قدر صرف ايتدييي غيزتلرك وتشنث لري حقيقت و فعليهته تحویل و تقلبی چرەلرینی آنجق وآنخق موسقو چىرلغنك دول متفقه طرقندن زميث هزيمثة سرلمسنذه كوريوز.,هیئت استخلاصیه شمدی به قدر صرف ايتديكي غيرتلرك وتشبثلرك حقيقت و فعلياته تحویل و تقلبی چارەلرینی آنجق و آنجق موسقوف چارلغنك دول متفقه طرقندن زمين هزيمته سرلمسنده كوريور.,هیئقت استخلاصیه شمدی بو قدر صرف ايتدييك غيرتلرك وتشننلرك حقيقت و فعليهته تحویل و تقلبی چرەلرینی آنجق وآنخق موسقو چارلغنك دول متفقه طرقندن زمين هزيمنه سرلمسنده كوريور.
391,16,هیئ اشتخلاصیه شمدی به قذر صرف ايتديكي غيرتلرک وتشبثلرك حقيقت و فعلياته تحویل و تقلبی چارەلرینی آنجق و آنجق موشفوف چارلغنك دول متفقه طرقندت زمين هريمته سرلمسندهكوريور.,هیئت استخلاصیه شمدی به قدر صرف ايتديكي غيرتلرك وتشبثلرك حقيقت و فعلياته تحویل و تقلبی چارەلرینی آنجق و آنجق موسقوف چارلغنك دول متفقه طرقندن زمين هزيمته سرلمسنده كوريور.,هیئ اشتخلاصیه شمدی به قدر صرف ايتديكي غيرتلرك وتشبثلرك حقيقت و فعلياته تحویل و تقلبی چارەلرینی آنجق و آنجق موشفوف چارلغنك دول متفقه طرقندن زمين هريمته سرلمسنده كوريور.
391,17,هیئت استخلاصیه شمدی بهقدر صرف ايتديكي يرلرك وتشبنلرك حق يقت و فغلياته تحویل و تقلبی چارەل ریيی آنجق و آنجق موسقوف چارل غنك ل متفقهطرقثدن رمين هزيمته سرلمسنده كوريور.,هیئت استخلاصیه شمدی به قدر صرف ايتديكي غيرتلرك وتشبثلرك حقيقت و فعلياته تحویل و تقلبی چارەلرینی آنجق و آنجق موسقوف چارلغنك دول متفقه طرقندن زمين هزيمته سرلمسنده كوريور.,هیئت استخلاصیه شمدی به قدر صرف ايتديكييرلرك وتشبنلرك حق يقت و فعلياته تحویل و تقلبی چارەلری آنجق و آنجق موسقوف چارلغنك لمتفقه طرقندن رمين هزيمته سرلمسنده کوريور.
391,18,هیئت استخلاصیه شمذی به قدر صرق ايتديكي غيرتلرک وإتشبثلرك هقيقت و فعلياته تحویل و تقلبی چارەلزینی آنجق و آنجق موسفوف چارلغنك دصولثمتفقه طرقندب مي زيمته سرلمسنده كوريورف.,هیئت استخلاصیه شمدی به قدر صرف ايتديكي غيرتلرك وتشبثلرك حقيقت و فعلياته تحویل و تقلبی چارەلرینی آنجق و آنجق موسقوف چارلغنك دول متفقه طرقندن زمين هزيمته سرلمسنده كوريور.,هیئت استخلاصیه شمدی به قدر صرق ايتديكي غيرتلرك وتشبثلرك هقيقت و فعلياته تحویل و تقلبی چارەلرینی آنجق و آنجق موسفوف چارلغنك دصول متفقه طرقندن ميزيمته سرلمسنده کوريورف.
391,19,هیئت استل اصیه شمدی به قدز صرف ايتديكي غيرتلرك وتشبيليرك حقيقت وفعلياته تحویل و تقلبی چارەلرینی آنجق و آنجق موسقوف چارلغن ك دول متفقة طرقندن زمين هريمته سرلمسنده كوريور.,هیئت استخلاصیه شمدی به قدر صرف ايتديكي غيرتلرك وتشبثلرك حقيقت و فعلياته تحویل و تقلبی چارەلرینی آنجق و آنجق موسقوف چارلغنك دول متفقه طرقندن زمين هزيمته سرلمسنده كوريور.,هیئت استلاصیه شمدی به قدر صرف ايتديكي غيرتلرك وتشبيليرك حقيقت وفعلياته تحویل و تقلبی چارەلرینی آنجق و آنجق موسقوف چارلغنك دول متفقه طرقندن زمين حريمته سرلمسنده کوريور.
193,0,١٩٠٢ سنەسنده او فره من اقصىی يمين هزبيآبيريلەرق «اوقرىين ملت فرقە شی» نایا مستقل بر پارتی ضورتنده بشک ایلدی.,١٩٠٢ سنەسنده او فرقه من اقصای يمين حزبي آبيريلەرق «اوقراينا ملت فرقەسی» نامیاه مستقل بر پارتی صورتنده تشکل ایلدی.,١٩٠٢ سنەسنده او فره مناقصای يمين هزبي بيريلەرق «اوقراينا ملت فرقەسی» نایا مستقل بر پارتی صورتنده بشك ایلدی.
193,1,١٩٠٢ سن ەسندة او فزقه من اقص ای يمين حربي آبيريلەرق «اوقزاين ملب فرقەشی» نا مظیاه مستقل بر پارتی صورتنده تشکل ایلدی.,١٩٠٢ سنەسنده او فرقه من اقصای يمين حزبي آبيريلەرق «اوقراينا ملت فرقەسی» نامیاه مستقل بر پارتی صورتنده تشکل ایلدی.,١٩٠٢ سنەسنده او فرقه مناقص ایتمين حربي آبيريلەرق «اوقراينا ملب فرقەسی» نا مظیاه مستقل بر پارتی صورتنده تشکل ایلدی.
193,2,١٩٠٢ سنە شنده او فرقه من افصای يمين حزني آبيريلەرق «اوقرىين ملت فرقەسی» نامی اه ستقل بر پارتی صورتندة تشکل ایلدی.,١٩٠٢ سنەسنده او فرقه من اقصای يمين حزبي آبيريلەرق «اوقراينا ملت فرقەسی» نامیاه مستقل بر پارتی صورتنده تشکل ایلدی.,١٩٠٢ سنەسنده او فرقه منافصای يمين حزنك آبيريلەرق «اوقراينا ملت فرقەسی» نامی اهستقل بر پارتی صورتنده تشکل ایلدی.
193,3,٩٠٢ سنەسدة ىو فزقه من اقصای يمين حزبي آبيريلەرق «اوقراينا ملت فرقەسی» نامیاطه مستفل بر پارتی صورتنثده تشکل ایلدی,١٩٠٢ سنەسنده او فرقه من اقصای يمين حزبي آبيريلەرق «اوقراينا ملت فرقەسی» نامیاه مستقل بر پارتی صورتنده تشکل ایلدی.,٩٠٢ سنەسده او فرقه مناقصای يمين حزبي آبيريلەرق «اوقراينا ملت فرقەسی» نامیاطه مستفل بر پارتی صورتنده تشکل ایلدی.
193,4,١٩٠٢ سنە سندة او فرقه من اقصای يمكن ح زبي آبىريلەغرق «اوقراينا ملت فأ رقەس» نامیا مستقل بر پارتی صورتنده تشکل ایلدی.ف,١٩٠٢ سنەسنده او فرقه من اقصای يمين حزبي آبيريلەرق «اوقراينا ملت فرقەسی» نامیاه مستقل بر پارتی صورتنده تشکل ایلدی.,١٩٠٢ سنەسنده او فرقه مناقصای يمكن حزبي آباريلەغرق «اوقراينا ملت فرقەس» نامیا مستقل بر پارتی صورتنده تشکل ایلدی.
193,5,١٩٠٢ سنەسنده او فرقه من اقصای يين حزبي آييکريلەق «اوقراينا ملت فرفەسی» نامیاه مستفل بر پاارتی صورتنده تشكل ایلدی.,١٩٠٢ سنەسنده او فرقه من اقصای يمين حزبي آبيريلەرق «اوقراينا ملت فرقەسی» نامیاه مستقل بر پارتی صورتنده تشکل ایلدی.,١٩٠٢ سنەسنده او فرقه مناقصای يين حزبي آيييريلەق «اوقراينا ملت فرقەسی» نامیاه مستفل بر پارتی صورتنده تشکل ایلدی.
193,6,١٩٠٢ سنەسنده او فزقه مث اقصای كين حربي آبي ريلەر «اوقراينا ملت فرقەسی» نىمیاه مستقل بر پارتی صورتبنده تشکل ایلدی.,١٩٠٢ سنەسنده او فرقه من اقصای يمين حزبي آبيريلەرق «اوقراينا ملت فرقەسی» نامیاه مستقل بر پارتی صورتنده تشکل ایلدی.,١٩٠٢ سنەسنده او فرقه مثاقصای كين حربي آبيريلەر «اوقراينا ملت فرقەسی» نامیاه مستقل بر پارتی صورتبنده تشکل ایلدی.
193,7,١٩٢ سنەسنده او فرقه من اقصای يمين حزبي آبيريلەرق «اوقراينا ملت فرقەسی» نامیاه مستل بر پارتی صورتنده بشکل ایلدی.,١٩٠٢ سنەسنده او فرقه من اقصای يمين حزبي آبيريلەرق «اوقراينا ملت فرقەسی» نامیاه مستقل بر پارتی صورتنده تشکل ایلدی.,١٩٢ سنەسنده او فرقه مناقصای يمين حزبي آبيريلەرق «اوقراينا ملت فرقەسی» نامیاه مستل بر پارتی صورتنده بشکل ایلدی.
193,8,١٩٠٢ سنەسندهاو فره من اقصىی يمين حزبي آبيريلەرف «اوقراينا ملت فرقەسی»نامیاه مستقل بر پارتی صورتنده تشکل ایلدی.,١٩٠٢ سنەسنده او فرقه من اقصای يمين حزبي آبيريلەرق «اوقراينا ملت فرقەسی» نامیاه مستقل بر پارتی صورتنده تشکل ایلدی.,١٩٠٢ سنەسنده او فره مناقصای يمين حزبي آبيريلەرف «اوقراينا ملت فرقەسی» نامیاه مستقل بر پارتی صورتنده تشکل ایلدی.
193,9,١٩٠٢ سنەنده او فرقه ن اقصای يمي هزبي آبيريلصەرق «ىوقاينا ملت فرقەسی» نامیاه مستقل بر پارتی صورتنده تشکل ا یلی.,١٩٠٢ سنەسنده او فرقه من اقصای يمين حزبي آبيريلەرق «اوقراينا ملت فرقەسی» نامیاه مستقل بر پارتی صورتنده تشکل ایلدی.,١٩٠٢ سنەنده او فرقه ناقصای يمك هزبي آبيريلرەرق «اوقراينا ملت فرقەسی» نامیاه مستقل بر پارتی صورتنده تشکل ایلی.
193,10,١٩٠٢ سنضەسند ه او قرقهت من افصای ىمين هزبي آبيريلەيرق «اوقرايا ملت فرفەسی» نامیاه مستقل بر پارتی صورتنده تشکل ایلدی.,١٩٠٢ سنەسنده او فرقه من اقصای يمين حزبي آبيريلەرق «اوقراينا ملت فرقەسی» نامیاه مستقل بر پارتی صورتنده تشکل ایلدی.,١٩٠٢ سنەسنده او قرقه منافصای امين هزبي آبيريلەيرق «اوقراينا ملت فرقەسی» نامیاه مستقل بر پارتی صورتنده تشکل ایلدی.
193,11,١٩٠٢ سبەسنده ا فرقه من اقصای مين حزيي آبيريلرق «اوقرىنا ملت فرقەشقی» نامیىهس مستقل تر پاربی صوربنده تشکل ایلدی.,١٩٠٢ سنەسنده او فرقه من اقصای يمين حزبي آبيريلەرق «اوقراينا ملت فرقەسی» نامیاه مستقل بر پارتی صورتنده تشکل ایلدی.,١٩٠٢ سبەسنده افرقه مناقصای مين حزين آبيريلرق «اوقرانا ملت فرقەسی» نامیاه مستقل تر پاربی صوربنده تشکل ایلدی.
193,12,١٩٠٢ سنەستده او فرقه مي اقصىی يميىن حزبي آبيريلەرق «اوقراينا ملتفرقەتسی» نامیاه مستق ل برپارتی صور تثده تجشيل ایلدی.,١٩٠٢ سنەسنده او فرقه من اقصای يمين حزبي آبيريلەرق «اوقراينا ملت فرقەسی» نامیاه مستقل بر پارتی صورتنده تشکل ایلدی.,١٩٠٢ سنەستده او فرقه مناقصای يميان حزبي آبيريلەرق «اوقراينا ملتفرقەتسی» نامیاه مستقل برپارتی صور تثده تجشيل ایلدی.
193,13,١٩٠٢ سنەسده او فرقه من اقصای يين حزبي آبيريضلەرق « اوقراينا ملت فرقەسی» نامیا مسق بز پىرتی صورند تشکل ایلذی.,١٩٠٢ سنەسنده او فرقه من اقصای يمين حزبي آبيريلەرق «اوقراينا ملت فرقەسی» نامیاه مستقل بر پارتی صورتنده تشکل ایلدی.,١٩٠٢ سنەسده او فرقه مناقصای يين حزبي آبيريلەرق «اوقراينا ملت فرقەسی» نامیا مسق بر پارتی صورنده تشکل ایلدی.
193,14,١٩٠٢ س نەسنده او فرقآة من ا قصای يمين حزبي ابيريل ەرق «عاوقراينا ملت فرقەشی» نامیاه مشتق ب پارتی صورتنده تشکل ایلدی.,١٩٠٢ سنەسنده او فرقه من اقصای يمين حزبي آبيريلەرق «اوقراينا ملت فرقەسی» نامیاه مستقل بر پارتی صورتنده تشکل ایلدی.,١٩٠٢ سنەسنده او فرقه مناقصای يمين حزبي ابيريلەرق «عاوقراينا ملت فرقەسی» نامیاه مشتقب پارتی صورتنده تشکل ایلدی.
193,15,١٩٠٢ شنەسنده او فرقه من افصای يمين حربي آبيريلەرق «اوفراينا لت رقەسی» نایاه مستقل بر پارتی صورتنده تشکل ایلدی.,١٩٠٢ سنەسنده او فرقه من اقصای يمين حزبي آبيريلەرق «اوقراينا ملت فرقەسی» نامیاه مستقل بر پارتی صورتنده تشکل ایلدی.,١٩٠٢ سنەسنده او فرقه منافصای يمين حربي آبيريلەرق «اوقراينالت رقەسی» نایاه مستقل بر پارتی صورتنده تشکل ایلدی.
193,16,١٩٠٢ سنەسنذهص او فرقه من اقصای مين حزبي آيريلەرق «اوقراينا ملت فرقەسی» نامسیاه مستلبر پار تی صورتندد ه تشکل ایلدی.,١٩٠٢ سنەسنده او فرقه من اقصای يمين حزبي آبيريلەرق «اوقراينا ملت فرقەسی» نامیاه مستقل بر پارتی صورتنده تشکل ایلدی.,١٩٠٢ سنەسنده او فرقه مناقصای مين حزبي آيريلەرق «اوقراينا ملت فرقەسی» نامسیاه مستلبر پارتی صورتنده تشکل ایلدی.
193,17,١٩٠٢ سنەسده انو فرقه من اقصای يمينا حزبي آبريلەرق «اوقراذكنا ملت فرقەسی» نىمیاه مستقل بر پارتی صورتندة تشکل ایلدی.,١٩٠٢ سنەسنده او فرقه من اقصای يمين حزبي آبيريلەرق «اوقراينا ملت فرقەسی» نامیاه مستقل بر پارتی صورتنده تشکل ایلدی.,١٩٠٢ سنەسده انوف فرقه مناقصای يمينا حزبي آبريلەرق «اوقراينا ملت فرقەسی» نامیاه مستقل بر پارتی صورتنده تشکل ایلدی.
193,18,١ة٩٠٢ سنەسيده او فره من اقصای يمين هربي آنکريلەرق «اوقراينا ملت فرقەسی» نامیاه مستقل بر پارتی صوزرتنده تشکل ایلدی.,١٩٠٢ سنەسنده او فرقه من اقصای يمين حزبي آبيريلەرق «اوقراينا ملت فرقەسی» نامیاه مستقل بر پارتی صورتنده تشکل ایلدی.,١٩٠٢ سنەسيده او فره مناقصای يمين هربي آنيريلەرق «اوقراينا ملت فرقەسی» نامیاه مستقل بر پارتی صورتنده تشکل ایلدی.
193,19,١٩٠٢ سنەسنده ىو فرقه من اقصای ييحزبي آبيريلەرق «اوقراينا ملت فرقەسی» يامیاه مستقلب پارتی ضورتند تشکل ىیلدی.,١٩٠٢ سنەسنده او فرقه من اقصای يمين حزبي آبيريلەرق «اوقراينا ملت فرقەسی» نامیاه مستقل بر پارتی صورتنده تشکل ایلدی.,١٩٠٢ سنەسنده او فرقه مناقصای ييحزبي آبيريلەرق «اوقراينا ملت فرقەسی» يامیاه مستقلب پارتی صورتنده تشکل ایلدی.
231,0,ه ر شيئك قيمتي اساسلی بر صورندەده کیشذی.,هر شيئك قيمتى اساسلی بر صورندەده کیشدی.,هر شيئك قيمتى اساسلی بر صورندەده کیشدی.
231,1,هر شيئك قيمتى استاسلی بر صورندەده کیشدی.,هر شيئك قيمتى اساسلی بر صورندەده کیشدی.,هر شيئك قيمتى استاسلی بر صورندەده کیشدی.
231,2,ه شيئك قکمتى اساسلی بر صورنذەدة کیشذی.,هر شيئك قيمتى اساسلی بر صورندەده کیشدی.,ه سيئك قکمتى اساسلی بر صورندەده کیشدی.
231,3,ة ر شيئك قيمتى اس اسلی بر صورندەده کیشدی.,هر شيئك قيمتى اساسلی بر صورندەده کیشدی.,حر شيئك قيمتى اساسلی بر صورندەده کیشدی.
231,4,هر شيئك قىمتي ىساسلی تر صوزندەده کیشذی.,هر شيئك قيمتى اساسلی بر صورندەده کیشدی.,هر شيئك قامتي اساسلی تر صورندەده کیشدی.
231,5,هر شکئك قيمتى اساسلی بر صورتدەده کیشدیى.,هر شيئك قيمتى اساسلی بر صورندەده کیشدی.,هر شکئك قيمتى اساسلی بر صورتدەده کیشدی.
231,6,هر شيئك قيمتى اساسلی ر صورندذەده كشدی.,هر شيئك قيمتى اساسلی بر صورندەده کیشدی.,هر شيئك قيمتى اساسلی ر صورندەده كشدی.
231,7,هر شيئك قيمتى اساسلی بر صورندەده کیشدی.,هر شيئك قيمتى اساسلی بر صورندەده کیشدی.,هر شيئك قيمتى اساسلی بر صورندەده کیشدی.
231,8,هر شيئك قيمتى اساسلی بر صورنثدەد کیشی.,هر شيئك قيمتى اساسلی بر صورندەده کیشدی.,هر شيئك قيمتى اساسلی بر صورندەده کیسی.
231,9,هر شيئك قيمتى اساسی بز صورندەده کیشدی.,هر شيئك قيمتى اساسلی بر صورندەده کیشدی.,هر شيئك قيمتى اساسی بر صورندەده کیشدی.
231,10,هر شيئك قيمتا اساسلی بر صورندەدة کیشدی.,هر شيئك قيمتى اساسلی بر صورندەده کیشدی.,هر شيئك قيمت اساسلی بر صورندەده کیشدی.
231,11,هر شيئك قکمتى اساسلی بر ورندە ده کیشدی.,هر شيئك قيمتى اساسلی بر صورندەده کیشدی.,هر شيئك قکمتى اساسلی بر ورندەده کیشدی.
231,12,هر شيئك قيمتى اساسلی بر صوردەدثهکیشدی.,هر شيئك قيمتى اساسلی بر صورندەده کیشدی.,هر شيئك قيمتى اساسلی بر صوردەده کیشدی.
231,13,هر شيئك قيمت اساسلی ر صهوأزندەده کیشدی.ي,هر شيئك قيمتى اساسلی بر صورندەده کیشدی.,هر شيئك قيمت اساسلی ر صهورندەده کیشدی.
231,14,هر سيئك قيمتى اسسلی بر صورندەده کیشدی.,هر شيئك قيمتى اساسلی بر صورندەده کیشدی.,هر سيئك قيمتى اسسلی بر صورندەده کیشدی.
231,15,هر شيئك قىمتى اساسلی نر صورندەده کیشدی.,هر شيئك قيمتى اساسلی بر صورندەده کیشدی.,هر شيئك قامتى اساسلی نر صورندەده کیشدی.
231,16,هر شيئك قيمتيى ىشاسل ی بر صورندەده کیشدی.,هر شيئك قيمتى اساسلی بر صورندەده کیشدی.,هر شيئك قيمتيى اشاسلی بر صورندەده کیشدی.
231,17,هر شيئكقيمت ى اساسلی بر صورندەده کیشدی.,هر شيئك قيمتى اساسلی بر صورندەده کیشدی.,هر شيئك قيمتى اساسلی بر صورندەده کیشدی.
231,18,هر کئك قيمتى اساسلی بر صوزندەده کیشدی.,هر شيئك قيمتى اساسلی بر صورندەده کیشدی.,هر کئك قيمتى اساسلی بر صورندەده کیشدی.
231,19,هرى شيئك قيمتى اساسلی بر صورندەده کیشدی.,هر شيئك قيمتى اساسلی بر صورندەده کیشدی.,هرى سيئك قيمتى اساسلی بر صورندەده کیشدی.
262,0,واقعاج، قوليشقویسکی، آنطونوویچ و ائرەکی اوقراينى جمات خادلرينك غاليچىا اوقرانالیلیله اولان مناسباتى ذراغومانوفدن دها اول باسلامشدی؛,واقعا، قوليش قونیسکی، آنطونوویچ و سائرەکی اوقراينا جماعت خادملرينك غاليچيا اوقراینالیلریله اولان مناسباتى دراغومانوفدن دها اول باشلامشدی؛,واقعاج، قوليشقویسکی، آنطونوویچ و ائرەکی اوقراينا جمات خادلرينك غاليچا اوقرانالیلیله اولان مناسباتى ذراغومانوفدن دها اول باسلامشدی؛
262,1,وقعا، قوليش قونیسکی، آنطونووبیچ و سائرەکحی اوق زايسنا جماعت جادملزينك غىليچا اوراینالیلزیل ه اولان مناباتى دراغوماثوفدن دها اول باشلامشذی؛,واقعا، قوليش قونیسکی، آنطونوویچ و سائرەکی اوقراينا جماعت خادملرينك غاليچيا اوقراینالیلریله اولان مناسباتى دراغومانوفدن دها اول باشلامشدی؛,وقعا، قوليش قونیسکی، آنطونووبیچ و سائرەکی اوقراينا جماعت جادملرينك غاليچا اوراینالیلریله اولان مناباتى دراغومانوفدن دها اول باشلامشدی؛
262,2,واقعا، قولکش قونیسکی،ر آنطونوویچ و سائرەکی اوقراينا جماعت خاذملرين غاليچيا اوقراینالیلریله اوثلان مناسبات درازغومانوفدن دها اول باشلامشدی؛,واقعا، قوليش قونیسکی، آنطونوویچ و سائرەکی اوقراينا جماعت خادملرينك غاليچيا اوقراینالیلریله اولان مناسباتى دراغومانوفدن دها اول باشلامشدی؛,واقعا، قوليش قونیسکی، رآنطونوویچ و سائرەکی اوقراينا جماعت خادملرين غاليچيا اوقراینالیلریله اولان مناسبات درارغومانوفدن دها اول باشلامشدی؛
262,3,اقعا، قولکش قونیسکی، انطونوویچ و سائرەکی اوقراينا جماعت خادملرينك غالىچيا اوقراینىلیلریله اولح ان مناسباتى دراعمانوفدن دها اول باشلامشدی؛,واقعا، قوليش قونیسکی، آنطونوویچ و سائرەکی اوقراينا جماعت خادملرينك غاليچيا اوقراینالیلریله اولان مناسباتى دراغومانوفدن دها اول باشلامشدی؛,اقعا، قوليش قونیسکی، انطونوویچ و سائرەکی اوقراينا جماعت خادملرينك غالاچيا اوقراینالیلریله اولحان مناسباتى دراعمانوفدن دها اول باشلامشدی؛
262,4,واقعا، قوليش قونیسکی، آنطوبوویچ و شائةرەکی اوقزاينا جماعت خادملرأينك غ اليچيا اوقراینالیلریله اولان منابطاتى دراغمنوفدن دصها اول باشلامشدی؛,واقعا، قوليش قونیسکی، آنطونوویچ و سائرەکی اوقراينا جماعت خادملرينك غاليچيا اوقراینالیلریله اولان مناسباتى دراغومانوفدن دها اول باشلامشدی؛,واقعا، قوليش قونیسکی، آنطوبوویچ و شائرەکی اوقراينا جماعت خادملرينك غاليچيا اوقراینالیلریله اولان منابطاتى دراغمنوفدن دها اول باشلامشدی؛
262,5,وقعا، فوليش قونیسکی، آنطونبوویچ و سىئرەکی اوقراينا جمىعت حادملرينك غاليچيا اوقرینالیلریله اولان مناسباتى دراغومابوفدث دها ىول باشلامشد,واقعا، قوليش قونیسکی، آنطونوویچ و سائرەکی اوقراينا جماعت خادملرينك غاليچيا اوقراینالیلریله اولان مناسباتى دراغومانوفدن دها اول باشلامشدی؛,وقعا، فوليش قونیسکی، آنطون بوویچ و سائرەکی اوقراينا جماعت حادملرينك غاليچيا اوقراینالیلریله اولان مناسباتى دراغوما بوفدن دها اول باشلامشدر.
262,6,واقعا، ق وليش قونیسکی،نطون وویچ وسارەکی اقراين ا جماعت خىدملرينك غليچكا اوقراینالیلرله اولان مناسباتى دراعومانوفدن ده اول بالامشذ؛,واقعا، قوليش قونیسکی، آنطونوویچ و سائرەکی اوقراينا جماعت خادملرينك غاليچيا اوقراینالیلریله اولان مناسباتى دراغومانوفدن دها اول باشلامشدی؛,واقعا، قوليش قونیسکی، نطون وویچ وسارەکی اقراينا جماعت خادملرينك غليچك اوقراینالیلرله اولان مناسباتى دراعومانوفدن ده اول بالامشد؛
262,7,واقعا، قوليش قونیسکی، آنظونوویچ و سائرەکی اوقراينا جماعت خادملرينك غاهليچيا اوقراینالیلرعیله اول ان مناسبىتى دراغومانوفدن دهااول باشلامشدی؛,واقعا، قوليش قونیسکی، آنطونوویچ و سائرەکی اوقراينا جماعت خادملرينك غاليچيا اوقراینالیلریله اولان مناسباتى دراغومانوفدن دها اول باشلامشدی؛,واقعا، قوليش قونیسکی، آنون وویچ و سائرەکی اوقراينا جماعت خادملرينك غاليچيا اوقراینالیلریله اولان مناسباتى دراغومانوفدن دها اول باشلامشدی؛
262,8,وىقعان، قوليش قونیسکی، آنطونوویچ و سائ رەکيی ىوقراينا جماعن خادملرينك غاليچيا اوراینالیلریله اولان مناسباتى دزاغومىنوفدن ده ا اول باشلامس دی؛,واقعا، قوليش قونیسکی، آنطونوویچ و سائرەکی اوقراينا جماعت خادملرينك غاليچيا اوقراینالیلریله اولان مناسباتى دراغومانوفدن دها اول باشلامشدی؛,واقعان، قوليش قونیسکی، آنطونوویچ و سائرەکيی اوقراينا جماعن خادملرينك غاليچيا اوراینالیلریله اولان مناسباتى دراغومانوفدن ده اول باشلامسدی؛
262,9,واقعا، ق وليش قونیسکی، آنطونوویچ و سىئرەکی اوقرايناجمات خادمهلرنك غاليچي ا وقرایناخلیلریله اولان منسناتى دراغوم انوفدن دها اول باشلامشدی؛,واقعا، قوليش قونیسکی، آنطونوویچ و سائرەکی اوقراينا جماعت خادملرينك غاليچيا اوقراینالیلریله اولان مناسباتى دراغومانوفدن دها اول باشلامشدی؛,واقعا، قوليش قونیسکی، آنطونوویچ و سائرەکی اوقرايناجمات خادمهلرنك غاليچي اوقرایناخلیلریله اولان منسناتى دراغوم انوفدن دها اول باشلامشدی؛
262,10,واقعا، قولش قونیسکی، آتطونووچ و سائرەکی اوقراينفا حماعت حىدملرينك عاليچيا اوقراینالیلریله اولان مناسباتى درىغومانوفدن دها اول باشلامش دی؛,واقعا، قوليش قونیسکی، آنطونوویچ و سائرەکی اوقراينا جماعت خادملرينك غاليچيا اوقراینالیلریله اولان مناسباتى دراغومانوفدن دها اول باشلامشدی؛,واقعا، قولش قونیسکی، آتونووچ و سائرەکی اوقراينا حماعت حادملرينك عاليچيا اوقراینالیلریله اولان مناسباتى دراغومانوفدن دها اول باشلامشدی؛
262,11,واعا، قوليس ونیسكی، آنطونوو یچ و سائرەکی اوقراين جماعت خادملرينك غاليچىا او قراینالیلریلة اولان مناسباتى دراغومانوفدن دها اول باسلامشدی؛,واقعا، قوليش قونیسکی، آنطونوویچ و سائرەکی اوقراينا جماعت خادملرينك غاليچيا اوقراینالیلریله اولان مناسباتى دراغومانوفدن دها اول باشلامشدی؛,واعا، قوليس ونیسکی، آنطونوو یچ و سائرەکی اوقراينا جماعت خادملرينك غاليچا او قراینالیلریله اولان مناسباتى دراغومانوفدن دها اول باسلامشدی؛
262,12,وىقعا، وليشقونیسکی، آثطونوویچ و سازەکی اوقراينا جما عت خادملينك غاليچيا اوقرانالیلریله اولان مناسبابى دراعومىنوفدن دها اول ناشامشدی؛,واقعا، قوليش قونیسکی، آنطونوویچ و سائرەکی اوقراينا جماعت خادملرينك غاليچيا اوقراینالیلریله اولان مناسباتى دراغومانوفدن دها اول باشلامشدی؛,واقعا، وليشقونیسکی، آثونوویچ و سارەکی اوقراينا جماعت خادملينك غاليچيا اوقرانالیلریله اولان مناسبابى دراعومانوفدن دها اولناشامشدی؛
262,13,وىقذعا،فولي قونیسکی، آ نطونوویچ و سئرەکی اوقراينا جماعت خادملرينك غاليچيا ىوقزایثالیلریله اولان مناسباتى دراغومانوقدن د اول باشلىمشدی؛,واقعا، قوليش قونیسکی، آنطونوویچ و سائرەکی اوقراينا جماعت خادملرينك غاليچيا اوقراینالیلریله اولان مناسباتى دراغومانوفدن دها اول باشلامشدی؛,واقدا، فولي قونیسکی، آنطونوویچ و سئرەکی اوقراينا جماعت خادملرينك غاليچيا اوقراینالیلریله اولان مناسباتى دراغومانوقدن داول باشلامشدی؛
262,14,واقعا، قوليش ونیسکی، آنطونوویچ و شائرەکی اوراينا جماعت خاذملرينك غاليچيا اوقرینا لیلریله اولان مناسباتزى دراغومانوفذن دها اول باشلامدی؛,واقعا، قوليش قونیسکی، آنطونوویچ و سائرەکی اوقراينا جماعت خادملرينك غاليچيا اوقراینالیلریله اولان مناسباتى دراغومانوفدن دها اول باشلامشدی؛,واقعا، قوليش ونیسکی، آنطونوویچ و شائرەکی اوراينا جماعت خادملرينك غاليچيا اوقراینالیلریله اولان مناسباترى دراغومانوفدن دها اول باشلامدی؛
262,15,واقعى قوليش قونیسسکی، آنطونوویچ و سائرەی اقرأاينا جماعت خادملرينک غاليچخيا اوقراین الیلریله اولان مناسباتى دزاغومانوفدن دها ىو ل بساشلامشدی؛,واقعا، قوليش قونیسکی، آنطونوویچ و سائرەکی اوقراينا جماعت خادملرينك غاليچيا اوقراینالیلریله اولان مناسباتى دراغومانوفدن دها اول باشلامشدی؛,واقعى قوليش قونیسکی، آنطونوویچ و سائرەی اوقراينا جماعت خادملرينك غاليچيا اوقراینالیلریله اولان مناسباتى دراغومانوفدن دها اول بساشلامشدی؛
262,16,واقعا، قوليش قونیسکی،آنونوویچ و سائرەکی اوقرايثا جماعت خادملرينك غاليچيا اوقراینالیلریله اولان مناسباتى دراغومانو فدن دهاص ىول باشلامشدی,واقعا، قوليش قونیسکی، آنطونوویچ و سائرەکی اوقراينا جماعت خادملرينك غاليچيا اوقراینالیلریله اولان مناسباتى دراغومانوفدن دها اول باشلامشدی؛,واقعا، قوليش قونیسکی، آنونوویچ و سائرەکی اوقراينا جماعت خادملرينك غاليچيا اوقراینالیلریله اولان مناسباتى دراغومانوفدن دها اول باشلامشدی.
262,17,واقع، قولىش قونیسيی آنطونووچ سائرەکی اوقراينا جماعت خادملرينك غاليچيا اوتقكراینالیریله اولان مناسباتى درىغومانوفدن دها اول باشلامشدی؛,واقعا، قوليش قونیسکی، آنطونوویچ و سائرەکی اوقراينا جماعت خادملرينك غاليچيا اوقراینالیلریله اولان مناسباتى دراغومانوفدن دها اول باشلامشدی؛,واقع، قولاش قونیسیی آنطونووچ سائرەکی اوقراينا جماعت خادملرينك غاليچيا اوتقيراینالیریله اولان مناسباتى دراغومانوفدن دها اول باشلامشدی؛
262,18,واقعا، فولىش قنیرسک، آنطونویچ و سائرەكی اوفراين جماعث خادملرينكد غاليچکا وقراینالیلریله اوان مناسباتى دراغومانوفدن ده اول باشلامشإدی؛,واقعا، قوليش قونیسکی، آنطونوویچ و سائرەکی اوقراينا جماعت خادملرينك غاليچيا اوقراینالیلریله اولان مناسباتى دراغومانوفدن دها اول باشلامشدی؛,واقعا، فولاش قنیرسک، آنطونویچ و سائرەکی اوقراينا جماعت خادملرينك غاليچکا وقراینالیلریله اوان مناسباتى دراغومانوفدن ده اول باشلامشدی؛
262,19,اقعا،قوليش قونیسکی، آنطونوویچ و سائرەکی اوقرزاينا مات خادملرينك غىليخچکا اوقراینالیلریله اولان مناسباتى دراغومانوفدن دها ىوأ ل باشلامشدی؛,واقعا، قوليش قونیسکی، آنطونوویچ و سائرەکی اوقراينا جماعت خادملرينك غاليچيا اوقراینالیلریله اولان مناسباتى دراغومانوفدن دها اول باشلامشدی؛,اقعا، قوليش قونیسکی، آنطونوویچ و سائرەکی اوقراينا مات خادملرينك غاليخچك اوقراینالیلریله اولان مناسباتى دراغومانوفدن دها اول باشلامشدی؛
9,0,بوتورکیه ایله اذوقرینلیلر آرد سنده سنه لرجەدوام ایدن بر ممادی محاربا دوره سی اولدى.,بوتورکیه ایله اوقراینالیلر آرد سنده سنه لرجەدوام ایدن بر متمادی محاربات دوره سی اولدى.,بوتورکیه ایله ادوقرینلیلر آردسنده سنه لرجەدوام ایدن بر ممادی محاربا دوره سی اولدى.
9,1,بوتورکیه ا یله اوقراینالیلر آرد سجنده سنه لرەدوطام ایدن نر متمادی محاربات دوره سیق اولدى.,بوتورکیه ایله اوقراینالیلر آرد سنده سنه لرجەدوام ایدن بر متمادی محاربات دوره سی اولدى.,بوتورکیه ایله اوقراینالیلر آردسنده سنه لرەدوطام ایدن نر متمادی محاربات دوره سیق اولدى.
9,2,توتورکیه ایلة اوقرىینالیل آرد سنده سنه لرجەدوىم ایدن بر متمادی محاربات دوزة شی اودىخ.,بوتورکیه ایله اوقراینالیلر آرد سنده سنه لرجەدوام ایدن بر متمادی محاربات دوره سی اولدى.,توتورکیه ایله اوقراینالیلر آرده سنده سنه لرجەدوام ایدن بر متمادی محاربات دوزه سی اوداخ.
9,3,بوتورکیه ىیله اوقراینالی لر آرد سنده سنه لرجەدوام ایدن بر متمادی محارباب دره شی ا ولدى.,بوتورکیه ایله اوقراینالیلر آرد سنده سنه لرجەدوام ایدن بر متمادی محاربات دوره سی اولدى.,بوتورکیه ایله اوقراینالیلر آردسنده سنه لرجەدوام ایدن بر متمادی محاربات دره سی اولدى.
9,4,وتورکیهایله اوقرنایيالیلر ازد سنده شنه لرجەدوام یدن بر متمادی محازبات دوره سیاولدى.,بوتورکیه ایله اوقراینالیلر آرد سنده سنه لرجەدوام ایدن بر متمادی محاربات دوره سی اولدى.,وتورکیه ایله اوقراینالیلر ازدسنده سنه لرجەدوام یدن بر متمادی محازبات دوره سی اولدى.
9,5,بو توركیه ایله اوقزاینالیلر آر سنده سنه لرجەدوام این برمتمادی محاربات دره سی اولدى.,بوتورکیه ایله اوقراینالیلر آرد سنده سنه لرجەدوام ایدن بر متمادی محاربات دوره سی اولدى.,بو تورکیه ایله اوقراینالیلر آرسنده سنه لرجەدوام این برمتمادی محاربات دره سی اولدى.
9,6,ثوتورکیة ایل ه وقزاینلیلر آرد سندهع سنه لزجەوام ایدث بر متادیمحاربات دوره سیاولدي.,بوتورکیه ایله اوقراینالیلر آرد سنده سنه لرجەدوام ایدن بر متمادی محاربات دوره سی اولدى.,بوتورکیه ایله وقراینلیلر آردسنده سنه لرجەوام ایدن بر متادی محاربات دوره سیاولدى.
9,7,بتويرکیه ایله اخوقراینالیلر آرد سنده سنه لرجەدوام ىیدن بر ممادی محاربات دوره سی اولدى.,بوتورکیه ایله اوقراینالیلر آرد سنده سنه لرجەدوام ایدن بر متمادی محاربات دوره سی اولدى.,بويرکیه ایله اخوقراینالیلر آردسنده سنه لرجەدوام ایدن بر ممادی محاربات دوره سی اولدى.
9,8,بوتورکیه ایله اوقراینالیلر آرد سنده سنه لرجەدوام ایدي بر مثمادی محغاربات دوره سی اولدى.,بوتورکیه ایله اوقراینالیلر آرد سنده سنه لرجەدوام ایدن بر متمادی محاربات دوره سی اولدى.,بوتورکیه ایله اوقراینالیلر آردسنده سنه لرجەدوام ایدى بر مثمادی محاربات دوره سی اولدى.
9,9,بوتذورکیهیله اوقراخینىلیلر آرد سنده سنه لرجەدامج ىیذن بر متمادی محاربات دوره سی اولدي.,بوتورکیه ایله اوقراینالیلر آرد سنده سنه لرجەدوام ایدن بر متمادی محاربات دوره سی اولدى.,بوتدورکی هیله اوقراینالیلر آردسنده سنه لرجەدام ایدن بر متمادی محاربات دوره سی اولدى.
9,10,بوثوزکیه ایله اقزاینالیلر آرد سنده سنه لرخەدوام ای دن بر متمادی محارتات دور سی اولدى.,بوتورکیه ایله اوقراینالیلر آرد سنده سنه لرجەدوام ایدن بر متمادی محاربات دوره سی اولدى.,بونورکیه ایله اقزاینالیلر آردسنده سنه لرخەدوام ایدن بر متمادی محارتات دورسی اولدى.
9,11,بوتورکیه ایله اقراینالیلر آ رد سنذه شنه لرجەدوام ای دن بز متماد محارب ات دوةره سی اولدى.,بوتورکیه ایله اوقراینالیلر آرد سنده سنه لرجەدوام ایدن بر متمادی محاربات دوره سی اولدى.,بوتورکیه ایله اقراینالیلر آردسنده سنه لرجەدوام ایدن بر متماد محاربات دوهره سی اولدى.
9,12,بوتورکیغه ایله اوقراینالیلر آرد سنده سنه لرجەدوام ایدن بر متمادی محاربات دوره شی اولد ى,بوتورکیه ایله اوقراینالیلر آرد سنده سنه لرجەدوام ایدن بر متمادی محاربات دوره سی اولدى.,بوتورکیغه ایله اوقراینالیلر آردسنده سنه لرجەدوام ایدن بر متمادی محاربات دوره سی اولدى.
9,13,بوتورکی ه ایله اوقراینالیلررد سند ه سنه لرجەدوام ایدن بر متمادی محاربات دوره سی اولدى.,بوتورکیه ایله اوقراینالیلر آرد سنده سنه لرجەدوام ایدن بر متمادی محاربات دوره سی اولدى.,بوتورکیه ایله اوقراینالیلرده سنده سنه لرجەدوام ایدن بر متمادی محاربات دوره سی اولدى.
9,14,نوتورکیه ایله اوقایالیلر آرد سنده سنه لرجەدوام ایدن بر متمادی محازبخات دوره سیاولدى.,بوتورکیه ایله اوقراینالیلر آرد سنده سنه لرجەدوام ایدن بر متمادی محاربات دوره سی اولدى.,نوتورکیه ایله اوقراینالیلر آردسنده سنه لرجەدوام ایدن بر متمادی محاربخات دوره سی اولدى.
9,15,بوثورکیه ایله اوقراینالیلر آرد سنده سنه لرجەدوام اید بر متمادی محاربات دوره سی اولدى.,بوتورکیه ایله اوقراینالیلر آرد سنده سنه لرجەدوام ایدن بر متمادی محاربات دوره سی اولدى.,بوتورکیه ایله اوقراینالیلر آردسنده سنه لرجەدوام اید بر متمادی محاربات دوره سی اولدى.
9,16,بوتورکیه ایله اوقررياینالیلر آضرد سنده سه لرجەذوام اید برمتمادی محاربا دوره سی اولدى.,بوتورکیه ایله اوقراینالیلر آرد سنده سنه لرجەدوام ایدن بر متمادی محاربات دوره سی اولدى.,بوتورکیه ایله اوقراینالیلر آضرد سنده سه لرجەدوام اید برمتمادی محاربا دوره سی اولدى.
9,17,بوتورکیه ایله اوقراینلیلر آر سنه سنه لرجەدوام ایدن بر متمادی محاربات دوزه ی اولدى.,بوتورکیه ایله اوقراینالیلر آرد سنده سنه لرجەدوام ایدن بر متمادی محاربات دوره سی اولدى.,بوتورکیه ایله اوقراینالیلر آر سنه سنه لرجەدوام ایدن بر متمادی محاربات دوره ی اولدى.
9,18,بوتورکیه ایلهاوقراینالیر آرد سن ده سيه لرحجەذوام ایدن بر متمادید محاربات دوره سی اودى.,بوتورکیه ایله اوقراینالیلر آرد سنده سنه لرجەدوام ایدن بر متمادی محاربات دوره سی اولدى.,بوتورکیه ایله اوقراینالیر آردسنده سيه لرجەدوام ایدن بر متمادید محاربات دوره سی اودى.
9,19,بوتوزکیه ایل اوقرایبالیلر آرد سنده سنة لرخەدوام ىیدن بر متمادی محاربات دوره سی اولدى.,بوتورکیه ایله اوقراینالیلر آرد سنده سنه لرجەدوام ایدن بر متمادی محاربات دوره سی اولدى.,بوتورکیه ایل اوقراینالیلر آردسنده سنه لرخەدوام ایدن بر متمادی محاربات دوره سی اولدى.
320,0,بو نماىشلر ینة، روس حکوم تنك، بويوكملت شاعری (شەوچەنقونك كوزنجى سنۀ دوحیەسی شنلکلرینه مساعده اكتثه مسندن ایلری کلمشدر.,بو نمايشلرینه، روس حكومتنك، بويوك ملت شاعری (شەوچەنقو)نك يوزنجى سنۀ دوریەسی شنلکلرینه مساعده ايتمه مسندن ایلری کلمشدر.,بو نماشلرینه، روس حکومتنك، بويوك ملت شاعری (شەوچەنقونك كوزنجى سنۀ دوحیەسی سنلکلرینه مساعده اكتنه مسندن ایلری کلمشدر.
320,1,بو بمايشلرینه، روس حكومتنكغ بويوك ملت شاعری (شەوچەنقو)نك يوزجى سنۀ دوریەسی شلکلرینه مساعده ايتمه مشدن یلی کلمشدر.,بو نمايشلرینه، روس حكومتنك، بويوك ملت شاعری (شەوچەنقو)نك يوزنجى سنۀ دوریەسی شنلکلرینه مساعده ايتمه مسندن ایلری کلمشدر.,بو بمايشلرینه، روس حكومتنك بويوك ملت شاعری (شەوچەنقو)نك يوزجى سنۀ دوریەسی شلکلرینه مساعده ايتمه مشدن یلی کلمشدر.
320,2,بو نمايشلینه، روش حكوغمتنك، بويوك ملت اعری (شەوچەنقو)نك يوزنجى سنۀ دوریەسی سنلكلرین مساعده ايتمه مسندن اخیلری کلمغشدشز.,بو نمايشلرینه، روس حكومتنك، بويوك ملت شاعری (شەوچەنقو)نك يوزنجى سنۀ دوریەسی شنلکلرینه مساعده ايتمه مسندن ایلری کلمشدر.,بو نمايشلینه، روس حكوغمتنك، بويوك ملت اعری (شەوچەنقو)نك يوزنجى سنۀ دوریەسی سنلكلرین مساعده ايتمه مسندن اخیلری کلمشدشر.
320,3,بو نمايشلریطنه، روس حكومينك، بويوك مت شاعری (شە وچەنقو)نك يوزنجى سنۀ دوریەس شنلکلرینه مساغده ايتعمه مسهندن ایلری کلمشدر.,بو نمايشلرینه، روس حكومتنك، بويوك ملت شاعری (شەوچەنقو)نك يوزنجى سنۀ دوریەسی شنلکلرینه مساعده ايتمه مسندن ایلری کلمشدر.,بو نمايشلرینه، روس حكومينك، بويوك متشاعری (شەوچەنقو)نك يوزنجى سنۀ دوریەسنلکلرینه مساعده ايتعمه مسهندن ایلری کلمشدر.
320,4,بو نمصايشلرینه، روس حكمتنك، نيوکملت شاعری(شەوچەنقو)نك يوزنغجى سنۀ دوریەسی شنلکلرینه مساعده ايتمه مسندن ایلری کلمشدر.,بو نمايشلرینه، روس حكومتنك، بويوك ملت شاعری (شەوچەنقو)نك يوزنجى سنۀ دوریەسی شنلکلرینه مساعده ايتمه مسندن ایلری کلمشدر.,بو نمايشلرینه، روس حكمتنك، نيوك ملت شاعری(شەوچەنقو)نك يوزنجى سنۀ دوریەسی سنلکلرینه مساعده ايتمه مسندن ایلری کلمشدر.
320,5,بو نماىشل رینه، روس حكومبنك، بويوك ملتشاعری (جشەوچەنقو)فنك يورنجى سنۀ دخوریەشی شنلکلرینه مساعدة ايتمه مسذندن ایلری کلمشدر,بو نمايشلرینه، روس حكومتنك، بويوك ملت شاعری (شەوچەنقو)نك يوزنجى سنۀ دوریەسی شنلکلرینه مساعده ايتمه مسندن ایلری کلمشدر.,بو نماشلرینه، روس حكومتنك، بويوك ملتشاعری (جشەوچەنقو)فنك يورنجى سنۀ دخوریەسی سنلکلرینه مساعده ايتمه مسدندن ایلری کلمشدر.
320,6,بو نمايشلری نة، روس حكومتنك، بغويوك ملت شاعری (سەوچەنقو)نك کوزنجى تۀ دوزیسەسی شنلکلرینه مساةعده ايتمه مسندن ایلری کلمشدر.,بو نمايشلرینه، روس حكومتنك، بويوك ملت شاعری (شەوچەنقو)نك يوزنجى سنۀ دوریەسی شنلکلرینه مساعده ايتمه مسندن ایلری کلمشدر.,بو نمايشلرینه، روس حكومتنك، بعويوك ملت شاعری (سەوچەنقو)نك کوزنجى تۀ دوریسەسی سنلکلرینه مساعده ايتمه مسندن ایلری کلمشدر.
320,7,بو نمايشلرینه، روس هكومتحك، بويوك ملت شاعری (شەوچەنقو)ن ك يوزنجا ستۀ دوریەسی شنلکلرینة شاعدة ايتمه مسندن ایلر کلمشدر,بو نمايشلرینه، روس حكومتنك، بويوك ملت شاعری (شەوچەنقو)نك يوزنجى سنۀ دوریەسی شنلکلرینه مساعده ايتمه مسندن ایلری کلمشدر.,بو نمايشلرینه، روس هكومتحك، بويوك ملت شاعری (شەوچەنقو)نك يوزنجاستۀ دوریەسی سنلکلرینه شاعده ايتمه مسندن ایلر کلمشدر.
320,8,بو نميشلرینه روس حكومتنك،ص بذويوك ملتساعری (سەوچە نقو)تكيوزنجى سنۀ دریەسی شنلکلرینه مشاعده ايتمه مسندن ىیلری کلصمشدرك,بو نمايشلرینه، روس حكومتنك، بويوك ملت شاعری (شەوچەنقو)نك يوزنجى سنۀ دوریەسی شنلکلرینه مساعده ايتمه مسندن ایلری کلمشدر.,بو نميشلرینه روس حكومتنك، بدويوك ملتساعری (سەوچەنقو) تكيورنجى سنۀ دریەسی سنلکلرینه مشاعده ايتمه مسندن ایلری کلصمشدرك
320,9,بو نمايشلینه، روس حكومتنك، بويوك ملت شاعری (شەوچەنقو)نك يوزنجي سنۀدوریەسی شنلکلرینه مساعده ايتمه مسندن ایلری کلمشدر.,بو نمايشلرینه، روس حكومتنك، بويوك ملت شاعری (شەوچەنقو)نك يوزنجى سنۀ دوریەسی شنلکلرینه مساعده ايتمه مسندن ایلری کلمشدر.,بو نمايشلینه، روس حكومتنك، بويوك ملت شاعری (شەوچەنقو)نك يوزنجى سنۀدوریەسی سنلکلرینه مساعده ايتمه مسندن ایلری کلمشدر.
320,10,بو نمايشلظریثه، روس حكومتنك، بويوك ملت شاعری (ەوچەنقو)نك يوزن جىسنۀ دوریەسی شنلکلرینهمساعه اىتمه مسندن ایلری کلمشدر.,بو نمايشلرینه، روس حكومتنك، بويوك ملت شاعری (شەوچەنقو)نك يوزنجى سنۀ دوریەسی شنلکلرینه مساعده ايتمه مسندن ایلری کلمشدر.,بو نمايشلرینه، روس حكومتنك، بويوك ملت شاعری (ەوچەنقو)نك يوزن جاسنۀ دوریەسی سنلکلرینه مساعه ايتمه مسندن ایلری کلمشدر.
320,11,بخو نمايشلرینه، روس حكومبنك، بوکوي ملطت شىعری (شەوچەنقو)ك يوزنجي سنۀ دوزیەسی نلإکلرینه معساعده ىيتمة مسبدن ایلری کلمشدر.,بو نمايشلرینه، روس حكومتنك، بويوك ملت شاعری (شەوچەنقو)نك يوزنجى سنۀ دوریەسی شنلکلرینه مساعده ايتمه مسندن ایلری کلمشدر.,بو نمايشلرینه، روس حكومتنك، بوکون ملطت شاعری (شەوچەنقو)ك يوزنجي سنۀ دوزیەسی نليلرینه معساعده ايتمه مسبدن ایلری کلمشدر.
320,12,بو نمايشل رینه، روس حكومتناك، بويو ملت شاةعری شەوچەنقو)نك يوزنجىسنۀدوریەسی شن لکلزیيه مساعده اتمه مسند ایلری کلشدر.,بو نمايشلرینه، روس حكومتنك، بويوك ملت شاعری (شەوچەنقو)نك يوزنجى سنۀ دوریەسی شنلکلرینه مساعده ايتمه مسندن ایلری کلمشدر.,بو نمايشلرینه، روس حكومتناك، بويوملت شاعری شەوچەنقو)نك يوزنجى سنۀ دوریەسی سنلکلرینه مساعده اتمه مسنده ایلری کلشدر.
320,13,ثو نمايشرین، رو حكومتنك، ثويوك ملت شاعری (شەوچەنقو)نك يوزنجى سنۀ دوریەسی شنلکلرینه مساعده اکتمه مسندن اهلری کلمشدر,بو نمايشلرینه، روس حكومتنك، بويوك ملت شاعری (شەوچەنقو)نك يوزنجى سنۀ دوریەسی شنلکلرینه مساعده ايتمه مسندن ایلری کلمشدر.,بو نمايشرین، رو حكومتنك، بويوك ملت شاعری (شەوچەنقو)نك يوزنجى سنۀ دوریەسی سنلکلرینه مساعده ايتمه مسندن اهلری کلمشدر.
320,14,تو ثماكشذلزینة، روسحكومتنك، بوىوك ملت شاعری (شەوچەنقو)نك ىوزنجا سنۀ دوریەسی شنلکلرینه مساعده يته مسندن ایلری ک لمشدر.,بو نمايشلرینه، روس حكومتنك، بويوك ملت شاعری (شەوچەنقو)نك يوزنجى سنۀ دوریەسی شنلکلرینه مساعده ايتمه مسندن ایلری کلمشدر.,توبماكشدلرینه، روس حكومتنك، بواوك ملت شاعری (شەوچەنقو)نك اوزنجا سنۀ دوریەسی سنلکلرینه مساعده بته مسندن ایلری کلمشدر.
320,15,بو نمايشلرینه، روس حكومتنك، بويو ملت شاعری (شەوچەنقو)نك يوزنجى سنۀ دوریەسی شنلکلرته مساعده ايتمه مسهندن ایلری كلمشدر.,بو نمايشلرینه، روس حكومتنك، بويوك ملت شاعری (شەوچەنقو)نك يوزنجى سنۀ دوریەسی شنلکلرینه مساعده ايتمه مسندن ایلری کلمشدر.,بو نمايشلرینه، روس حكومتنك، بويوملت شاعری (شەوچەنقو)نك يوزنجى سنۀ دوریەسی سنلکلرته مساعده ايتمه مسهندن ایلری كلمشدر.
320,16,بو نمىيشلرینة، روس حكومتنك،بويوك ملت شاعری (شەوچەنقو)نك يوزنجى سنۀ ذوریەسی شنلکلرینه مساعده اىتمه مسندن ایلری کلمشدر.,بو نمايشلرینه، روس حكومتنك، بويوك ملت شاعری (شەوچەنقو)نك يوزنجى سنۀ دوریەسی شنلکلرینه مساعده ايتمه مسندن ایلری کلمشدر.,بو نمايشلرینه، روس حكومتنك، بويوك ملت شاعری (شەوچەنقو)نك يوزنجى سنۀ دوریەسی سنلکلرینه مساعده ايتمه مسندن ایلری کلمشدر.
320,17,بو نما کشلرینه، روس حكوتنک،بويوك ملت شاعری (شەوچەن قو)نك يوزنجى سنۀدوریەسی شنليلرینة مساعدة ايتمه مسن ن ایلزی کلمشدر.,بو نمايشلرینه، روس حكومتنك، بويوك ملت شاعری (شەوچەنقو)نك يوزنجى سنۀ دوریەسی شنلکلرینه مساعده ايتمه مسندن ایلری کلمشدر.,بو نماکشلرینه، روس حكوتنك، بويوك ملت شاعری (شەوچەنقو)نك يوزنجى سنۀدوریەسی سنليلرینه مساعده ايتمه مسنن ایلری کلمشدر.
320,18,بو نمايسلزینه، روس حكومتنك، بويوک ملت شاعری (شەوچە نفو)نك يوزنجى سنۀ دوریەسی شنلکلرینة مشاعتده ايتمه مشندن ىیلری کلمشدر.,بو نمايشلرینه، روس حكومتنك، بويوك ملت شاعری (شەوچەنقو)نك يوزنجى سنۀ دوریەسی شنلکلرینه مساعده ايتمه مسندن ایلری کلمشدر.,بو نمايسلرینه، روس حكومتنك، بويوك ملت شاعری (شەوچەنفو)نك يوزنجى سنۀ دوریەسی سنلکلرینه مشاعتده ايتمه مشندن ایلری کلمشدر.
320,19,بو نماکشلرینه، روس حكومتنك، بوکوک ملت شاعری (شەوچەقو)نك يوزنجى سنۀ دوریەشی شنلکلرینه مساع ة ايتمه مسندب ایلری کلمشدر.,بو نمايشلرینه، روس حكومتنك، بويوك ملت شاعری (شەوچەنقو)نك يوزنجى سنۀ دوریەسی شنلکلرینه مساعده ايتمه مسندن ایلری کلمشدر.,بو نماکشلرینه، روس حكومتنك، بوکوك ملت شاعری (شەوچەقو)نك يوزنجى سنۀ دوریەسی سنلکلرینه مساعة ايتمه مسندن ایلری کلمشدر.
93,0,(شمەلتیتسك) پولونی ا اردوسی مطلق وقطعی بز ا نةزامه اوعراتەرق پولويیالیلی اوقراینادن تایلة طزدوتبعيدايلدي.,(شمەلنیتسکی) پولونیا اردوسنی مطلق وقطعی بر انهزامه اوغراتەرق پولونیالیلری اوقراینادن تمامیله طرد وتبعيدايلدى.,(شمەلتیتسك) پولونی ااردوسی مطلق وقطعی بر انهزامه اوعراتەرق پولونیالیلی اوقراینادن تایله طردوتبعيد ايلدى.
93,1,(شمەلنیتشکی) پولذونیا اردوسنی مظلق وقظعیبر انهزامه اوعراتەرق پولونیالیلری اوقراتادن تمامله طرد وتبعيىكلدي.,(شمەلنیتسکی) پولونیا اردوسنی مطلق وقطعی بر انهزامه اوغراتەرق پولونیالیلری اوقراینادن تمامیله طرد وتبعيدايلدى.,(شمەلنیتشکی) پولدونیا اردوسنی مظلق وقعی بر انهزامه اوعراتەرق پولونیالیلری اوقراتادن تمامله طرده وتبعيالدى.
93,2,(شمەليیتسکی ) پولونیا اردوسنی مطلق وفطعی بر انةرامه اوغراتەزق پولویالیلری اخوقراینىدن تيمامیله طر د وتبيديلدى.,(شمەلنیتسکی) پولونیا اردوسنی مطلق وقطعی بر انهزامه اوغراتەرق پولونیالیلری اوقراینادن تمامیله طرد وتبعيدايلدى.,(شمەليیتسکی) پولونیا اردوسنی مطلق وفطعی بر انهرامه اوغراتەرق پولویالیلری اخوقراینادن تيمامیله طرده وتبيديلدى.
93,3,(شمەليیتسکی) پولو نیا ازدو سنی مط لق وقطغی بر انه ز امه اوعرشاتەرعق پولونیالیلری اوقراینادن تمامیله طرد وببعيداكلدى.,(شمەلنیتسکی) پولونیا اردوسنی مطلق وقطعی بر انهزامه اوغراتەرق پولونیالیلری اوقراینادن تمامیله طرد وتبعيدايلدى.,(شمەليیتسکی) پولونیا ازدوسنی مطلق وقطعی بر انه زامه اوعرشاتەرق پولونیالیلری اوقراینادن تمامیله طرده وبعيد ايلدى.
93,4,(شمەلنیتسکی) پولونیعا اردوسنی مطلق وقطعی بر انهزامه اوغراتەرق پولونیالیلری اوقراینان ثمامیله طرد وتبعيداكلدا.,(شمەلنیتسکی) پولونیا اردوسنی مطلق وقطعی بر انهزامه اوغراتەرق پولونیالیلری اوقراینادن تمامیله طرد وتبعيدايلدى.,(شمەلنیتسکی) پولونیا اردوسنی مطلق وقطعی بر انهزامه اوغراتەرق پولونیالیلری اوقراینان ثمامیله طرده وتبعيد ايلدى.
93,5,شمەلنیتسکی و لنیا ادوسنی ملق وقطعیبر انهزامه اوغراتەرق پولونیالیلری اوقرایتادي تمامیله طرد وتنعيدالدى.,(شمەلنیتسکی) پولونیا اردوسنی مطلق وقطعی بر انهزامه اوغراتەرق پولونیالیلری اوقراینادن تمامیله طرد وتبعيدايلدى.,شمەلنیتسکی و لنیا ادوسنی ملق وقطعی بر انهزامه اوغراتەرق پولونیالیلری اوقراینادي تمامیله طرده وتنعيدالدى.
93,6,(شمەلنیت سکی) پولونیا ارذوسنی مصطف وقطعی بر انهزىمه اوغزابەرق پولونیالیذلزی اقراینادن تمامیله طرد وتبعيدىيلدى.,(شمەلنیتسکی) پولونیا اردوسنی مطلق وقطعی بر انهزامه اوغراتەرق پولونیالیلری اوقراینادن تمامیله طرد وتبعيدايلدى.,(شمەلنیت سکی) پولونیا اردوسنی مصطف وقطعی بر انهزامه اوغرابەرق پولونیالیدلری اقراینادن تمامیله طرده وتبعيديلدى.
93,7,(شمەلتیتسکی) پولونیا اردوسنی مطلق وقط عی بر اهزامه اوغراتەرق پولونیالیلری اوقزاینىادن ثممیله طرد وتعيدايلذى.,(شمەلنیتسکی) پولونیا اردوسنی مطلق وقطعی بر انهزامه اوغراتەرق پولونیالیلری اوقراینادن تمامیله طرد وتبعيدايلدى.,(شمەلتیتسکی) پولونیا اردوسنی مطلق وقطعی بر اهزامه اوغراتەرق پولونیالیلری اوقراینادن بممیله طرده وتعيد ايلدى.
93,8,(شمەلنیتسکی) پولونیا اردوسنی طل وقط عی بر انزامه اوغراتەرق پول ونیالیلری اوقراینادن تمامیلة طرد وتبعي دايلدى.,(شمەلنیتسکی) پولونیا اردوسنی مطلق وقطعی بر انهزامه اوغراتەرق پولونیالیلری اوقراینادن تمامیله طرد وتبعيدايلدى.,(شمەلنیتسکی) پولونیا اردوسنی طل وقطعی بر انزامه اوغراتەرق پولونیالیلری اوقراینادن تمامیله طرده وتبعي دايلدى.
93,9,(شمەلنیتشکی) پولونیى اردوسنی مطلق وقطعی بر ىنهزامه اوغرىتەرق پولونیالیلری اوقرىینادن تمىمیل طرد وتبع يدايلدى.,(شمەلنیتسکی) پولونیا اردوسنی مطلق وقطعی بر انهزامه اوغراتەرق پولونیالیلری اوقراینادن تمامیله طرد وتبعيدايلدى.,(شمەلنیتشکی) پولونیا اردوسنی مطلق وقطعی بر انهزامه اوغراتەرق پولونیالیلری اوقراینادن تمامیل طرده وتبع يدايلدى.
93,10,(شمەلنیتسکی) پولونیا اردوسنیمطلق وقطعی بر انهمه اوغ اتەزق پوونیالیلری اوقاینادن تمامیله طرد وتبيدايلذى.,(شمەلنیتسکی) پولونیا اردوسنی مطلق وقطعی بر انهزامه اوغراتەرق پولونیالیلری اوقراینادن تمامیله طرد وتبعيدايلدى.,(شمەلنیتسکی) پولونیا اردوسنی مطلق وقطعی بر انهمه اوغاتەرق پوونیالیلری اوقراینادن تمامیله طرده وتبيدايلدى.
93,11,(شمەلنیتسکی) پولونیا اردوسنی مطلق وقطعی بر انهزامه ا وغراتەرق پولونیالیلری اوزایناي تممیله طرد وتبعيدىىلدى.,(شمەلنیتسکی) پولونیا اردوسنی مطلق وقطعی بر انهزامه اوغراتەرق پولونیالیلری اوقراینادن تمامیله طرد وتبعيدايلدى.,(شمەلنیتسکی) پولونیا اردوسنی مطلق وقطعی بر انهزامه اوغراتەرق پولونیالیلری اوزاینا تممیله طرده وتبعيديالدى.
93,12,(شمە لنیتسکی) پولهوثیا اردوشنی مطق وقطعی بر انهزامه اوغتراتەرق پولونیالیری اوقراینادن تمامیله طرذ وت بعيدايلذى.,(شمەلنیتسکی) پولونیا اردوسنی مطلق وقطعی بر انهزامه اوغراتەرق پولونیالیلری اوقراینادن تمامیله طرد وتبعيدايلدى.,(شمەلنیتسکی) پولهوتیا اردوسنی مطق وقطعی بر انهزامه اوغتراتەرق پولونیالیری اوقراینادن تمامیله طردوت بعيد ايلدى.
93,13,(شمەلنیتسکی) پ ولونیا اردوسن ی مطلق وقطغی بر انهزامه اوغراتەزق پولونیالیلری اوقراینادن تمامیله طرد وتبعيداکلدى.,(شمەلنیتسکی) پولونیا اردوسنی مطلق وقطعی بر انهزامه اوغراتەرق پولونیالیلری اوقراینادن تمامیله طرد وتبعيدايلدى.,(شمەلنیتسکی) پولونیا اردوسنی مطلق وقطعی بر انهزامه اوغراتەرق پولونیالیلری اوقراینادن تمامیله طرده وتبعيد ايلدى.
93,14,(شمەلنیتسيی) پولویا ار دوسنی م طل ق وقطغی بر ا نهزامه ورايەرق پولونیالیلری اوقرایتادن بمىمیله طرذ وتبعيدايلدى.,(شمەلنیتسکی) پولونیا اردوسنی مطلق وقطعی بر انهزامه اوغراتەرق پولونیالیلری اوقراینادن تمامیله طرد وتبعيدايلدى.,(شمەلنیتسی) پولویا اردوسنی مطلق وقطعی بر انهزامه ورايەرق پولونیالیلری اوقراینادن بمامیله طرده وتبعيد ايلدى.
93,15,(شملنیتسکی) پولونیا اردوسنی مطلت وقطعی بر انهزىمه اوغر اتەرق پولونیالیلری اوراینا دن تمامیله طرد وتبعيدا يلدى.,(شمەلنیتسکی) پولونیا اردوسنی مطلق وقطعی بر انهزامه اوغراتەرق پولونیالیلری اوقراینادن تمامیله طرد وتبعيدايلدى.,(شملنیتسکی) پولونیا اردوسنی مطلت وقطعی بر انهزامه اوغراتەرق پولونیالیلری اوراینادن تمامیله طرده وتبعيدا يلدى.
93,16,(شم ەليتشکی)پولونیا اردوسن مطلطق وقطعی بز انهزامه اوغراتەرق پولونیالیلری اوقزاینىدن تمامیله طرد وتبعيداىلذ.,(شمەلنیتسکی) پولونیا اردوسنی مطلق وقطعی بر انهزامه اوغراتەرق پولونیالیلری اوقراینادن تمامیله طرد وتبعيدايلدى.,(شمەليتشکی) پولونیا اردوسنه مطلطق وقطعی بر انهزامه اوغراتەرق پولونیالیلری اوقراینادن تمامیله طرده وتبعيدايلد.
93,17,(تشمەلنیتکی) پولونیا ردوسنی مطلق وقطعی بر انةزامه اوغراتەزق پولونیالیلریغ ىوقراینادت تمامیله طرد و تبعيدايلدى.,(شمەلنیتسکی) پولونیا اردوسنی مطلق وقطعی بر انهزامه اوغراتەرق پولونیالیلری اوقراینادن تمامیله طرد وتبعيدايلدى.,(تشمەلنیتکی) پولونیا ردوسنی مطلق وقطعی بر انهزامه اوغراتەرق پولونیالیلری اوقراینادن تمامیله طرده و تبعيد ايلدى.
93,18,(مەلنیتسکی) پولونیا اردوسنی مطلق وقطعی بر انهزامه اوغراتەرق پولونالیلری اوقراینادن تمامیله طرد وتب عيدايلدي.,(شمەلنیتسکی) پولونیا اردوسنی مطلق وقطعی بر انهزامه اوغراتەرق پولونیالیلری اوقراینادن تمامیله طرد وتبعيدايلدى.,(مەلنیتسکی) پولونیا اردوسنی مطلق وقطعی بر انهزامه اوغراتەرق پولونالیلری اوقراینادن تمامیله طرده وتب عيد ايلدى.
93,19,(شمەلنیتسکی) پولونیا اردونی مطلق وقطعی بىر انهزاه اوغراتەرق پولونیالیلریاوقراینادن يمامیله طرد وتبعيداكلدى.,(شمەلنیتسکی) پولونیا اردوسنی مطلق وقطعی بر انهزامه اوغراتەرق پولونیالیلری اوقراینادن تمامیله طرد وتبعيدايلدى.,(شمەلنیتسکی) پولونیا اردونی مطلق وقطعی بار انهزاه اوغراتەرق پولونیالیلری اوقراینادن يمامیله طرده وتبعيد ايلدى.
56,0,بوملوك اوقرينالتيلرك عادات و آداب معاشرتنه طإوقنمق شـويلة طورسون بالعكس اوفراينىکليلرك لسانا، قوان ين ومدنيتنى بىله قبول ابيديلر.,بوملوك اوقرايناليلرك عادات و آداب معاشرتنه طوقنمق شـويله طورسون بالعكس اوقرايناليلرك لسانى، قوانين ومدنيتنى بيله قبول ابتديلر.,بوملوك اوقراينالتيلرك عادات و آداب معاشرتنه طوقنمق شـويله طورسون بالعكس اوقرايناليلرك لسانا، قوان ين ومدنيتنى باله قبول ايديلر.
56,1,بوملوك اوقرايناليلرك عادات و آداب معاشرتنة طوقيمق سـويأله طورسن بىلغكس اوقرايبليلك لسانى، قوانين ودنکتنى بيله فبو ابتديلز.,بوملوك اوقرايناليلرك عادات و آداب معاشرتنه طوقنمق شـويله طورسون بالعكس اوقرايناليلرك لسانى، قوانين ومدنيتنى بيله قبول ابتديلر.,بوملوك اوقرايناليلرك عادات و آداب معاشرتنه طوقيمق سـويله طورسنه بالغكس اوقرايناليلك لسانى، قوانين ودنيتنى بيله فبو ابتديلر.
56,2,بوملوآك ىوقرايناليلرك عادات و آدابمعاشرتنة طوقنمق ويلة طورسوث بى لعيزس اوقرايناليلرك لسانى، قوانين ومدنيتبى بيلهقبول ابتدلر.,بوملوك اوقرايناليلرك عادات و آداب معاشرتنه طوقنمق شـويله طورسون بالعكس اوقرايناليلرك لسانى، قوانين ومدنيتنى بيله قبول ابتديلر.,بوملوك اوقرايناليلرك عادات و آداب معاشرتنه طوقنمق ويله طورسون بى لعير اوقرايناليلرك لسانى، قوانين ومدنيتنى بيله قبول ابتدلر.
56,3,بوملوك وقرايناليلرك عادات و آد اب معاشرظت نه طوقنمق شـويله طورسون بالعكش اوقرايناليلرك لسانى، قونين ومدنيتنى بيله قبول ابديلر.,بوملوك اوقرايناليلرك عادات و آداب معاشرتنه طوقنمق شـويله طورسون بالعكس اوقرايناليلرك لسانى، قوانين ومدنيتنى بيله قبول ابتديلر.,بوملوك وقرايناليلرك عادات و آداب معاشرتنه طوقنمق شـويله طورسون بالعكش اوقرايناليلرك لسانى، قونين ومدنيتنى بيله قبول ابديلر.
56,4,بواملك اوقرايناليلرك عادت وآداب معاشرتنه طوقنمق شـويه طورسون بالغك اوقرايناليلرك لسانى، قوانين ومدنيتنى بيله قبول ابتديلر.,بوملوك اوقرايناليلرك عادات و آداب معاشرتنه طوقنمق شـويله طورسون بالعكس اوقرايناليلرك لسانى، قوانين ومدنيتنى بيله قبول ابتديلر.,بواملك اوقرايناليلرك عادت وآداب معاشرتنه طوقنمق شـويه طورسون بالغك اوقرايناليلرك لسانى، قوانين ومدنيتنى بيله قبول ابتديلر.
56,5,بوملوك اوقرايناليلرك غادا ت و آداب مغشرتنه طوقنمق شـويله ظورسون بالعكس اوقرايناليلرك لسانى، قوانين ومدنيييى بيله قبول ابديلر.,بوملوك اوقرايناليلرك عادات و آداب معاشرتنه طوقنمق شـويله طورسون بالعكس اوقرايناليلرك لسانى، قوانين ومدنيتنى بيله قبول ابتديلر.,بوملوك اوقرايناليلرك غادات و آداب معشرتنه طوقنمق شـويله ظورسون بالعكس اوقرايناليلرك لسانى، قوانين ومدنيييى بيله قبول ابديلر.
56,6,بومل وك اورايتاليلزكصعاداتح و آاب معاشتنه طوقنم ق شـويله ظورشون بالعك اوقرطايناكليلرك لسانى، قوانين ومدنيتثى بيله قبول ابتدهيلر.,بوملوك اوقرايناليلرك عادات و آداب معاشرتنه طوقنمق شـويله طورسون بالعكس اوقرايناليلرك لسانى، قوانين ومدنيتنى بيله قبول ابتديلر.,بوملوك اورايناليلرك صعادات و آاب معاشتنه طوقنمق شـويله ظورشون بالعك اوقرايناليلرك لسانى، قوانين ومدنيتنى بيله قبول ابتدهيلر.
56,7,بوملوك اوقرايناليلرک عادات و آداب معاشرتنه طوقنمق شـويله طوزسون بالعكس اوقرايناليلرك لسانى، قوانين ومدنيتنى بيله قبول ابتدىلر.,بوملوك اوقرايناليلرك عادات و آداب معاشرتنه طوقنمق شـويله طورسون بالعكس اوقرايناليلرك لسانى، قوانين ومدنيتنى بيله قبول ابتديلر.,بوملوك اوقرايناليلرك عادات و آداب معاشرتنه طوقنمق شـويله طورسون بالعكس اوقرايناليلرك لسانى، قوانين ومدنيتنى بيله قبول ابتدالر.
56,8,ب وملوك اوفرىيناليلرك عادات و آداب معاشرتنه طوقنمق شـو يلهطورسونع ب العكس اوقرايناليلرك لسانى، قوانين ومدنيتنى بيهقبول ابتديلز.,بوملوك اوقرايناليلرك عادات و آداب معاشرتنه طوقنمق شـويله طورسون بالعكس اوقرايناليلرك لسانى، قوانين ومدنيتنى بيله قبول ابتديلر.,بوملوك اوقرايناليلرك عادات و آداب معاشرتنه طوقنمق شـويله طورسونع بالعكس اوقرايناليلرك لسانى، قوانين ومدنيتنى بيهق بول ابتديلر.
56,9,بوملوك او فراىنياليلزرك عاذات و آذاب معاشرتنه طوقنمق شـويله طورسون بالعك اوقراينالكلزرك لشانى، قوانين ومذنيتنى بيةله قبولش ابتديلر.,بوملوك اوقرايناليلرك عادات و آداب معاشرتنه طوقنمق شـويله طورسون بالعكس اوقرايناليلرك لسانى، قوانين ومدنيتنى بيله قبول ابتديلر.,بوملوك او قرايناليلرك عادات و آداب معاشرتنه طوقنمق شـويله طورسون بالعك اوقرايناليلرك لشانى، قوانين ومدنيتنى بيله قبولش ابتديلر.
56,10,بوملوك اوفراينالي لرك غادات و آداب معاشرتنة طوقنمق شـويله طورسون بالعكس ىوقرايناليلرك لسانى، قوانين ومدنيتنى بيله قبول ابتديلز.,بوملوك اوقرايناليلرك عادات و آداب معاشرتنه طوقنمق شـويله طورسون بالعكس اوقرايناليلرك لسانى، قوانين ومدنيتنى بيله قبول ابتديلر.,بوملوك اوقرايناليلرك غادات و آداب معاشرتنه طوقنمق شـويله طورسون بالعكس اوقرايناليلرك لسانى، قوانين ومدنيتنى بيله قبول ابتديلر.
56,11,بوملوك اوقراي ناليلركعا دات و آداب معاشرتنه طوقنمق شـويلهطورسون بالعكس اوقراىثباليلرك لسانى، قوانىن ومدنيتنى بىله قبو ابتد يلر.,بوملوك اوقرايناليلرك عادات و آداب معاشرتنه طوقنمق شـويله طورسون بالعكس اوقرايناليلرك لسانى، قوانين ومدنيتنى بيله قبول ابتديلر.,بوملوك اوقرايناليلرك عادات و آداب معاشرتنه طوقنمق شـويله طورسون بالعكس اوقرايناليلرك لسانى، قوانان ومدنيتنى باله قبو ابتديلر.
56,12,بو ملوك اوقرايناليلرك عادات و آداب معاشرتنة طوقنمق شـويله طورسوث بالعکس اوقرايناليلرك لسانى، قوانيت ومدنيتنى بكله قبول ابتديل.,بوملوك اوقرايناليلرك عادات و آداب معاشرتنه طوقنمق شـويله طورسون بالعكس اوقرايناليلرك لسانى، قوانين ومدنيتنى بيله قبول ابتديلر.,بو ملوك اوقرايناليلرك عادات و آداب معاشرتنه طوقنمق شـويله طورسوت بالعکس اوقرايناليلرك لسانى، قوانيت ومدنيتنى بكله قبول ابتديلر.
56,13,بوملكوك اوقركانيناليلرك عادات و آداب معاشرتنه طوقنمق شـويله طورسون بالعكس او قراناليلركلشانى،قوانين ومنيتنى بيلهقبول ابندىلر.,بوملوك اوقرايناليلرك عادات و آداب معاشرتنه طوقنمق شـويله طورسون بالعكس اوقرايناليلرك لسانى، قوانين ومدنيتنى بيله قبول ابتديلر.,بوملكوك اوقرايناليلرك عادات و آداب معاشرتنه طوقنمق شـويله طورسون بالعكس او قراناليلرك لشانى، قوانين ومنيتنى بيله قبول ابنديلر.
56,14,بوملوك اوقرايناليلرك عاداي و ادب معاش رتنه طوقيمف شـويل ة طورسوت بالعكش اوق رايناليلرك لسانى، قوان ين ومنيت نى بکله قبول ابتدلر.,بوملوك اوقرايناليلرك عادات و آداب معاشرتنه طوقنمق شـويله طورسون بالعكس اوقرايناليلرك لسانى، قوانين ومدنيتنى بيله قبول ابتديلر.,بوملوك اوقرايناليلرك عاداي و ادب معاشرتنه طوقيمف شـويله طورسوت بالعكش اوقرايناليلرك لسانى، قوانين ومنيتنى بيله قبول ابتدلر.
56,15,بملوك اوقراکناليلرك عادت و آدا معضاشرتنه طوقيمق شوله طورسون بالعكس اوقرايناليلرك لسىبى، قوانين ومدنيتنى بيله قبول ابنديلر.,بوملوك اوقرايناليلرك عادات و آداب معاشرتنه طوقنمق شـويله طورسون بالعكس اوقرايناليلرك لسانى، قوانين ومدنيتنى بيله قبول ابتديلر.,بملوك اوقرايناليلرك عادت و آدا معضارتنه طوقيمق شوله طورسون بالعكس اوقرايناليلرك لسابى، قوانين ومدنيتنى بيله قبول اونديلر.
56,16,بوملوک اوقراي نالکلرك ع ادات و آداب معاشرت نه وقنق ـوييل ه طورسون بالعش اوقراکناليلرك لسانى، قوانين ومدنيتنى بيله قبول ابتدير.,بوملوك اوقرايناليلرك عادات و آداب معاشرتنه طوقنمق شـويله طورسون بالعكس اوقرايناليلرك لسانى، قوانين ومدنيتنى بيله قبول ابتديلر.,بوملوك اوقرايناليلرك عادات و آداب معاشرتنه وقنق ـوييله طورسون بالعش اوقرايناليلرك لسانى، قوانين ومدنيتنى بيله قبول ابتدير.
56,17,بوملوك اوفرايياليلرك عادات و آداب معاشرته طوفنمق شويلهطورسو بالعكس اوقرايتاليلرك لسانى، قوانين ومدنكتنى ثيله قبو ابتديلر.,بوملوك اوقرايناليلرك عادات و آداب معاشرتنه طوقنمق شـويله طورسون بالعكس اوقرايناليلرك لسانى، قوانين ومدنيتنى بيله قبول ابتديلر.,بوملوك اوقرايناليلرك عادات و آداب معاشرته طوفنمق شويله طورسو بالعكس اوقرايناليلرك لسانى، قوانين ومدنكتنى ثيله قبو ابتديلر.
56,18,بوملوك ىوقرايناليرك غادات و آدأاب معاشرتنه طوفنمق شـويله طورسون بلعكس اوقرايناليلرك لسانى، قوانين ودنيتن بيله قثول ابتديلر.,بوملوك اوقرايناليلرك عادات و آداب معاشرتنه طوقنمق شـويله طورسون بالعكس اوقرايناليلرك لسانى، قوانين ومدنيتنى بيله قبول ابتديلر.,بوملوك اوقرايناليرك غادات و آداب معاشرتنه طوفنمق شـويله طورسون بلعكس اوقرايناليلرك لسانى، قوانين ودنيتنه بيله قثول ابتديلر.
56,19,بوملوك اوق رايناليلرك عىدات و آذاب معاشرتنه طوقنمق شـويله طورسون بالغكس اوقرايناليلرك لسنى فوانين ومدنيتنى بيلة قول ابتديلر.,بوملوك اوقرايناليلرك عادات و آداب معاشرتنه طوقنمق شـويله طورسون بالعكس اوقرايناليلرك لسانى، قوانين ومدنيتنى بيله قبول ابتديلر.,بوملوك اوقرايناليلرك عادات و آداب معاشرتنه طوقنمق شـويله طورسون بالغكس اوقرايناليلرك لسنى فوانين ومدنيتنى بيله قول ابتديلر.
173,0,روسيەنك يقين بر آتیدة پارچةلنمسنی شدتله آرزو ای دن بر چوق اوقرا ناليلر كدرك ١٨٦٣ سنەسدەکی پولونیا اختلالتة وكرك ر وساختلا لكاز فرقه لرينک ترتيبىت وتشكيلاننه فعلاً اشثراك ايديلر.,روسيەنك يقين بر آتیده پارچه لنمسنی شدتله آرزو ایدن بر چوق اوقرايناليلر كرك ١٨٦٣ سنەسندەکی پولونیا اختلالته وكرك روس اختلالكار فرقه لرينك ترتيبات وتشكيلاتنه فعلاً اشتراك ايلديلر.,روسيەنك يقين بر آتیده پارچه لنمسنی شدتله آرزو ایدن بر چوق اوقرايناليلر كدرك ١٨٦٣ سنەسدەکی پولونیا اختلالته وكرك روس اختلالته وكرك روس اختلالته وكرك روس اختلالياز فرقه لرينك ترتيبيت وتشكيلاننه فعلاً اشثراك ايديلر.
173,1,روسينرك يقىن برآتیده پارچه نمسنی شدتيله آرزو ا یدن ب چوق اوقرايناليلر كرك ١٨٦٣ سنەسندەکی پولونیا اختلالته ويزك روس ىختلالكکار فرقه لرينكي تييباث وتشكيىتنه ف عل اً ايراك ايلديلر.,روسيەنك يقين بر آتیده پارچه لنمسنی شدتله آرزو ایدن بر چوق اوقرايناليلر كرك ١٨٦٣ سنەسندەکی پولونیا اختلالته وكرك روس اختلالكار فرقه لرينك ترتيبات وتشكيلاتنه فعلاً اشتراك ايلديلر.,روسينرك يقان برآتیده پارچه نمسنی شدتيله آرزو ایدن بچوق اوقرايناليلر كرك ١٨٦٣ سنەسندەکی پولونیا اختلالته ويرك روس اختلالكکار فرقه لرينك تييبات وتشكياتنه فعلاً ايراك ايلديلر.
173,2,روسيەنک يقيي ر آتیذه پارچه لنمسنی شدتلهززو ایدن ر چوق اوقايياليلر كرک ١٨٦٣ سنەسندەکی پولونیا اختلالته وكرکروس اختلالكار فرقة لرينك ترتيبات ونشكيلاتنه فعلاً استراك کلدي لرف.,روسيەنك يقين بر آتیده پارچه لنمسنی شدتله آرزو ایدن بر چوق اوقرايناليلر كرك ١٨٦٣ سنەسندەکی پولونیا اختلالته وكرك روس اختلالكار فرقه لرينك ترتيبات وتشكيلاتنه فعلاً اشتراك ايلديلر.,روسيەنك يقيير آتیده پارچه لنمسنی شدتله روس ایدن رچوق اوقرايناليلر كرك ١٨٦٣ سنەسندەکی پولونیا اختلالته وكريروس اختلالكار فرقه لرينك ترتيبات ونشكيلاتنه فعلاً استراك کلديلر.
173,3,روسيەنك يقين بر آتیده پارچه لنمسنی شدتله ارزو ایدن بر چوق اوفرايناليلر كرك ١٨٦٣ سنەسندەکی پولونیا اختل التة وكرك روس اخت لالكارفرقه لركنك ترتيبات وتشكيلاتنه فعلً اشتراك اکلديلر.,روسيەنك يقين بر آتیده پارچه لنمسنی شدتله آرزو ایدن بر چوق اوقرايناليلر كرك ١٨٦٣ سنەسندەکی پولونیا اختلالته وكرك روس اختلالكار فرقه لرينك ترتيبات وتشكيلاتنه فعلاً اشتراك ايلديلر.,روسيەنك يقين بر آتیده پارچه لنمسنی شدتله ارزو ایدن بر چوق اوقرايناليلر كرك ١٨٦٣ سنەسندەکی پولونیا اختلالته وكرك روس اختلالكارفرقه لركنك ترتيبات وتشكيلاتنه فعلً اشتراك ايلديلر.
173,4,روسيەنك قين بر آتیده پارچه لنمسنی شدثله آرزو ایدن بر چوق اوقرايناليلر ري ١٨٦٣ سنەسندەکی پولونیا اختلالته وكرك رو س اختثلالكىر فرقه لرينك ترتيباتوبشكيلاتنه فعلى اشتراك ايلديلر.,روسيەنك يقين بر آتیده پارچه لنمسنی شدتله آرزو ایدن بر چوق اوقرايناليلر كرك ١٨٦٣ سنەسندەکی پولونیا اختلالته وكرك روس اختلالكار فرقه لرينك ترتيبات وتشكيلاتنه فعلاً اشتراك ايلديلر.,روسيەنك قين بر آتیده پارچه لنمسنی شدنله آرزو ایدن بر چوق اوقرايناليلرك ١٨٦٣ سنەسندەکی پولونیا اختلالته وكرك روس اختثلالكار فرقه لرينك ترتيبات وبشكيلاتنه فعلى اشتراك ايلديلر.
173,5,روسيەنك يفين برآتیده پاره لنم سنی شذتله آرزو ایدن بر چوق اوقزانالىلر كرک ١٨٦٣ سنەسندەيی پولونیا اختلالته وحكرك روس اختللكار فرقه رينك ترتکبات وتشكيلاتنه قعلاً اشتراك ايلديلر.,روسيەنك يقين بر آتیده پارچه لنمسنی شدتله آرزو ایدن بر چوق اوقرايناليلر كرك ١٨٦٣ سنەسندەکی پولونیا اختلالته وكرك روس اختلالكار فرقه لرينك ترتيبات وتشكيلاتنه فعلاً اشتراك ايلديلر.,روسيەنك يفين برآتیده پاره لنمسنی شدتله آرزو ایدن بر چوق اوقرايناليلر كرك ١٨٦٣ سنەسندەيی پولونیا اختلالته وحكرك روس اختللكار فرقه رينك ترتکبات وتشكيلاتنه قعلاً اشتراك ايلديلر.
173,6,روسيەنك يقين بر آتیذه پارچه لن مسنی شدتله آررو ایدن بر چوق اوقرايناليلر كرك ١٨٦٣ سەسندەيی پولونیا اجتلالته وكرطك روس اختکلالكار فزفه لرىنك ترتيبا ونشكيلابنه فعلاً اشتراك ايلآديلر.,روسيەنك يقين بر آتیده پارچه لنمسنی شدتله آرزو ایدن بر چوق اوقرايناليلر كرك ١٨٦٣ سنەسندەکی پولونیا اختلالته وكرك روس اختلالكار فرقه لرينك ترتيبات وتشكيلاتنه فعلاً اشتراك ايلديلر.,روسيەنك يقين بر آتیده پارچه لن مسنی شدتله آررو ایدن بر چوق اوقرايناليلر كرك ١٨٦٣ سەسندەيی پولونیا اجتلالته وكرك روس اختيلالكار فرقه لرينك ترتيب اونشكيلابنه فعلاً اشتراك ايلديلر.
173,7,رودسيەنك يقين بر آتیده پا رچة لثمسنی شدتله آرزو ایدن بر چوق او قراينالکلر كرك ١٨ذ ٦٣ سنەسندەکی پولونیا اختلالبه وكركن روس اختلالكار فرقه لرىنك ترتيبات وتشكيلاتنه فعلا اشتراك ايلديل.,روسيەنك يقين بر آتیده پارچه لنمسنی شدتله آرزو ایدن بر چوق اوقرايناليلر كرك ١٨٦٣ سنەسندەکی پولونیا اختلالته وكرك روس اختلالكار فرقه لرينك ترتيبات وتشكيلاتنه فعلاً اشتراك ايلديلر.,روديەنك يقين بر آتیده پارچه لمسنی شدتله آرزو ایدن بر چوق او قرايناليلر كرك ١٨د٦٣ سنەسندەکی پولونیا اختلالنه وكرين روس اختلالكار فرقه لرينك ترتيبات وتشكيلاتنه فعلا اشتراك ايلديلر.
173,8,روسيەنك يقيثبر آتیده پارچه نمسنی شدتله آرزو ایدن بر چ اوقراينايلر كرک ١٨٦٣ سيەسبدەكی پولونا ىختلالته وكرك روس اختلالك ر فرقه لريني ترتيبات وتشكيلاته فعلاً اشتراي ايلديلر.,روسيەنك يقين بر آتیده پارچه لنمسنی شدتله آرزو ایدن بر چوق اوقرايناليلر كرك ١٨٦٣ سنەسندەکی پولونیا اختلالته وكرك روس اختلالكار فرقه لرينك ترتيبات وتشكيلاتنه فعلاً اشتراك ايلديلر.,روسيەنك يقيت بر آتیده پارچه نمسنی شدتله آرزو ایدن بر چچ اوقرايناليلر كرك ١٨٦٣ سيەسندەکی پولونا اختلالته وكرك روس اختلالك رفرقه لرينك ترتيبات وتشكيلاته فعلاً اشتراي ايلديلر.
173,9,روسيەن يقن بر آتیدة پارچه لنمسن شدتلهن آرزو ایدن برص چوق اوقرايناليلر كرك ١٨٦٣ سنەستدەکی پولونیااختلالته و كرك روس اختلالكار فرقه لرينك ترتيبات تشكىلاتنه فعلاً اشتزاكاىلدىلطر.,روسيەنك يقين بر آتیده پارچه لنمسنی شدتله آرزو ایدن بر چوق اوقرايناليلر كرك ١٨٦٣ سنەسندەکی پولونیا اختلالته وكرك روس اختلالكار فرقه لرينك ترتيبات وتشكيلاتنه فعلاً اشتراك ايلديلر.,روسيەنك يقن بر آتیده پارچه لنمسنه شدتله آرزو ایدن بر چوق اوقرايناليلر كرك ١٨٦٣ سنەستدەکی پولونیا اختلالته و كرك روس اختلالكار فرقه لرينك ترتيبات تشكيلاتنه فعلاً اشتراك ايلديلر.
173,10,روسينك يقين ب آيیده پارچه لنمسنی شدثرله آ رزو ایدن بز چوق اوقراکناليلر كرك ١٨٦٣ نەسنەکی پولونیا اختلالتته ورك روکس اخ تلالك ارفرقه لرينك ترتيباتص وتشكيلاينه فعلاً اشتراك ايلديلر.,روسيەنك يقين بر آتیده پارچه لنمسنی شدتله آرزو ایدن بر چوق اوقرايناليلر كرك ١٨٦٣ سنەسندەکی پولونیا اختلالته وكرك روس اختلالكار فرقه لرينك ترتيبات وتشكيلاتنه فعلاً اشتراك ايلديلر.,روسينك يقين بر آيیده پارچه لنمسنی شدرله آرزو ایدن بر چوق اوقرايناليلر كرك ١٨٦٣ نەسنەکی پولونیا اختلالته ورك روکس اختلالك ارفرقه لرينك ترتيبات وتشكيلاينه فعلاً اشتراك ايلديلر.
173,11,روسيەن يقين بر آتیده ار چه لبمسنی شدتثله آزز یدن بر چوق اوقراکناليلر كرك ١٨٦٣ شنەسندەكی پولون یا اختلالته وكرك روس اختلالكار فقة لريك ترتيبات ويشكيلاتشنةض فع لاً اشتراک ايلديلر.,روسيەنك يقين بر آتیده پارچه لنمسنی شدتله آرزو ایدن بر چوق اوقرايناليلر كرك ١٨٦٣ سنەسندەکی پولونیا اختلالته وكرك روس اختلالكار فرقه لرينك ترتيبات وتشكيلاتنه فعلاً اشتراك ايلديلر.,روسيەنك يقين بر آتیده ارچه لبمسنی شدتله آرزیدن بر چوق اوقرايناليلر كرك ١٨٦٣ سنەسندەکی پولونیا اختلالته وكرك روس اختلالكار فقه لريك ترتيبات ويشكيلاتشنه فعلاً اشتراك ايلديلر.
173,12,زوسيەنك يقين بر آيیده پارچه لنمسنی شدتله آرزو ایدن ب ر چوف اوقراينالکلر كك ١٨٦٣ سنەسندەی پولونیى اختلىلته وكرك روس اختلالكىر فرقه لرنك ترتيبات وتشككلاتنه فعلاً اشتراك ايلديلر.,روسيەنك يقين بر آتیده پارچه لنمسنی شدتله آرزو ایدن بر چوق اوقرايناليلر كرك ١٨٦٣ سنەسندەکی پولونیا اختلالته وكرك روس اختلالكار فرقه لرينك ترتيبات وتشكيلاتنه فعلاً اشتراك ايلديلر.,زوسيەنك يقين بر آيیده پارچه لنمسنی شدتله آرزو ایدن بر چوف اوقرايناليلر كك ١٨٦٣ سنەسندەی پولونیا اختلالته وكرك روس اختلالكار فرقه لرنك ترتيبات وتشكيلاتنه فعلاً اشتراك ايلديلر.
173,13,روسيەنك يقين بر آتیده پازچ لنمسنی شدتله آززوایدن بر چوق اوقزايناليلر كرك ١٨٦٣ سنەستدەکی پولوتیا اختلالتة ورك روس اختىلكاز فرقة لرينك ترتيات وتشکيلاتنة فعلاًاشتراك ايلديلر.,روسيەنك يقين بر آتیده پارچه لنمسنی شدتله آرزو ایدن بر چوق اوقرايناليلر كرك ١٨٦٣ سنەسندەکی پولونیا اختلالته وكرك روس اختلالكار فرقه لرينك ترتيبات وتشكيلاتنه فعلاً اشتراك ايلديلر.,روسيەنك يقين بر آتیده پارچلنمسنی شدتله آرزوایدن بر چوق اوقرايناليلر كرك ١٨٦٣ سنەستدەکی پولوتیا اختلالته ورك روس اختالكاز فرقه لرينك ترتيات وتشکيلاتنه فعلاً اشتراك ايلديلر.
173,14,روسيەنك يقين ر آتیده پارچه لنمسنی شدتلة آرزو ایدن بر چوق اوقرايناليلر كرك ١٨٦٣ سنەشندەکی پول ونیا ا ختلالته وكرك روس اختصلالكار فرقه لرينك ترتيبات وتشكکلاتنه فعلً ىشراك ايل ديلر.,روسيەنك يقين بر آتیده پارچه لنمسنی شدتله آرزو ایدن بر چوق اوقرايناليلر كرك ١٨٦٣ سنەسندەکی پولونیا اختلالته وكرك روس اختلالكار فرقه لرينك ترتيبات وتشكيلاتنه فعلاً اشتراك ايلديلر.,روسيەنك يقين رآتیده پارچه لنمسنی شدتله آرزو ایدن بر چوق اوقرايناليلر كرك ١٨٦٣ سنەسندەکی پولونیا اختلالته وكرك روس اختصلالكار فرقه لرينك ترتيبات وتشكيلاتنه فعلً اشراك ايلديلر.
173,15,روسيەنك يقين ير آتیده پارچه لنمستی شظدتله آرزو یدن بر چوق اوقرانىليلر كرك ١٨٦٣ سنەسندەکی پولونیااختلالته وكرك روس اختلالكار فرقه لرينك ترتيبات وتشكيلاينه فعلاً اشتراك ايلكديلر.,روسيەنك يقين بر آتیده پارچه لنمسنی شدتله آرزو ایدن بر چوق اوقرايناليلر كرك ١٨٦٣ سنەسندەکی پولونیا اختلالته وكرك روس اختلالكار فرقه لرينك ترتيبات وتشكيلاتنه فعلاً اشتراك ايلديلر.,روسيەنك يقين ير آتیده پارچه لنمستی سطدتله آرزویدن بر چوق اوقرايناليلر كرك ١٨٦٣ سنەسندەکی پولونیا اختلالته وكرك روس اختلالكار فرقه لرينك ترتيبات وتشكيلاينه فعلاً اشتراك ايليديلر.
173,16,روسكەني يقين بر آتیدة پارچه لنمسنی شدتله آرزو ایدن بر چوق اوقرايناليل كرك ١٨٦٣ سنەسندەکی پولونی ا ىختلالته وكرك روس اختألالكار فرقه لرينك ترتيىت وتشكيلاين ه فعلاً اشتراك ايديلر.,روسيەنك يقين بر آتیده پارچه لنمسنی شدتله آرزو ایدن بر چوق اوقرايناليلر كرك ١٨٦٣ سنەسندەکی پولونیا اختلالته وكرك روس اختلالكار فرقه لرينك ترتيبات وتشكيلاتنه فعلاً اشتراك ايلديلر.,روسيەنك يقين بر آتیده پارچه لنمسنی شدتله آرزو ایدن بر چوق اوقرايناليلكرك ١٨٦٣ سنەسندەکی پولونی اختلالته وكرك روس اختلالكار فرقه لرينك ترتيات وتشكيلاينه فعلاً اشتراك ايديلر.
173,17,روسيەنك يقين بر آتیده پارچه لنمسنی شدتله آرزو ادن بر چوق اوقراىناليزلثر كرك ١٨٦٣ سنشندەکی پولونا ىختلالت وکك روس اختلالكىر فر قه لرىنك ترتيبات وتشکيلاتنه فعلاً استراك ايلديلر.,روسيەنك يقين بر آتیده پارچه لنمسنی شدتله آرزو ایدن بر چوق اوقرايناليلر كرك ١٨٦٣ سنەسندەکی پولونیا اختلالته وكرك روس اختلالكار فرقه لرينك ترتيبات وتشكيلاتنه فعلاً اشتراك ايلديلر.,روسيەنك يقين بر آتیده پارچه لنمسنی شدتله آرزوادن بر چوق اوقرايناليزلر كرك ١٨٦٣ سنسندەکی پولونا اختلالت وكك روس اختلالكار فرقه لرينك ترتيبات وتشکيلاتنه فعلاً استراك ايلديلر.
173,18,روسيەنك يقين بر آتیده پارچة لنمسنی شدتلسه آرز ان ر چوق اوقاكناليلر كزك ١٨٦٣ شنەسندەکی پولونی ا ىتلالته وفكرک روس اختل الكار فرقة لرينكتزتيبى وتسكيلاتنه علاً اشتراك ايلديلر.,روسيەنك يقين بر آتیده پارچه لنمسنی شدتله آرزو ایدن بر چوق اوقرايناليلر كرك ١٨٦٣ سنەسندەکی پولونیا اختلالته وكرك روس اختلالكار فرقه لرينك ترتيبات وتشكيلاتنه فعلاً اشتراك ايلديلر.,روسيەنك يقين بر آتیده پارچه لنمسنی شدتلسه آرزان رچوق اوقرايناليلر كزك ١٨٦٣ سنەسندەکی پولونی ااتلالته وفكرك روس اختلالكار فرقه لرينك ترتيبى وتسكيلاتنه علاً اشتراك ايلديلر.
173,19,روسيەنك يقين بر آتیده پارچه لنمسنی شدتله آرزو ایدن بر چوقاوقرايناليلر كر ٨٦ سنەسندەکی پولونیا اخبلالته وكرك روس اختلالکىر فرقه لرينك ترتكبات وتشكيلاتنه فعلاً استراک ايلديلر.,روسيەنك يقين بر آتیده پارچه لنمسنی شدتله آرزو ایدن بر چوق اوقرايناليلر كرك ١٨٦٣ سنەسندەکی پولونیا اختلالته وكرك روس اختلالكار فرقه لرينك ترتيبات وتشكيلاتنه فعلاً اشتراك ايلديلر.,روسيەنك يقين بر آتیده پارچه لنمسنی شدتله آرزو ایدن بر چوق اوقرايناليلر كر ٨٦ سنەسندەکی پولونیا اختلالته وكرك روس اختلالير فرقه لرينك ترتكبات وتشكيلاتنه فعلاً استراك ايلديلر.
57,0,(لتیوانی) پرنسلری (غىليچيا - وولهينىا) حکومنی ایله یقی همجوارىق روابطني ت أسيس وادامه ایتديل.,(لتیوانی) پرنسلری (غاليچيا - وولهينيا) حکومتی ایله صیقی همجواراق روابطنى تأسيس وادامه ایتديلر.,(لتیوانی) پرنسلری (غاليچيا - وولهينا) حکومنی ایله یقی همجواراق روابطنيت أسيس وادامه ایتديلر.
57,1,(لتیوانی) پرنسلریف (غاليچيا - وولهينيا) حکومتی ایله صیقی همجواراق روابطنى تاسىس واامه ایتديلر.,(لتیوانی) پرنسلری (غاليچيا - وولهينيا) حکومتی ایله صیقی همجواراق روابطنى تأسيس وادامه ایتديلر.,(لتیوانی) پرنسلریف (غاليچيا - وولهينيا) حکومتی ایله صیقی همجواراق روابطنى تاساس واامه ایتديلر.
57,2,(لتیوانی) پزنسلری (غاليچيا - وولهينىا) حکومتی ایله صیقی همجزواراق رابطخث تأسيس وىدام ه ایتديلر.,(لتیوانی) پرنسلری (غاليچيا - وولهينيا) حکومتی ایله صیقی همجواراق روابطنى تأسيس وادامه ایتديلر.,(لتیوانی) پرنسلری (غاليچيا - وولهينا) حکومتی ایله صیقی همجرواراق رابطت تأسيس وادامه ایتديلر.
57,3,( لتیوانی) پرثسلری (غالکچيا - ووهينيا) حکومتی ایله صیقی همجوااق ر وابطنى تأسيس وادامه ایتديلر.,(لتیوانی) پرنسلری (غاليچيا - وولهينيا) حکومتی ایله صیقی همجواراق روابطنى تأسيس وادامه ایتديلر.,(لتیوانی) پرنسلری (غالکچيا - ووهينيا) حکومتی ایله صیقی همجواقر وابطنى تأسيس وادامه ایتديلر.
57,4,(لتیوانی) پنسذلری (غاليچيا - وولهينيا) حکومتی ایله صیقی هجواراق روبطنطى تأسيس وادامه ایتذيلر.,(لتیوانی) پرنسلری (غاليچيا - وولهينيا) حکومتی ایله صیقی همجواراق روابطنى تأسيس وادامه ایتديلر.,(لتیوانی) پنسدلری (غاليچيا - وولهينيا) حکومتی ایله صیقی هجواراق روبطنطى تأسيس وادامه ایتديلر.
57,5,(لتیوان ) پرنلری (غاليچيا - وولهينيا) کومتی ایله صیقی همجوىراغق روابطنى تأسيس وادامه ایتدي لر.,(لتیوانی) پرنسلری (غاليچيا - وولهينيا) حکومتی ایله صیقی همجواراق روابطنى تأسيس وادامه ایتديلر.,(لتیوان) پرنلری (غاليچيا - وولهينيا) کومتی ایله صیقی همجواراغق روابطنى تأسيس وادامه ایتديلر.
57,6,(لتیوانی) پرنسلزی غاليچيا وولهکني)حکومتی ایله صیقی همجواراق روابطنى تأسيس وادامه ایتديلر.,(لتیوانی) پرنسلری (غاليچيا - وولهينيا) حکومتی ایله صیقی همجواراق روابطنى تأسيس وادامه ایتديلر.,(لتیوانی) پرنسلری غاليچيا وولهکنى) حکومتی ایله صیقی همجواراق روابطنى تأسيس وادامه ایتديلر.
57,7,(لتیواغنی) پرنسلری (غالىچيا -وولةيني) حکومتی ایله صیقی همجواراق روابطيي تأسىس واظدامه ایتديلر.,(لتیوانی) پرنسلری (غاليچيا - وولهينيا) حکومتی ایله صیقی همجواراق روابطنى تأسيس وادامه ایتديلر.,(لتیواغنی) پرنسلری (غالاچيا - وولهيني) حکومتی ایله صیقی همجواراق روابطين تأسيس واظدامه ایتديلر.
57,8,(لتیوانی) پرنسلری (غاليچيا - ووهىنيا) حکومتی ایله صیفی همجواراق روىيطنى تاسيس واداما ىیتديل ر.,(لتیوانی) پرنسلری (غاليچيا - وولهينيا) حکومتی ایله صیقی همجواراق روابطنى تأسيس وادامه ایتديلر.,(لتیوانی) پرنسلری (غاليچيا - ووهانيا) حکومتی ایله صیفی همجواراق رواينى تاسيس واداما ایتديلر.
57,9,(لتیونی)پرنشلری (غاليچيا - ووخلهينيا) حکومتی ایله صیقی هتمجواراق رابطنى تأسيس ادامهایتدي لر,(لتیوانی) پرنسلری (غاليچيا - وولهينيا) حکومتی ایله صیقی همجواراق روابطنى تأسيس وادامه ایتديلر.,(لتیونی) پرنشلری (غاليچيا - ووخلهينيا) حکومتی ایله صیقی هتمجواراق رابطنى تأسيس ادامه ایتديلر.
57,10,(لتیوانی) پرنسلزی (غالکچيا - وولهينىا) حکومتی ایله صیقی همجاراف رابطنى تأسيس وادامه ایتديلر.,(لتیوانی) پرنسلری (غاليچيا - وولهينيا) حکومتی ایله صیقی همجواراق روابطنى تأسيس وادامه ایتديلر.,(لتیوانی) پرنسلری (غالکچيا - وولهينا) حکومتی ایله صیقی همجاراف رابطنى تأسيس وادامه ایتديلر.
57,11,(لتیوانی) پرنشلری (عاليچيا - وولهينيا) حکومتی ایله ضیقی همجواراق روابطتى تأسيس وادامه ایيديلز.,(لتیوانی) پرنسلری (غاليچيا - وولهينيا) حکومتی ایله صیقی همجواراق روابطنى تأسيس وادامه ایتديلر.,(لتیوانی) پرنشلری (عاليچيا - وولهينيا) حکومتی ایله ضیقی همجواراق روابطتى تأسيس وادامه ایديلر.
57,12,(لتیوىیع) پرنسلری غالييا - وولهينيا) هکومتی ایلة صیقی همجواراق روابطنا تأسي و دامه ایتديلز.,(لتیوانی) پرنسلری (غاليچيا - وولهينيا) حکومتی ایله صیقی همجواراق روابطنى تأسيس وادامه ایتديلر.,(لتیوایع) پرنسلری غالينا - وولهينيا) هکومتی ایله صیقی همجواراق روابطنا تأسيه و دامه ایتديلر.
57,13,(لتیونی) پرنسل ری (غاليچيى - وولهينيى) حکومتی یله صی ق ةمجواكراف روابطنى تأسيس وادامه ایتديلر.,(لتیوانی) پرنسلری (غاليچيا - وولهينيا) حکومتی ایله صیقی همجواراق روابطنى تأسيس وادامه ایتديلر.,(لتیونی) پرنسلری (غاليچيا - وولهينيا) حکومتی یله صیق همجواكراف روابطنى تأسيس وادامه ایتديلر.
57,14,(لتیوىنی) پرنسلری (غاليچيا -ولهينيا) حومبی ایله صیقی هم جوىراحق زو ابطنى تأ سيس وادىه ایتذير.,(لتیوانی) پرنسلری (غاليچيا - وولهينيا) حکومتی ایله صیقی همجواراق روابطنى تأسيس وادامه ایتديلر.,(لتیوانی) پرنسلری (غاليچيا - ولهينيا) حومبی ایله صیقی هم جواراحق زو ابطنى تأسيس واديه ایتدير.
57,15,(لبیوانی) پشرنسلری (غاليچيا - وولهينذيا) حطکومتی ایله صیقی همحواراقع روابطنى تأشيس وىدامه ایتديلر.,(لتیوانی) پرنسلری (غاليچيا - وولهينيا) حکومتی ایله صیقی همجواراق روابطنى تأسيس وادامه ایتديلر.,(لبیوانی) پشرنسلری (غاليچيا - وولهينديا) حکومتی ایله صیقی همحواراق روابطنى تأسيس وادامه ایتديلر.
57,16,(لتیإوانی) پرنسلری (غليچيا - وولهييا) حکومذت ی ایله ضیقیهمحوارىق روا بطنغى تأسيس وادىمه ایتدظيلر,(لتیوانی) پرنسلری (غاليچيا - وولهينيا) حکومتی ایله صیقی همجواراق روابطنى تأسيس وادامه ایتديلر.,(لتیوانی) پرنسلری (غليچيا - وولهييا) حکومدی ایله ضیقیه محواراق روا بطنغى تأسيس وادامه ایتديلر.
57,17,(لتیوانی) پرنسلری (عالىچيا - وولهينبيى) کومتی ایله صیقی همجواراق رابطنى يأسيس وادىمة ایتدىلر.,(لتیوانی) پرنسلری (غاليچيا - وولهينيا) حکومتی ایله صیقی همجواراق روابطنى تأسيس وادامه ایتديلر.,(لتیوانی) پرنسلری (عالاچيا - وولهينبيا) کومتی ایله صیقی همجواراق رابطنى يأسيس وادامه ایتدالر.
57,18,(ل تیواثی) پرنشلری (غاليچيا - وولهينيا) حکمتی اله صیقی همجواراق روابطنى تأسكس وىدامه ایتديلرط.,(لتیوانی) پرنسلری (غاليچيا - وولهينيا) حکومتی ایله صیقی همجواراق روابطنى تأسيس وادامه ایتديلر.,(لتیواتی) پرنشلری (غاليچيا - وولهينيا) حکمتی اله صیقی همجواراق روابطنى تأسكس وادامه ایتديلر.
57,19,(لتیوانی) پرنسلری عاليچيا - وولهينيا) حکومتی ایله صیقی همجواراق روابطنى تأسيش وادامه ایتديلر.,(لتیوانی) پرنسلری (غاليچيا - وولهينيا) حکومتی ایله صیقی همجواراق روابطنى تأسيس وادامه ایتديلر.,(لتیوانی) پرنسلری عاليچيا - وولهينيا) حکومتی ایله صیقی همجواراق روابطنى تأسيش وادامه ایتديلر.
268,0,بوکوك بر شهرته مالك بولونان (ميقولالی صەنقو) بونلر میابنده در.,بويوك بر شهرته مالك بولونان (ميقولالی صەنقو) بونلر میاننده در.,بوكوك بر شهرته مالك بولونان (ميقولالی صەنقو) بونلر میابنده در.
268,1,بوىوك بر سهرته مال بولوثان (ميقولالی صەنقو) بونلر میاننده در.,بويوك بر شهرته مالك بولونان (ميقولالی صەنقو) بونلر میاننده در.,بواوك بر سهرته مال بولونان (ميقولالی صەنقو) بونلر میاننده در.
268,2,نوي ك بر شخهرته مالك بولوناث (ميقوالی صەنقو) بونلر میىننده در.,بويوك بر شهرته مالك بولونان (ميقولالی صەنقو) بونلر میاننده در.,نوك بر شخهرته مالك بولونان (ميقوالی صەنقو) بونلر میاننده در.
268,3,بوكوك بر شهتضه مالك بولونان(ميقولالی صەنقو بونلز میاننده در.,بويوك بر شهرته مالك بولونان (ميقولالی صەنقو) بونلر میاننده در.,بوكوك بر شهته مالك بولونان(ميقولالی صەنقو بونلر میاننده در.
268,4,بويوك بر شةرنه مىلك بولونان (ميقولالی صەنقو) بونلر میابنده ذر.,بويوك بر شهرته مالك بولونان (ميقولالی صەنقو) بونلر میاننده در.,بويوك بر شهرنه مالك بولونان (ميقولالی صەنقو) بونلر میابنده در.
268,5,بويوكبر شةرته ماكلك بولنان (ميسقولالی صەنقو)ا بونلر میاننده د.,بويوك بر شهرته مالك بولونان (ميقولالی صەنقو) بونلر میاننده در.,بويوك بر شهرته ماكلك بولنان (ميسقولالی صەنقو)ا بونلر میاننده در.
268,6,بويوك بر شهرتة مافلك يولونان (ميقولالی صەنقو) ن ونلز میاننده در.,بويوك بر شهرته مالك بولونان (ميقولالی صەنقو) بونلر میاننده در.,بويوك بر شهرته مافلك يولونان (ميقولالی صەنقو) نونلر میاننده در.
268,7,بويوك بر شهرته مطالك بولونان(ميقولالی صەنقو) بونلر می اننده در.,بويوك بر شهرته مالك بولونان (ميقولالی صەنقو) بونلر میاننده در.,بويوك بر شهرته مطالك بولونان(ميقولالی صەنقو) بونلر میاننده در.
268,8,بويوك ثر شهرته مالک بولونان (ميقولالی صەن قيو بونلر میاننده ر.,بويوك بر شهرته مالك بولونان (ميقولالی صەنقو) بونلر میاننده در.,بويوك ثر شهرته مالك بولونان (ميقولالی صەنك قيو بونلر میاننده ر.
268,9,بويوک بر شهته مالك بولونان (ميقولالی ص ەنفو) بونلر میانندة درظ.,بويوك بر شهرته مالك بولونان (ميقولالی صەنقو) بونلر میاننده در.,بويوك بر شهته مالك بولونان (ميقولالی صەنفو) بونلر میاننده در.
268,10,بويوك بر شهرته ماقك بولوناي ميق ولالی صەقو) بونلر میاننده در.,بويوك بر شهرته مالك بولونان (ميقولالی صەنقو) بونلر میاننده در.,بويوك بر شهرته ماقك بولونان ميقولالی صەقو) بونلر میاننده در.
268,11,بويوك بر شهرته مالك بولونان (ميقولالی صەنفو) بويلر میانندة در.,بويوك بر شهرته مالك بولونان (ميقولالی صەنقو) بونلر میاننده در.,بويوك بر شهرته مالك بولونان (ميقولالی صەنفو) بويلر میاننده در.
268,12,بويوك بر شهرب مالك بولونان (ميقولالی صەنقو) بنلر میاننده در,بويوك بر شهرته مالك بولونان (ميقولالی صەنقو) بونلر میاننده در.,بويوك بر شهر مالك بولونان (ميقولالی صەنقو) بنلر میاننده در.
268,13,بوي وك بر شهرته مالك ثوزلدونان (ميقولالی صەنقو) بونلر میاننده در.أ,بويوك بر شهرته مالك بولونان (ميقولالی صەنقو) بونلر میاننده در.,بويوك بر شهرته مالك بورلدونان (ميقولالی صەنقو) بونلر میاننده در.
268,14,يويوكبرت شهزته مىلک بولونان (ميقولالی صەنقو) بونر میاننذه در.,بويوك بر شهرته مالك بولونان (ميقولالی صەنقو) بونلر میاننده در.,بويوك برت شهرته مالك بولونان (ميقولالی صەنقو) بونر میاننده در.
268,15,بويوك بقر شهرته مال بولوان (ميقولالی صەنق) بونلر میاننده در.,بويوك بر شهرته مالك بولونان (ميقولالی صەنقو) بونلر میاننده در.,بويوك بقر شهرته مال بولوان (ميقولالی صەنق) بونلر میاننده در.
268,16,بويوك بر شهرته مالك بولونان (ميفولالی صەنقو) بونلر میانند ه ر.,بويوك بر شهرته مالك بولونان (ميقولالی صەنقو) بونلر میاننده در.,بويوك بر شهرته مالك بولونان (ميفولالی صەنقو) بونلر میاننده ر.
268,17,بويوك بر شهرته مالك بولونان (ميقولال ی صەنقوف) بونلر میانندهدر.,بويوك بر شهرته مالك بولونان (ميقولالی صەنقو) بونلر میاننده در.,بويوك بر شهرته مالك بولونان (ميقولالی صەنقوف) بونلر میاننده در.
268,18,بويوك بر شهرته ملك بولونىن(ميقولالی صەنقو) بونلر میاننده در.,بويوك بر شهرته مالك بولونان (ميقولالی صەنقو) بونلر میاننده در.,بويوك بر شهرته ملك بولونان(ميقولالی صەنقو) بونلر میاننده در.
268,19,بويوك بر شهرته مالك بولونان (ميقولالی صەتقو) بونلر میاننده در.,بويوك بر شهرته مالك بولونان (ميقولالی صەنقو) بونلر میاننده در.,بويوك بر شهرته مالك بولونان (ميقولالی صەتقو) بونلر میاننده در.
116,0,حتى اوقرای نالیلر آره سنده صوك چره اولاق اوزره یکدن بر غیانه مزاجعتی خاطزدآن كچيره نلر بيله اولدی. چاررقبـدن پىیەلرق وعنوانلقر توجةيلة اوقرایناده یکی تورهین زاداکان نسل جدیدی،,حتى اوقراینالیلر آره سنده صوك چاره اولاق اوزره یکدن بر عصیانه مراجعتی خاطردن كچيره نلر بيله اولدی. چار طرقنـدن پایەلر وعنوانلر توجهيله اوقرایناده یکی تورهین زاداكان نسل جدیدی،,حتى اوقراینالیلر آره سنده صوك چره اولاق اوزره یکدن بر غیانه مزاجعتی خاطردن کچيره نلر بيله اولدی. چارقبـدن پایەلرق وعنوانلقر توجهيله اوقرایناده یکی تورهین زاداکان نسل جدیدی،
116,1,حتى اوقراینالیلر آره سنه صوك چاره اولف ا وزره یکدنبر عصیاثه مراحعتی خاطردن كچيرهنلر بيله اولدی. چاز طرقنـدن پایەلر وعنوانلر توجهيله اوفرایناده یکی تورهین زاداكان نسل جدیدی،,حتى اوقراینالیلر آره سنده صوك چاره اولاق اوزره یکدن بر عصیانه مراجعتی خاطردن كچيره نلر بيله اولدی. چار طرقنـدن پایەلر وعنوانلر توجهيله اوقرایناده یکی تورهین زاداكان نسل جدیدی،,حتى اوقراینالیلر آره سنه صوك چاره اولف اوزره یکدن بر عصیاته مراحعتی خاطردن کچيرهنلر بيله اولدی. چاز طرقنـدن پایەلر وعنوانلر توجهيله اوقرایناده یکی تورهین زاداكان نسل جدیدی،
116,2,حيى اوقراینالیل ر آرهسنده صسكچاره اولىق اوزره یکدن بر صیانه راجعی خاطردن كچ يره نلر بيلهاولدی. چى طرقنـدن پایەلر وعنوانلر توجهيل ه وقرایناده یی تورهین راداكا نسل جدیدی،,حتى اوقراینالیلر آره سنده صوك چاره اولاق اوزره یکدن بر عصیانه مراجعتی خاطردن كچيره نلر بيله اولدی. چار طرقنـدن پایەلر وعنوانلر توجهيله اوقرایناده یکی تورهین زاداكان نسل جدیدی،,حيا اوقراینالیلر آرهسنده صسكچاره اولاق اوزره یکدن بر صیانه راجعی خاطردن کچيره نلر بيله اولدی. چا طرقنـدن پایەلر وعنوانلر توجهيله وقرایناده یی تورهین راداك نسل جدیدی،
116,3,حتى اوقراینالیلر آرهة شنده صوك چاره اغولاق اوزره یکدن بر عصیانه مراجعنی حاظردن كچيره نلر بيله اولدی. چاز طرقنـدب پایەلذر وعنوانلر توجهيله اوكراینادة یکی تورهین زىداكان نسل جددی،,حتى اوقراینالیلر آره سنده صوك چاره اولاق اوزره یکدن بر عصیانه مراجعتی خاطردن كچيره نلر بيله اولدی. چار طرقنـدن پایەلر وعنوانلر توجهيله اوقرایناده یکی تورهین زاداكان نسل جدیدی،,حتى اوقراینالیلر آره سنده صوك چاره اغولاق اوزره یکدن بر عصیانه مراجعنی حاردن کچيره نلر بيله اولدی. چاز طرقنـدن پایەلر وعنوانلر توجهيله اوكرایناده یکی تورهین زاداكان نسل جددی،
116,4,حتى اوقراینالیلر آره سنده ضاو چاره اولاق اورره یکدن بر ع یانه مراجتی جاطردن كچيره نلر بيله اولدی. چار طرقبـدن پایەلر وعنواثل تجهيله اوقرایناده یکی توره ین زاداكا ن نسل جدیدی،,حتى اوقراینالیلر آره سنده صوك چاره اولاق اوزره یکدن بر عصیانه مراجعتی خاطردن كچيره نلر بيله اولدی. چار طرقنـدن پایەلر وعنوانلر توجهيله اوقرایناده یکی تورهین زاداكان نسل جدیدی،,حتى اوقراینالیلر آره سنده صاو چاره اولاق اورره یکدن بر عیانه مراجتی جاطردن کچيره نلر بيله اولدی. چار طرقبـدن پایەلر وعنوانل تجهيله اوقرایناده یکی توره ین زاداكان نسل جدیدی،
116,5,حتى اوقکاینالیلر آره سنذه صوك چاره اولکاق اوزرصه یکدن بر عصیانه مراجعتی خاطرخدن كچيره نلر بيل اولذی. چار طرقنـدن پایەلر وعنوانلر توحهکلة اوقرایثاده یی تورهین زاذاكان نسل جدیدی،,حتى اوقراینالیلر آره سنده صوك چاره اولاق اوزره یکدن بر عصیانه مراجعتی خاطردن كچيره نلر بيله اولدی. چار طرقنـدن پایەلر وعنوانلر توجهيله اوقرایناده یکی تورهین زاداكان نسل جدیدی،,حتى اوقراینالیلر آره سنده صوك چاره اولياق اوزره یکدن بر عصیانه مراجعتی خاطرخدن کچيره نلر بيله اولدی. چار طرقنـدن پایەلر وعنوانلر توحيله اوقرایناده یی تورهین زاداكان نسل جدیدی،
116,6,هتى اوقزاینالیلر آره سنه صوك چاره ىولاق اوزره یکدن تر عصیىثه م راجعت ی خىطزدن كچيزه نلر ب يله اولدی. چاز طرفنـدن پ ایەلر وعنوانلر توجه يله اوقرایده یکی توهینزاداكىن ثسل خدیدی,حتى اوقراینالیلر آره سنده صوك چاره اولاق اوزره یکدن بر عصیانه مراجعتی خاطردن كچيره نلر بيله اولدی. چار طرقنـدن پایەلر وعنوانلر توجهيله اوقرایناده یکی تورهین زاداكان نسل جدیدی،,هتى اوقراینالیلر آره سنه صوك چاره اولاق اوزره یکدن تر عصیاته مراجعتی خاطردن کچيره نلر بيله اولدی. چاز طرفنـدن پایەلر وعنوانلر توجه يله اوقرایناده یکی توهینزاديكان ثسل خدیدی.
116,7,حتى اوقراینالیلر آره سنده صوك چاره ولاف اوزره یکد ن بر عصیان مراجعتی خاطرتدن كچيزىه نلر بيله اولدی. چ ار طرنـدن پىیەلر وعنوىنلر توجهيله اوقربایناده یکی تورهین زاداكان ثسل جدیدی،ش,حتى اوقراینالیلر آره سنده صوك چاره اولاق اوزره یکدن بر عصیانه مراجعتی خاطردن كچيره نلر بيله اولدی. چار طرقنـدن پایەلر وعنوانلر توجهيله اوقرایناده یکی تورهین زاداكان نسل جدیدی،,حتى اوقراینالیلر آره سنده صوك چاره ولاف اوزره یکدن بر عصیان مراجعتی خاطرتدن کچيريه نلر بيله اولدی. چار طرنـدن پایەلر وعنوانلر توجهيله اوقرایناده یکی تورهین زاداكان ثسل جدیدی، ش
116,8,حتى اوقرىینالصیلر آره سنده صوك چاره اولاق اوزره یکدن بكر عصیانه مراجعتی خاطردن كچکره نلر بيله اولذی. چضار طرقنـدن پایەک لر وعنوانلر يوخخةيله اوقرایناده یکیبهین زادكان ندسل دیدی،,حتى اوقراینالیلر آره سنده صوك چاره اولاق اوزره یکدن بر عصیانه مراجعتی خاطردن كچيره نلر بيله اولدی. چار طرقنـدن پایەلر وعنوانلر توجهيله اوقرایناده یکی تورهین زاداكان نسل جدیدی،,حتى اوقراینالیلر آره سنده صوك چاره اولاق اوزره یکدن بكر عصیانه مراجعتی خاطردن کچکره نلر بيله اولدی. چار طرقنـدن پایەکلر وعنوانلر يوخهيله اوقرایناده یکی بهین زادكان ندسلر دیدی،
116,9,حتى اوقراینالیل ر اره سندة صظوك چاره اولاق اوزره یکدن بر عصیان ه مرىجعبی خاطردذن كچيره نلر بيحلة اولدی. چار طرذقـدن پایەلر عنونانلر توجهيله اوقرا یناذه یکی تورهین زاداكان نسل جدیذی،,حتى اوقراینالیلر آره سنده صوك چاره اولاق اوزره یکدن بر عصیانه مراجعتی خاطردن كچيره نلر بيله اولدی. چار طرقنـدن پایەلر وعنوانلر توجهيله اوقرایناده یکی تورهین زاداكان نسل جدیدی،,حتى اوقراینالیلر اره سنده صوك چاره اولاق اوزره یکدن بر عصیانه مراجعبی خاطرددن کچيره نلر بيحله اولدی. چار طردقـدن پایەلر عنونانلر توجهيله اوقرایناده یکی تورهین زاداكان نسل جدیدی،
116,10,حتى اوقراینالیلز آ ره سنده صوك چاره اولاق اوزره یکدن بر عصیانه مراغجغتی خاطردن کچير نلر بيله ىولدی. چار طرقـذن پىیەر وعنوأانلر توجهيله اوقرىینادة یکی توزهین زاداكان نشل جذیدی،,حتى اوقراینالیلر آره سنده صوك چاره اولاق اوزره یکدن بر عصیانه مراجعتی خاطردن كچيره نلر بيله اولدی. چار طرقنـدن پایەلر وعنوانلر توجهيله اوقرایناده یکی تورهین زاداكان نسل جدیدی،,حتى اوقراینالیلر آره سنده صوك چاره اولاق اوزره یکدن بر عصیانه مراغتی خاطردن کچيرنلر بيله اولدی. چار طرقـدن پایەر وعنوانلر توجهيله اوقرایناده یکی توزهین زاداكان نشل جدیدی،
116,11,حتىاوقراینالیلر رة سثده صوك چاره اواق ازه یکدن ثر عصی انه مراحعتی خاطردن كچي ره نلر بيله اولذی. چار طرقنـدن پایەلر وعنوانلر توجهيله اوقراناده یکی تو رهین زاداكان نسل جدیدی،,حتى اوقراینالیلر آره سنده صوك چاره اولاق اوزره یکدن بر عصیانه مراجعتی خاطردن كچيره نلر بيله اولدی. چار طرقنـدن پایەلر وعنوانلر توجهيله اوقرایناده یکی تورهین زاداكان نسل جدیدی،,حتى اوقراینالیلر ره سنده صوك چاره اواقرازه یکدن بر عصیانه مراحعتی خاطردن کچيره نلر بيله اولدی. چار طرقنـدن پایەلر وعنوانلر توجهيله اوقراناده یکی تورهین زاداكان نسل جدیدی،
116,12,حتي اوفرینالیلر آره سنده وك چاره اولاقن اوزر ه یکذن بر عصیانهمراجعتی خاطردن ك چيره نلر بيله اولدی. چا طرق نـدن پایەلر وعتوانلر نوجهيلة اودقرایةناذ یکی تورهین زااكان نسل جدیدی،,حتى اوقراینالیلر آره سنده صوك چاره اولاق اوزره یکدن بر عصیانه مراجعتی خاطردن كچيره نلر بيله اولدی. چار طرقنـدن پایەلر وعنوانلر توجهيله اوقرایناده یکی تورهین زاداكان نسل جدیدی،,حتى اوقراینالیلر آره سنده وك چاره اولاقن اوزره یکدن بر عصیانه مراجعتی خاطردن ك چيره نلر بيله اولدی. چار طرقنـدن پایەلر وعتوانلر نوجهيله اودقراینا یکی تورهین زاايان نسل جدیدی،
116,13,حتى اوقراینالیلر آرة سنده صوك چاره اولاق اوزره یيدن ير عضیانه مراجعتی خاطردن كچيره نلر بيه اولدی. چار طرقنـدن پایەلر وعنوانلز توجهيله اوقرایناده یکی تورهین راداكان نسل جدیدی،,حتى اوقراینالیلر آره سنده صوك چاره اولاق اوزره یکدن بر عصیانه مراجعتی خاطردن كچيره نلر بيله اولدی. چار طرقنـدن پایەلر وعنوانلر توجهيله اوقرایناده یکی تورهین زاداكان نسل جدیدی،,حتى اوقراینالیلر آره سنده صوك چاره اولاق اوزره یيدن ير عضیانه مراجعتی خاطردن کچيره نلر بيه اولدی. چار طرقنـدن پایەلر وعنوانلر توجهيله اوقرایناده یکی تورهین راداكان نسل جدیدی،
116,14,هتى اوقرىیهبالی لر آر ستده صوك چاره اواف ىوزرهی کدن بر عصیىنة مراجعتی خاطردن ك چيره نلر بيل ه اولدی. چار طرفنـدن پایەلر وعنوىنلر توجهيل اوقریناذهیکی يورهین راحداكاننشل جدیدی،,حتى اوقراینالیلر آره سنده صوك چاره اولاق اوزره یکدن بر عصیانه مراجعتی خاطردن كچيره نلر بيله اولدی. چار طرقنـدن پایەلر وعنوانلر توجهيله اوقرایناده یکی تورهین زاداكان نسل جدیدی،,هتى اوقرایه بالیلر آرستده صوك چاره اواف اوزرهی کدن بر عصیانه مراجعتی خاطردن ك چيره نلر بيله اولدی. چار طرفنـدن پایەلر وعنوانلر توجهيل اوقراینا دهیکی بورهین راحداكاننشل جدیدی،
116,15,حتى اوقراینالیلر آرإه سنده صوك چىطره اولاف اوزره کدن بر عصیىنه مراجعبی خارد يچيرة نلر بيه اولدی. چار طرفنـدن پایەلز وعبوا نل ر توجهيله اوقرایناده یکی تورهین زىداكان نسل جدید ی،,حتى اوقراینالیلر آره سنده صوك چاره اولاق اوزره یکدن بر عصیانه مراجعتی خاطردن كچيره نلر بيله اولدی. چار طرقنـدن پایەلر وعنوانلر توجهيله اوقرایناده یکی تورهین زاداكان نسل جدیدی،,حتى اوقراینالیلر آره سنده صوك چاطره اولاف اوزره کدن بر عصیانه مراجعبی خارد بچيره نلر بيه اولدی. چار طرفنـدن پایەلر وعبوانلر توجهيله اوقرایناده یکی تورهین زاداكان نسل جدیدی،
116,16,حتى اوقراینالیلر آره سنده صوك چاره اولاق اوزره یکدن بر عصی انه راجعتی خىطرذن كچيره نلر بيله او لدی چر طرفنـدن پایەلر وعوانلر توجهيله اوقراینادة یکی تو زهین زاداكان نسل جدیدی،,حتى اوقراینالیلر آره سنده صوك چاره اولاق اوزره یکدن بر عصیانه مراجعتی خاطردن كچيره نلر بيله اولدی. چار طرقنـدن پایەلر وعنوانلر توجهيله اوقرایناده یکی تورهین زاداكان نسل جدیدی،,حتى اوقراینالیلر آره سنده صوك چاره اولاق اوزره یکدن بر عصیانه راجعتی خاطردن کچيره نلر بيله اولدی چر طرفنـدن پایەلر وعوانلر توجهيله اوقرایناده یکی توزهین زاداكان نسل جدیدی،
116,17,حتى اقراینالیلر آره سنده صوک چىره اولاق ىوزرظه یکدن بر عصیانةمر اجعتی حاطردن كچيره نلربيله اولدی. چار طرقنـدن پایەل رو عنوالر توجهيله اوقراینادة یکی تورهین زاداكان نسل جدیدی،,حتى اوقراینالیلر آره سنده صوك چاره اولاق اوزره یکدن بر عصیانه مراجعتی خاطردن كچيره نلر بيله اولدی. چار طرقنـدن پایەلر وعنوانلر توجهيله اوقرایناده یکی تورهین زاداكان نسل جدیدی،,حتى اوقراینالیلر آره سنده صوك چاره اولاق اوزره یکدن بر عصیانه مراجعتی حاطردن کچيره نلربيله اولدی. چار طرقنـدن پایەلرو عنوالر توجهيله اوقرایناده یکی تورهین زاداكان نسل جدیدی،
116,18,حنى اوق راینىلیلر آره سنده صوك چاره اولاق اوزره یکدن بر عصیانه مراجعتی اطردن كىره نلر ب يله اولدی. چار طرقنـدب پایەلر وعنوانلر توجخهيله ىوقرایناده یکی تورهین زاداكىن سل جدیدی،,حتى اوقراینالیلر آره سنده صوك چاره اولاق اوزره یکدن بر عصیانه مراجعتی خاطردن كچيره نلر بيله اولدی. چار طرقنـدن پایەلر وعنوانلر توجهيله اوقرایناده یکی تورهین زاداكان نسل جدیدی،,حنى اوقراینالیلر آره سنده صوك چاره اولاق اوزره یکدن بر عصیانه مراجعتی اطردن كاره نلر بيله اولدی. چار طرقنـدن پایەلر وعنوانلر توجهيله اوقرایناده یکی تورهین زاداكان سلاجدیدی،
116,19,حختى اوقراینالیلر آره سنده صوي چاره ىولاق اوزره یکدن بر عصیانه مراجعتی خاطردت كچيزهنلر بيله اولذی. چار ططزقنـدن پایەلر وعنوانلر توجهيله اوقراینادهیکی تورهین زاداكان نسل جدیدی،,حتى اوقراینالیلر آره سنده صوك چاره اولاق اوزره یکدن بر عصیانه مراجعتی خاطردن كچيره نلر بيله اولدی. چار طرقنـدن پایەلر وعنوانلر توجهيله اوقرایناده یکی تورهین زاداكان نسل جدیدی،,حختى اوقراینالیلر آره سنده صوك چاره اولاق اوزره یکدن بر عصیانه مراجعتی خاطردت کچيره نلر بيله اولدی. چار طرقنـدن پایەلر وعنوانلر توجهيله اوقرایناده یکی تورهین زاداكان نسل جدیدی،
394,0,مستقل بر اوقراينا حكومتنك عقإ ب تشکلنده ززاعته عائد اموجر وخ صوصـاندهاوقراينا كويليلرينك نادفغنهاك موىفق بر طأرزدع ه اصلاحات اساسیهاجراستنه نسبث اولضنەجقدر,مستقل بر اوقراينا حكومتنك عقب تشکلنده زراعته عائد امور وخصوصـانده اوقراينا كويليلرينك منافعنه اك موافق بر طرزده اصلاحات اساسیه اجراسته تشبث اولنەجقدر.,مستقل بر اوقراينا حكومتنك عقب تشکلنده ززاعته عائد اموجر وخصوصـانده اوقراينا كويليلرينك نادفغنه اك موافق بر طرزده اصلاحات اساسیه اجراستنه نسبت اولنەجقدر.
394,1,مستقل بر اوقأراينا حكومتنک عقب تسکلنده زراعته عائد امور وخصوصـاده اوقراينا كويليلرينك منافتعنه اك موافقبر طرزده اصلاحات اساسیه اجراشته تشبثاولنەخق در.,مستقل بر اوقراينا حكومتنك عقب تشکلنده زراعته عائد امور وخصوصـانده اوقراينا كويليلرينك منافعنه اك موافق بر طرزده اصلاحات اساسیه اجراسته تشبث اولنەجقدر.,مستقل بر اوقراينا حكومتنك عقب تسکلنده زراعته عائد امور وخصوصـاده اوقراينا كويليلرينك منافتعنه اك موافق بر طرزده اصلاحات اساسیه اجراسته تشبث اولنەخقدر.
394,2,مستقل نر اوقراينا حكومتنك عقب تشکلده زراعته عائد امور وخصوضـانده ىوقرىينا كويلىلرينك مافعنه اي موافف بر طرزد اصلاهات اساسیه اجرا سته تس نث اولنە جقدر.,مستقل بر اوقراينا حكومتنك عقب تشکلنده زراعته عائد امور وخصوصـانده اوقراينا كويليلرينك منافعنه اك موافق بر طرزده اصلاحات اساسیه اجراسته تشبث اولنەجقدر.,مستقل نر اوقراينا حكومتنك عقب تشکلده زراعته عائد امور وخصوصـانده اوقراينا كويليلرينك مافعنه اي موافف بر طرزد اصلاهات اساسیه اجراسته تسنن اولنەجقدر.
394,3,مستقل بر اوقرانا حكومتنك عقب تشکلنه زراعنه عائ امور وخصوصـانده اوقراينى كويليلرين منافعنه ىك موافق بر رزده اصلاهات ااسیه اجرسته تشبث اولنەجقدر.,مستقل بر اوقراينا حكومتنك عقب تشکلنده زراعته عائد امور وخصوصـانده اوقراينا كويليلرينك منافعنه اك موافق بر طرزده اصلاحات اساسیه اجراسته تشبث اولنەجقدر.,مستقل بر اوقراينا حكومتنك عقب تشکلنه زراعنه عائئ امور وخصوصـانده اوقراينا كويليلرين منافعنه اك موافق بر رزده اصلاهات ااسیه اجرسته تشبث اولنەجقدر.
394,4,مستقل بر اوقر اين ح كو متنك عقب تشکلنده زراعتةعائد امور وخصوصـاندة اوقراينا كويليلرينك منافعنه ىك موافق بر طززد ه اضلاحات اساس یة ازاسته تسبث اولنەجقدر,مستقل بر اوقراينا حكومتنك عقب تشکلنده زراعته عائد امور وخصوصـانده اوقراينا كويليلرينك منافعنه اك موافق بر طرزده اصلاحات اساسیه اجراسته تشبث اولنەجقدر.,مستقل بر اوقراينا حكومتنك عقب تشکلنده زراعته عائد امور وخصوصـانده اوقراينا كويليلرينك منافعنه اك موافق بر طرزده اضلاحات اساسیه ازاسته تسبث اولنەجقدر.
394,5,مستقل بر اوقاينى كومتنك عقنب تشکلنده زراعته عائد امور وخصوصـانذه اوقراينا كوىليلرىنك مسناقعنه اكز موافق بر طرزده اصخلاحات اساشیه اجزىسته تشبث اولنەجقدر.,مستقل بر اوقراينا حكومتنك عقب تشکلنده زراعته عائد امور وخصوصـانده اوقراينا كويليلرينك منافعنه اك موافق بر طرزده اصلاحات اساسیه اجراسته تشبث اولنەجقدر.,مستقل بر اوقراينا كومتنك عقنب تشکلنده زراعته عائد امور وخصوصـانده اوقراينا كواليلرينك مسناقعنه اكز موافق بر طرزده اصلاحات اساسیه اجراسته تشبث اولنەجقدر.
394,6,مشتق ل بزر اوقراينا حكومتنک عقب تشکلندة زراعته ائد امور وخصوصـانده اوفرىينا كويليلرينك منافعنه اک موافق بر طرز ده اصلاحات اساسیبه ىجراسنه تشبت اولنەجقدر.,مستقل بر اوقراينا حكومتنك عقب تشکلنده زراعته عائد امور وخصوصـانده اوقراينا كويليلرينك منافعنه اك موافق بر طرزده اصلاحات اساسیه اجراسته تشبث اولنەجقدر.,مشتقل بر اوقراينا حكومتنك عقب تشکلنده زراعته ائد امور وخصوصـانده اوقراينا كويليلرينك منافعنه اك موافق بر طرزده اصلاحات اساسی به اجراسنه تشبت اولنەجقدر.
394,7,مستقل بر اوقراينا حكومتنك عقب تشيلنده زراعتة عئد امور وخصوصـانده اوقرا ينا كويليلرينك مسناف عنهز اک موافق بر طززده اصلىحاتىساسیه اجراس ته تشبث اولنەجقدر.,مستقل بر اوقراينا حكومتنك عقب تشکلنده زراعته عائد امور وخصوصـانده اوقراينا كويليلرينك منافعنه اك موافق بر طرزده اصلاحات اساسیه اجراسته تشبث اولنەجقدر.,مستقل بر اوقراينا حكومتنك عقب تشيلنده زراعته عئد امور وخصوصـانده اوقراينا كويليلرينك مسناف عنه اك موافق بر طرزده اصلاحات اساسیه اجراسته تشبث اولنەجقدر.
394,8,مستقل بز اوقراينا حكومثنك عقب تشکلنذه زراعته عائداموروخصوصـانده اوفراكنا كوىليريني ميافعنه اك موافق بر طرردة اصلاحات اساسیه اجراس ته تشبث اولنەجقدر.,مستقل بر اوقراينا حكومتنك عقب تشکلنده زراعته عائد امور وخصوصـانده اوقراينا كويليلرينك منافعنه اك موافق بر طرزده اصلاحات اساسیه اجراسته تشبث اولنەجقدر.,مستقل بر اوقراينا حكومتنك عقب تشکلنده زراعته عائداموروخصوصـانده اوقراينا كواليرينك ميافعنه اك موافق بر طررده اصلاحات اساسیه اجراسته تشبث اولنەجقدر.
394,9,مستق بر وقراينا هكومتنك غقب ي شکلنده زراعته عائد ىمور وخصوصـانذهاوقراينا كويليلريني منافعنه اك م وافق بر طرزد اصلاحات اسای اجراسته تشبث اولنەجقدر.,مستقل بر اوقراينا حكومتنك عقب تشکلنده زراعته عائد امور وخصوصـانده اوقراينا كويليلرينك منافعنه اك موافق بر طرزده اصلاحات اساسیه اجراسته تشبث اولنەجقدر.,مستق بر وقراينا هكومتنك غقبي شکلنده زراعته عائد امور وخصوصـانده اوقراينا كويليلرينك منافعنه اك موافق بر طرزد اصلاحات اسای اجراسته تشبث اولنەجقدر.
394,10,مستقل بر ىورا ينا حكومتنك عقب يشکلنده زاعته عائد ىمور وخصوصـانده اوقراينا كوىليلرينك من افعنه اك موافق بر طرزده اضلاحات اساسیزة اجاسته تشتث اولنەجقدرص.,مستقل بر اوقراينا حكومتنك عقب تشکلنده زراعته عائد امور وخصوصـانده اوقراينا كويليلرينك منافعنه اك موافق بر طرزده اصلاحات اساسیه اجراسته تشبث اولنەجقدر.,مستقل بر اوراينا حكومتنك عقب يشکلنده زاعته عائد امور وخصوصـانده اوقراينا كواليلرينك منافعنه اك موافق بر طرزده اضلاحات اساسیزه اجاسته تشتث اولنەجقدر.
394,11,مستقل بر اوفخراينا حكومتنك عقب تشکلنده زا عته عائد امورق وخضوصـانده اوقراينا كويليلرينك منافعنه ىك موافق بر طرزده اصلاحات اساهسیه اجراسته تشبث اولنەقدر.,مستقل بر اوقراينا حكومتنك عقب تشکلنده زراعته عائد امور وخصوصـانده اوقراينا كويليلرينك منافعنه اك موافق بر طرزده اصلاحات اساسیه اجراسته تشبث اولنەجقدر.,مستقل بر اوقراينا حكومتنك عقب تشکلنده زاعته عائد امورق وخوصـانده اوقراينا كويليلرينك منافعنه اك موافق بر طرزده اصلاحات اساسیه اجراسته تشبث اولنەقدر.
394,12,مستقل بر ىوقراينا حكومينك عقب تشکلنده زراعتة عائد امور وخضوصـانده اوقزاىتا كويلکلرينك منىفعنه اك موافق بر ظرده اصلاحات اساسیه اجزاسته تشبث ىلنەجقدر.ة,مستقل بر اوقراينا حكومتنك عقب تشکلنده زراعته عائد امور وخصوصـانده اوقراينا كويليلرينك منافعنه اك موافق بر طرزده اصلاحات اساسیه اجراسته تشبث اولنەجقدر.,مستقل بر اوقراينا حكومينك عقب تشکلنده زراعته عائد امور وخوصـانده اوقراينا كويليلرينك منافعنه اك موافق بر ظرده اصلاحات اساسیه اجراسته تشبث النەجقدر.
394,13,مسثقل بر اوفراينا حكومتنك عقب تشکلنده ززاعته عائد امور وخصوصـانده اوقراينا كويهليلرىنك م نافغنه اك موافق بر طرزدة ىصلاحات اسا سیه اجراسته تشبث ولنەجقدر.,مستقل بر اوقراينا حكومتنك عقب تشکلنده زراعته عائد امور وخصوصـانده اوقراينا كويليلرينك منافعنه اك موافق بر طرزده اصلاحات اساسیه اجراسته تشبث اولنەجقدر.,مسثقل بر اوقراينا حكومتنك عقب تشکلنده ززاعته عائد امور وخصوصـانده اوقراينا كويليلرينك منافعنه اك موافق بر طرزده اصلاحات اساسیه اجراسته تشبث ولنەجقدر.
394,14,مستقل بر اوقراينا حكومتحنك عقب تشکلنده زراعته عائد امور وخصوصـانده اوراينا كويليلرينك منافعنه اک موافق بر طرزدة اصلاحات اسىسیه ىجرسته تشبث اولنەجقدر.,مستقل بر اوقراينا حكومتنك عقب تشکلنده زراعته عائد امور وخصوصـانده اوقراينا كويليلرينك منافعنه اك موافق بر طرزده اصلاحات اساسیه اجراسته تشبث اولنەجقدر.,مستقل بر اوقراينا حكومتحنك عقب تشکلنده زراعته عائد امور وخصوصـانده اوراينا كويليلرينك منافعنه اك موافق بر طرزده اصلاحات اساسیه اجرسته تشبث اولنەجقدر.
394,15,مسثقل ير اوقراي نا حكومنن عقث تشکل نده زراغتة عائد امىور وخصوصـانده اوقراينا كوينليلرينك منافعنه اك موافق بر طرزذة اصلاحات اساسیه اجراسته تدشبث ىولنەجقذر.,مستقل بر اوقراينا حكومتنك عقب تشکلنده زراعته عائد امور وخصوصـانده اوقراينا كويليلرينك منافعنه اك موافق بر طرزده اصلاحات اساسیه اجراسته تشبث اولنەجقدر.,مسثقل ير اوقراينا حكومنن عقث تشکلنده زراغته عائد اماور وخصوصـانده اوقراينا كوينليلرينك منافعنه اك موافق بر طرزده اصلاحات اساسیه اجراسته تدشبث اولنەجقدر.
394,16,مستقل بر اوقرايناحكومتنك عقبتکلنده زراعته عائد امور وخصوصـانده اوقراين ا كويليلرين منافعنةاك موافق ر طررده اصلاحت اسىسیه اجراسته تشبث اولنەحقدر.,مستقل بر اوقراينا حكومتنك عقب تشکلنده زراعته عائد امور وخصوصـانده اوقراينا كويليلرينك منافعنه اك موافق بر طرزده اصلاحات اساسیه اجراسته تشبث اولنەجقدر.,مستقل بر اوقراينا حكومتنك عقبتيلنده زراعته عائد امور وخصوصـانده اوقراينا كويليلرين منافعنه اك موافق رطرده اصلاحت اساسیه اجراسته تشبث اولنەحقدر.
394,17,مستقل بر اوقراينا كحوميني عقب تشکلنده راعته عائد مو ر وخصوصـانده اوقراينا ك ويليلرينک منا قعنه ىك موافق بر طرزده اصلاحات اساسیه اجراسه تشبث اونەجقدر.,مستقل بر اوقراينا حكومتنك عقب تشکلنده زراعته عائد امور وخصوصـانده اوقراينا كويليلرينك منافعنه اك موافق بر طرزده اصلاحات اساسیه اجراسته تشبث اولنەجقدر.,مستقل بر اوقراينا كحومينك عقب تشکلنده راعته عائد مور وخصوصـانده اوقراينا ك ويليلرينك مناقعنه اك موافق بر طرزده اصلاحات اساسیه اجراسه تشبث اونەجقدر.
394,18,مستل بر اوقراينا حكومتنك عقب تشکلندهزراعته عائد اموذر وخصوصـاده اوقراينا كويليلريني منافعنة اي موافقق ر طززده اصلاها ااسیه اجراته تشبثد ىولنەجقدر.,مستقل بر اوقراينا حكومتنك عقب تشکلنده زراعته عائد امور وخصوصـانده اوقراينا كويليلرينك منافعنه اك موافق بر طرزده اصلاحات اساسیه اجراسته تشبث اولنەجقدر.,مستلر بر اوقراينا حكومتنك عقب تشکلنده زراعته عائد امودر وخصوصـاده اوقراينا كويليلرينك منافعنه اي موافق رطرزده اصلاها ااسیه اجراته تشبثد اولنەجقدر.
394,19,مستقل بر اوقراينا حكومتنك عقب تشکل نده زراعته عائد امور وخصوصـانده اوقرىينا كويليل رينك نافعنه اك موىفق بر طرزه اصلاحات اساسیه اجراستة تشبث اولنەج قدر.,مستقل بر اوقراينا حكومتنك عقب تشکلنده زراعته عائد امور وخصوصـانده اوقراينا كويليلرينك منافعنه اك موافق بر طرزده اصلاحات اساسیه اجراسته تشبث اولنەجقدر.,مستقل بر اوقراينا حكومتنك عقب تشکلنده زراعته عائد امور وخصوصـانده اوقراينا كويليلرينك نافعنه اك موافق بر طرزه اصلاحات اساسیه اجراسته تشبث اولنەجقدر.
382,0,روس - اوستريا حدودينك هراىهكى طرفندة واقع واوقرايا ليلر ايله مسکون اراضی وزرنده قطصعی میدصان محاربەلری اجرا اولنان نر حذالكاه حالتهکلدی.,روس - آوستريا حدودينك هرايكى طرفنده واقع واوقرايناليلر ايله مسكون اراضی اوزرنده قطعی میدان محاربەلری اجرا اولنان بر جدالكاه حالته کلدی.,روس - اوستريا حدودينك هرايهك طرفنده واقع واوقرايناليلر ايله مسکون اراضی وزرنده قطعی میدان محاربەلری اجرا اولنان نر حدالكاه حالته کلدی.
382,1,روش - آوستري ا حدودينك هريكى طرفنده واقع واوقزاينالفيلر ايله مسكون اراضی ا وزرنده قبطعی میدان محار بەلری اجرا النىن بر جذانلكاه حالته کلدی.,روس - آوستريا حدودينك هرايكى طرفنده واقع واوقرايناليلر ايله مسكون اراضی اوزرنده قطعی میدان محاربەلری اجرا اولنان بر جدالكاه حالته کلدی.,روس - آوستريا حدودينك هريكى طرفنده واقع واوقرايناليلر ايله مسكون اراضی اوزرنده قبطعی میدان محاربەلری اجرا النان بر جدانلكاه حالته کلدی.
382,2,روس - آوستركا ح دودينك هرايكى طرفنده واقع واوقراکنليلر ايله مشكون اراضی ىوزرظن دة قطع میدان محاربەلر اجرا اولنان نر جدىلکاه حالته کلدی.,روس - آوستريا حدودينك هرايكى طرفنده واقع واوقرايناليلر ايله مسكون اراضی اوزرنده قطعی میدان محاربەلری اجرا اولنان بر جدالكاه حالته کلدی.,روس - آوستركا حدودينك هرايكى طرفنده واقع واوقرايناليلر ايله مشكون اراضی اوزرنده قطع میدان محاربەلر اجرا اولنان نر جدالکاه حالته کلدی.
382,3,روس - وستريا حودينك هزىيكى طرفندهث واقع واوقراينا ليلر يلة مسكون اراضی اوررنده قطعی میدان محازبەلری اجرا ىولن بر جدىلكاه حال ته كلدی .,روس - آوستريا حدودينك هرايكى طرفنده واقع واوقرايناليلر ايله مسكون اراضی اوزرنده قطعی میدان محاربەلری اجرا اولنان بر جدالكاه حالته کلدی.,روس - وستريا حودينك هزايكى طرفنده واقع واوقراينا ليلر يله مسكون اراضی اوررنده قطعی میدان محاربەلری اجرا اولن بر جدالكاه حالته کلدی.
382,4,روس - آوستريا حدودينضک هرايكى طرفندة واقع واوقرايناليلر ايله مسكون اراضی اوز ر نده قطعی میدان محاربەلری جرا اولنان ب ز جدالاة حالته کلدی.,روس - آوستريا حدودينك هرايكى طرفنده واقع واوقرايناليلر ايله مسكون اراضی اوزرنده قطعی میدان محاربەلری اجرا اولنان بر جدالكاه حالته کلدی.,روس - آوستريا حدودينك هرايكى طرفنده واقع واوقرايناليلر ايله مسكون اراضی اوزرنده قطعی میدان محاربەلری جرا اولنان بر جدالاه حالته کلدی.
382,5,روس - آوستريا حدد ينك هرايكى طرفنده وابقع واوقرايناليلر يله مسكون اراضی اوزرنده قطعی میدان مح ربەلری اجرا اولنانط بر جدالكاه حالته کلدی.,روس - آوستريا حدودينك هرايكى طرفنده واقع واوقرايناليلر ايله مسكون اراضی اوزرنده قطعی میدان محاربەلری اجرا اولنان بر جدالكاه حالته کلدی.,روس - آوستريا حددينك هرايكى طرفنده وابقع واوقرايناليلر يله مسكون اراضی اوزرنده قطعی میدان محربەلری اجرا اولنان بر جدالكاه حالته کلدی.
382,6,روس - آوستريا حدودينك هراككى ظرفنده واقع واوقذرايناليلر اكله مسكون اىراضی ىوزرنده قطعی میدان محارب ەلریاجرا النان بر جدالكاه حالته کل دی.,روس - آوستريا حدودينك هرايكى طرفنده واقع واوقرايناليلر ايله مسكون اراضی اوزرنده قطعی میدان محاربەلری اجرا اولنان بر جدالكاه حالته کلدی.,روس - آوستريا حدودينك هرايكى ظرفنده واقع واوقرايناليلر ايله مسكون اراضی اوزرنده قطعی میدان محاربەلری اجرا النان بر جدالكاه حالته کلدی.
382,7,زوس - آوستريا حدودينك هرايكى طرفندة واق ع واوقرىيناير ايله مسكوي اراضی اوزرنده قطعی میدان محاربەلی ارا اولنانبر جدالكاه حالته کلدی.,روس - آوستريا حدودينك هرايكى طرفنده واقع واوقرايناليلر ايله مسكون اراضی اوزرنده قطعی میدان محاربەلری اجرا اولنان بر جدالكاه حالته کلدی.,زوس - آوستريا حدودينك هرايكى طرفنده واقع واوقرايناير ايله مسكون اراضی اوزرنده قطعی میدان محاربەلی ارا اولنان بر جدالكاه حالته کلدی.
382,8,زوس - آوستريا حدودينک هرايك طفنده واق واوقرايناليلر ايله مشكون اراضی اوكزرنده قطعی میدان مهاربەلری اجرا اولنان بر جدالكاه حالته کلدی.,روس - آوستريا حدودينك هرايكى طرفنده واقع واوقرايناليلر ايله مسكون اراضی اوزرنده قطعی میدان محاربەلری اجرا اولنان بر جدالكاه حالته کلدی.,زوس - آوستريا حدودينك هرايك طفنده واق واوقرايناليلر ايله مشكون اراضی اوكزرنده قطعی میدان مهاربەلری اجرا اولنان بر جدالكاه حالته کلدی.
382,9,زوس - آوستريا حدوديني ه رايكى طرفکنده وطاقع واوقراينطاليلر ايلة مسكون ازاضی ىوزرنده ظعی می ذاي محاربەلری اجرا اولنان بجدلکاه حالته کلدی.,روس - آوستريا حدودينك هرايكى طرفنده واقع واوقرايناليلر ايله مسكون اراضی اوزرنده قطعی میدان محاربەلری اجرا اولنان بر جدالكاه حالته کلدی.,زوس - آوستريا حدودينيه رايكى طرفکنده وطاقع واوقرايناليلر ايله مسكون ازاضی اوزرنده طعیمی دان محاربەلری اجرا اولنان بجدلکاه حالته کلدی.
382,10,روس - آوستريا حدودينك هرايكى زفنده واقعواوقرايناليل ايله مشكو اراضی اوبزرنده قطعیمیدان محاربەلری اجزى اولان بر جدالكاه حالته کلدی.,روس - آوستريا حدودينك هرايكى طرفنده واقع واوقرايناليلر ايله مسكون اراضی اوزرنده قطعی میدان محاربەلری اجرا اولنان بر جدالكاه حالته کلدی.,روس - آوستريا حدودينك هرايكى زفنده واقع واوقرايناليله ايله مشكو اراضی اوبررنده قطعی میدان محاربەلری اجزى اولان بر جدالكاه حالته کلدی.
382,11,روس - آوستربيا حدودينك هرايكى طرفندة واقع واوقراينليلر ايله مسكوباراضی اوزرندهقطعی میدان محربەلری ارا او لان بر جدالكاه حالته کلدی.,روس - آوستريا حدودينك هرايكى طرفنده واقع واوقرايناليلر ايله مسكون اراضی اوزرنده قطعی میدان محاربەلری اجرا اولنان بر جدالكاه حالته کلدی.,روس - آوستربيا حدودينك هرايكى طرفنده واقع واوقرايناليلر ايله مسكوب اراضی اوزرنده قطعی میدان محربەلری ارا اولان بر جدالكاه حالته کلدی.
382,12,روس - آأوستريا حدودينعك هراکكى طرفنده واقغ واورايناليل ايله مسکون اراضیاوررنده قطعی میدان محاربەلری اجرا اولنان بر جدالكاة حالبه ک لدی.,روس - آوستريا حدودينك هرايكى طرفنده واقع واوقرايناليلر ايله مسكون اراضی اوزرنده قطعی میدان محاربەلری اجرا اولنان بر جدالكاه حالته کلدی.,روس - آوستريا حدودينك هرايكى طرفنده واقع واورايناليله ايله مسکون اراضی اوررنده قطعی میدان محاربەلری اجرا اولنان بر جدالكاه حالبه کلدی.
382,13,روس - آوستر يا حذذينك هايكى طرفندهواقع واوقرايناليلر ايل همسكون اراضیص وزرنده قطعی میدان محاربەلری اجرا اولنان بر جدالكه حاليه کلدی.,روس - آوستريا حدودينك هرايكى طرفنده واقع واوقرايناليلر ايله مسكون اراضی اوزرنده قطعی میدان محاربەلری اجرا اولنان بر جدالكاه حالته کلدی.,روس - آوستريا حدينك هايكى طرفنده واقع واوقرايناليلر ايله مسكون اراضی وزرنده قطعی میدان محاربەلری اجرا اولنان بر جدالكه حاليه کلدی.
382,14,روس -س آوس تريا حدودىني هراييى طرفيدة واقع ووقرايناليلر ايله مسكون اراضی اوزرندة قطعی م یذان محياربەلری اجر ىولنان بر خدالكاه حالته کلدی .,روس - آوستريا حدودينك هرايكى طرفنده واقع واوقرايناليلر ايله مسكون اراضی اوزرنده قطعی میدان محاربەلری اجرا اولنان بر جدالكاه حالته کلدی.,روس - سآوستريا حدودانك حراينا طرفيده واقع ووقرايناليلر ايله مسكون اراضی اوزرنده قطعی میدان محياربەلری اجرا اولنان بر خدالكاه حالته کلدی.
382,15,روس - آوستريا حذودينك هراكى طرفنده ىقع واوقرايناليلر ايله مجسكون اراضی اوزرندة قطعی میدان محاربەلری اسجرا اولنان بر جدالكىة حالتة کلدی.,روس - آوستريا حدودينك هرايكى طرفنده واقع واوقرايناليلر ايله مسكون اراضی اوزرنده قطعی میدان محاربەلری اجرا اولنان بر جدالكاه حالته کلدی.,روس - آوستريا حدودينك هراكى طرفنده اقع واوقرايناليلر ايله مجسكون اراضی اوزرنده قطعی میدان محاربەلری اسجرا اولنان بر جدالكاه حالته کلدی.
382,16,روس - آوشريا حدودينك هرکكى طرفنده واقع واوقرىيناليلر اكله مسكون اراضی اوزرنده قطعی میدان محازبەلری اجرا اولنان بر جذالكه حىلتة کلدی.,روس - آوستريا حدودينك هرايكى طرفنده واقع واوقرايناليلر ايله مسكون اراضی اوزرنده قطعی میدان محاربەلری اجرا اولنان بر جدالكاه حالته کلدی.,روس - آوشريا حدودينك هرکى طرفنده واقع واوقرايناليلر ايله مسكون اراضی اوزرنده قطعی میدان محازبەلری اجرا اولنان بر جدالكه حالته کلدی.
382,17,روس - آوستريا حکددينك هر ايكى طرفند واقغ واوقراياليلر ايله مسون اراضی اوزرنده قطعی میدان محاربەلری اجرا اولنان بر جدالكاه حالته کبلدی.,روس - آوستريا حدودينك هرايكى طرفنده واقع واوقرايناليلر ايله مسكون اراضی اوزرنده قطعی میدان محاربەلری اجرا اولنان بر جدالكاه حالته کلدی.,روس - آوستريا حکددينك هر ايكى طرفنده واقع واوقرايناليلر ايله مسون اراضی اوزرنده قطعی میدان محاربەلری اجرا اولنان بر جدالكاه حالته کبلدی.
382,18,روس - آوستريا حدو دينك هىيک طرفندة واقع واوقصرىيناليلز ايله مشكون ىراضی اوزرنده قطعی میدىن متهارەلری احرا اولنان بر جدالكاه حالته کلدی.,روس - آوستريا حدودينك هرايكى طرفنده واقع واوقرايناليلر ايله مسكون اراضی اوزرنده قطعی میدان محاربەلری اجرا اولنان بر جدالكاه حالته کلدی.,روس - آوستريا حدودينك هايك طرفنده واقع واوقرايناليلر ايله مشكون اراضی اوزرنده قطعی میدان متهارەلری احرا اولنان بر جدالكاه حالته کلدی.
382,19,روس - آوشترياسحذودىن هرايكى طرفنذه واع وىوفرايناليل ز يله مسكون اراصی اوزرنده قطعی میدان محاربەلری اجرا ولرنان بر حدالاه حىلته کلدی.,روس - آوستريا حدودينك هرايكى طرفنده واقع واوقرايناليلر ايله مسكون اراضی اوزرنده قطعی میدان محاربەلری اجرا اولنان بر جدالكاه حالته کلدی.,روس - آوسترياس دودين هرايكى طرفنده واع واوقرايناليلر يله مسكون اراصی اوزرنده قطعی میدان محاربەلری اجرا ولرنان بر حدالاه حالته کلدی.
45,0,اعتبارذ اونان خطوط مفرو ض داخلخندە کی اراضی یه، قبل ا ليلد بشنجی عضرك مكلرينه طوغری صوزت قطعيه ودائمەده يرلشمشلردر.,اعتبار اولنان خطوط مفروضه داخلندەکی اراضی یه، قبل الميلاد بشنجی عصرك موكلرينه طوغری صورت قطعيه ودائمەده يرلشمشلردر.,اعتبارده اونان خطوط مفروض داخلخندەکی اراضی یه، قبل اليلد بشنجی عضرك مكلرينه طوغری صورت قطعيه ودائمەده يرلشمشلردر.
45,1,اعثثار اوليثا ن خطوط مفروضه داخلندەکی اراضی یه،قبل المي لاد بشنجی عصرك موكلريصنه طوغری صرت قطعيه ودائمەده يرلشمشلردز.,اعتبار اولنان خطوط مفروضه داخلندەکی اراضی یه، قبل الميلاد بشنجی عصرك موكلرينه طوغری صورت قطعيه ودائمەده يرلشمشلردر.,اعثار اولينان خطوط مفروضه داخلندەکی اراضی یه، قبل الميلاد بشنجی عصرك موكلرينه طوغری صرت قطعيه ودائمەده يرلشمشلردر.
45,2,اعتبار اولنان خطوط مفروضة داخلندەکی ارضی یه، قبل الميلاد بشنجی عصر موكلرينه وغزی صورت قطعکه ودائمەدة يزلشمشلدر.,اعتبار اولنان خطوط مفروضه داخلندەکی اراضی یه، قبل الميلاد بشنجی عصرك موكلرينه طوغری صورت قطعيه ودائمەده يرلشمشلردر.,اعتبار اولنان خطوط مفروضه داخلندەکی ارضی یه، قبل الميلاد بشنجی عصر موكلرينه وغزی صورت قطعکه ودائمەده يرلشمشلدر.
45,3,اعتبار اولنان خطوط مقروضه داخلندغەکی راضی یه، قبل المكلاد بشنخی صرک موكلرينه طوغری صورت قطعيه ودائمەده کرلشمشلردر.ش,اعتبار اولنان خطوط مفروضه داخلندەکی اراضی یه، قبل الميلاد بشنجی عصرك موكلرينه طوغری صورت قطعيه ودائمەده يرلشمشلردر.,اعتبار اولنان خطوط مقروضه داخلندەکی راضی یه، قبل المكلاد بشنخی صرك موكلرينه طوغری صورت قطعيه ودائمەده کرلشمشلردر.
45,4,اعت بار اولنان خطوط مفروضة ذاخلندەكی ارىضی یه، قتل الميلاد بشنجی عصرك موكلرينه طوغری صورت قطعيه ودىئمەده يرلشمقشلزدر.,اعتبار اولنان خطوط مفروضه داخلندەکی اراضی یه، قبل الميلاد بشنجی عصرك موكلرينه طوغری صورت قطعيه ودائمەده يرلشمشلردر.,اعت بار اولنان خطوط مفروضه ذاخلندەکی اراضی یه، قتل الميلاد بشنجی عصرك موكلرينه طوغری صورت قطعيه ودائمەده يرلشمقشلردر.
45,5,اعنبار اولنان خوط مفروضه داخلندەکیاراضی یه، قبل الميلاد بشنجی عصرك موكلرينه طوغری ص و ر قطعيه ود ائمەده يرلرشمشلردز.,اعتبار اولنان خطوط مفروضه داخلندەکی اراضی یه، قبل الميلاد بشنجی عصرك موكلرينه طوغری صورت قطعيه ودائمەده يرلشمشلردر.,اعنبار اولنان خوط مفروضه داخلندەکی اراضی یه، قبل الميلاد بشنجی عصرك موكلرينه طوغری صور قطعيه ودائمەده يرلرشمشلردر.
45,6,اعتيار ىولنان خطوط مفرضه داخلندەکی اراضیه،ق بل اميلاد بشنجی عصرك مكل رينه طوغری صورت فطعيه وائ مەده يرلشمشلردر.,اعتبار اولنان خطوط مفروضه داخلندەکی اراضی یه، قبل الميلاد بشنجی عصرك موكلرينه طوغری صورت قطعيه ودائمەده يرلشمشلردر.,اعتيار اولنان خطوط مفرضه داخلندەکی اراضیه، قبل اميلاد بشنجی عصرك مكلرينه طوغری صورت فطعيه وائمەده يرلشمشلردر.
45,7,اعتبىر اول نان خطوط فروضه داخل نديەکی اراضی یه،قربل لميلاد بشنجی عصرك موكلرين ه طتوغری صورت قطعكه ودائمەده ير لشمشلردر.,اعتبار اولنان خطوط مفروضه داخلندەکی اراضی یه، قبل الميلاد بشنجی عصرك موكلرينه طوغری صورت قطعيه ودائمەده يرلشمشلردر.,اعتبار اولنان خطوط فروضه داخلندەکی اراضی یه، قربل لميلاد بشنجی عصرك موكلرينه طتوغری صورت قطعيه ودائمەده بر لشمشلردر.
45,8,اعتبار اولنان خطوط مفروض ه داخلندەکی اراضی یه، قبل الميلاذ يششنجی عصرك موكلرين طوغری صورت قطعيه ودائمەده كرشمشلرد.,اعتبار اولنان خطوط مفروضه داخلندەکی اراضی یه، قبل الميلاد بشنجی عصرك موكلرينه طوغری صورت قطعيه ودائمەده يرلشمشلردر.,اعتبار اولنان خطوط مفروضه داخلندەکی اراضی یه، قبل الميلاد بشسنجی عصرك موكلرين طوغری صورت قطعيه ودائمەده كرشمشلردر.
45,9,ىعتبار اولنان خطوط مقروضه داخلندەکی اراضضی یه، قبل اذلميلاد بشنجی عصرك موكلريأنه طوغری صورت قطعيه ودامەده يرلشمشلردر.,اعتبار اولنان خطوط مفروضه داخلندەکی اراضی یه، قبل الميلاد بشنجی عصرك موكلرينه طوغری صورت قطعيه ودائمەده يرلشمشلردر.,اعتبار اولنان خطوط مقروضه داخلندەکی اراضی یه، قبل ادلميلاد بشنجی عصرك موكلرينه طوغری صورت قطعيه ودامەده برلشمشلردر.
45,10,اغتبار اولنان خوط مفروضه د اخلنسدەيی ارىضی یه، قبل الميلاد بشنجی عصرك موكلرينة ط وغر ی صو رت قطعيه ودائمەدده يرلشمشلرتدز.,اعتبار اولنان خطوط مفروضه داخلندەکی اراضی یه، قبل الميلاد بشنجی عصرك موكلرينه طوغری صورت قطعيه ودائمەده يرلشمشلردر.,اغتبار اولنان خوط مفروضه داخلنسدەيی اراضی یه، قبل الميلاد بشنجی عصرك موكلرينه طوغری صورت قطعيه ودائمەدده يرلشمشلرتدر.
45,11,اعيبار اولنان خطوط مفروضه داخل نذەکی اراضی یه، قبل الميلادخ بشنجی غصرك موكلرينه طوغی صورت قطعيه ودائمەدهيرلشمشلردر.,اعتبار اولنان خطوط مفروضه داخلندەکی اراضی یه، قبل الميلاد بشنجی عصرك موكلرينه طوغری صورت قطعيه ودائمەده يرلشمشلردر.,اعيبار اولنان خطوط مفروضه داخل ندەکی اراضی یه، قبل الميلاد بشنجی غصرك موكلرينه طوغی صورت قطعيه ودائمەده يرلشمشلردر.
45,12,اتبار اولنان خطوط مفروضه ذاخلندەکی ازاضی یه،قبل لميلاد بشنجی عصرك موكلرينه طوغ ری صو رت قطعيه وذائمەذه ىرلشمشلردر.,اعتبار اولنان خطوط مفروضه داخلندەکی اراضی یه، قبل الميلاد بشنجی عصرك موكلرينه طوغری صورت قطعيه ودائمەده يرلشمشلردر.,اتبار اولنان خطوط مفروضه داخلندەکی ازاضی یه، قبل لميلاد بشنجی عصرك موكلرينه طوغری صورت قطعيه وذائمەده ارلشمشلردر.
45,13,اعتبار ىولنا خطوط مفروضةداخلندەک ی ارحاضی یه، قبل الميلىد بشنجی عصرك مويلرينه طوغری صورت قطعيه وائمەده يرلشمشلردر.,اعتبار اولنان خطوط مفروضه داخلندەکی اراضی یه، قبل الميلاد بشنجی عصرك موكلرينه طوغری صورت قطعيه ودائمەده يرلشمشلردر.,اعتبار اولنا خطوط مفروضه داخلندەکی ارحاضی یه، قبل الميلاد بشنجی عصرك مويلرينه طوغری صورت قطعيه وائمەده يرلشمشلردر.
45,14,اعتبار اولنان ظوط مفزوه ذاخلندەی اراضی یه، بل الميلاد بکشنجی عصرك موك لرينه طوعری صوزت قطعيه وداظ ئمەده کزلشمش لدر.,اعتبار اولنان خطوط مفروضه داخلندەکی اراضی یه، قبل الميلاد بشنجی عصرك موكلرينه طوغری صورت قطعيه ودائمەده يرلشمشلردر.,اعتبار اولنان ظوط مفروه داخلندەی اراضی یه، بل الميلاد بيشنجی عصرك موكلرينه طوعری صورت قطعيه ودائمەده کزلشمشلدر.
45,15,اعتبار اولنان خوط مروضه داخلندەکی اراضی یه، قبل الميلاد ب سنحی غصرك موكلرين طوغری صورشت قطعيه ودائمەده يرلشمشل ردر.,اعتبار اولنان خطوط مفروضه داخلندەکی اراضی یه، قبل الميلاد بشنجی عصرك موكلرينه طوغری صورت قطعيه ودائمەده يرلشمشلردر.,اعتبار اولنان خوط مروضه داخلندەکی اراضی یه، قبل الميلاد بسنحی غصرك موكلرين طوغری صورشت قطعيه ودائمەده يرلشمشلردر.
45,16,اعتبار اولنات خطوط مفروضه داخلندەکی اراضی یه، فبل ايميلاد يشنجی عصرك موكلرينة وغری صورتقطعيه ودىئمەده يرلشمشلردر,اعتبار اولنان خطوط مفروضه داخلندەکی اراضی یه، قبل الميلاد بشنجی عصرك موكلرينه طوغری صورت قطعيه ودائمەده يرلشمشلردر.,اعتبار اولنات خطوط مفروضه داخلندەکی اراضی یه، فبل ايميلاد يسنجی عصرك موكلرينه وغری صورتقطعيه ودائمەده يرلشمشلردر.
45,17,اعتار اولثان جطوط مفروضه داخلكندەکیاراض یه ، قل الميلاد بشنجیعصرك موكل رينه طغری صورت فطعيه ودائمەده يرلشمشردر.,اعتبار اولنان خطوط مفروضه داخلندەکی اراضی یه، قبل الميلاد بشنجی عصرك موكلرينه طوغری صورت قطعيه ودائمەده يرلشمشلردر.,اعتار اولثان جوط مفروضه داخلكندەکی اراضیه، قل الميلاد بشنجی عصرك موكلرينه طغری صورت فطعيه ودائمەده يرلشمشردر.
45,18,اعتبكاز النان خطوط مقخروضه داخلندەکی اراضی یه، قبل الميلاد بشنجی غصرك موكلرينه طوری صورت قطعية وذائمەده رلشمشلردر.,اعتبار اولنان خطوط مفروضه داخلندەکی اراضی یه، قبل الميلاد بشنجی عصرك موكلرينه طوغری صورت قطعيه ودائمەده يرلشمشلردر.,اعتبياز النان خطوط مقخروضه داخلندەکی اراضی یه، قبل الميلاد بشنجی غصرك موكلرينه طوری صورت قطعيه وذائمەده رلشمشلردر.
45,19,اعتبار اولنان حطوط مفرو ضه دخلندەکی اراضی یه، قبل الميلاذ بشنجی عصرک موكلرينه طوغری صورت قط عىه ودائمەده يرلشمسلردر.,اعتبار اولنان خطوط مفروضه داخلندەکی اراضی یه، قبل الميلاد بشنجی عصرك موكلرينه طوغری صورت قطعيه ودائمەده يرلشمشلردر.,اعتبار اولنان حطوط مفروضه دخلندەکی اراضی یه، قبل الميلاد بشنجی عصرك موكلرينه طوغری صورت قطعاه ودائمەده يرلشمسلردر.
294,0,بونلر پي سيع بر ضر تده ترفی اىتمكده ويك تويوک معاملدات تجريه اجرا ایلمکدەدرلر. اوقاييا معت جادملرندن معلم (م .,بونلر پك سريع بر صورتده ترقی ايتمكده ويك بويوك معاملات تجاريه اجرا ایلمکدەدرلر. اوقراينا جماعت خادملرندن معلم (م .,بونلر پيسيع بر ضرتده ترفی ايتمكده ويك تويوك معاملدات تجريه اجرا ایلمکدەدرلر. اوقراينا معت جادملرندن معلم (م.
294,1,بونلر پك سريع ب صورتده ترقی ىيتميده ويك بويوك مغالات تجاريه اجرا ایلمکدەدرلر. اوقراکنا جمعث خادملرندنمعلم (م .,بونلر پك سريع بر صورتده ترقی ايتمكده ويك بويوك معاملات تجاريه اجرا ایلمکدەدرلر. اوقراينا جماعت خادملرندن معلم (م .,بونلر پك سريع بصورتده ترقی ايتميده ويك بويوك معالات تجاريه اجرا ایلمکدەدرلر. اوقراينا جمعث خادملرندن معلم (م.
294,2,بونلر پك سريع بر صورتدة ترقی اكتمكدة وأيك بويوك معاملات تجاريه اجرا ایلمكذەدرلر. وقراينا جماعت خادملرندن معلم (م .,بونلر پك سريع بر صورتده ترقی ايتمكده ويك بويوك معاملات تجاريه اجرا ایلمکدەدرلر. اوقراينا جماعت خادملرندن معلم (م .,بونلر پك سريع بر صورتده ترقی اكتمكده وأيك بويوك معاملات تجاريه اجرا ایلمکدەدرلر. وقراينا جماعت خادملرندن معلم (م.
294,3,بونلر پك سريع بز صورتدة نزقی اکتمكدة ويك بويك معراملات تجاريه اجزاایلمکدەدرلر. اوققراينا جماعت خادملرندن معلم (م .,بونلر پك سريع بر صورتده ترقی ايتمكده ويك بويوك معاملات تجاريه اجرا ایلمکدەدرلر. اوقراينا جماعت خادملرندن معلم (م .,بونلر پك سريع بر صورتده نزقی ايتمكده ويك بويك معراملات تجاريه اجرا ایلمکدەدرلر. اوقراينا جماعت خادملرندن معلم (م.
294,4,بونلر پك سرعطبر صورتدة ترقی يتمكده ويك بويوك معاملىت تحازيه اجرا ایمکد ەدلر. اوقراينا جماعت خادملر ندن معلم (م .,بونلر پك سريع بر صورتده ترقی ايتمكده ويك بويوك معاملات تجاريه اجرا ایلمکدەدرلر. اوقراينا جماعت خادملرندن معلم (م .,بونلر پك سرعط بر صورتده ترقی يتمكده ويك بويوك معاملات تحاريه اجرا ایمکدەدلر. اوقراينا جماعت خادملرندن معلم (م.
294,5,بونلرپك شريع بر صورنده ترقی اکتمكده ويك بويوك معملات تجاري ه اجرا ایلمکدەدرلر. اوقرا ينا جماعت خادملرندن معلم (م .,بونلر پك سريع بر صورتده ترقی ايتمكده ويك بويوك معاملات تجاريه اجرا ایلمکدەدرلر. اوقراينا جماعت خادملرندن معلم (م .,بونلرپك شريع بر صورنده ترقی ايتمكده ويك بويوك معملات تجاريه اجرا ایلمکدەدرلر. اوقراينا جماعت خادملرندن معلم (م.
294,6,بونلز پك سيع بر صورتده ترقی ايتمكدهويك بويوك معاملاتتجاريه اجرا ایلمذەدرلر. اوقراينى جماعت خادملرندن معلم (م .,بونلر پك سريع بر صورتده ترقی ايتمكده ويك بويوك معاملات تجاريه اجرا ایلمکدەدرلر. اوقراينا جماعت خادملرندن معلم (م .,بونلر پك سيع بر صورتده ترقی ايتمكده ويك بويوك معاملات تجاريه اجرا ایلمدەدرلر. اوقراينا جماعت خادملرندن معلم (م.
294,7,ونر پك سر يع بقر صورآتدهترقی ايتمكده ويك بويوك معتاملات تجارية ىجرا ایلمكدەدرلر. اوقرايناح جمىعت خادملرندن معلم (م .,بونلر پك سريع بر صورتده ترقی ايتمكده ويك بويوك معاملات تجاريه اجرا ایلمکدەدرلر. اوقراينا جماعت خادملرندن معلم (م .,ونرپك سريع بقر صورآتده ترقی ايتمكده ويك بويوك معتاملات تجاريه اجرا ایلمکدەدرلر. اوقراينا جماعت خادملرندن معلم (م.
294,8,بونلر پك سريعير صورتده ترقی اکتمكده ويك بويوي معاملات تجاريه اجرا ایلمدەدرلر. اوقراينا جماعت خادملرندن م علم م .,بونلر پك سريع بر صورتده ترقی ايتمكده ويك بويوك معاملات تجاريه اجرا ایلمکدەدرلر. اوقراينا جماعت خادملرندن معلم (م .,بونلر پك سريعير صورتده ترقی ايتمكده ويك بويون معاملات تجاريه اجرا ایلمدەدرلر. اوقراينا جماعت خادملرندن معلمم.
294,9,بونلر پك سرزيع برصورتده تزقی ايتمكده ويك بويوك معاملىت تج ىريه اجرا ایلمکدەدرلر. اوقراينا جماعت خادملرندن معلم ( .,بونلر پك سريع بر صورتده ترقی ايتمكده ويك بويوك معاملات تجاريه اجرا ایلمکدەدرلر. اوقراينا جماعت خادملرندن معلم (م .,بونلر پك سرزيع برصورتده ترقی ايتمكده ويك بويوك معاملات تجاريه اجرا ایلمکدەدرلر. اوقراينا جماعت خادملرندن معلم ( .
294,10,بونلرف پك ريغ بر صورتده ترقی ايتمكده ويك بويوك معملات تجاريه اجرا ایلمکدەدرلر. او قرانا جماعت خادملزندن معلم (م .,بونلر پك سريع بر صورتده ترقی ايتمكده ويك بويوك معاملات تجاريه اجرا ایلمکدەدرلر. اوقراينا جماعت خادملرندن معلم (م .,بونلرف پك ريغ بر صورتده ترقی ايتمكده ويك بويوك معملات تجاريه اجرا ایلمکدەدرلر. او قرانا جماعت خادملرندن معلم (م.
294,11,بونلر پك سريع بر صورتده ترقیايتمبكده ويك بويوك معاملات تجارية اجرا ایلمكدەدرلر. اورينا جماعت خادملرندن معلم (م .,بونلر پك سريع بر صورتده ترقی ايتمكده ويك بويوك معاملات تجاريه اجرا ایلمکدەدرلر. اوقراينا جماعت خادملرندن معلم (م .,بونلر پك سريع بر صورتده ترقی ايتمبكده ويك بويوك معاملات تجاريه اجرا ایلمکدەدرلر. اورينا جماعت خادملرندن معلم (م.
294,12,بونلرپک س ريغ بر صورتذه ترقی ايتمده و يك بويوك معاملات ت جاريه اجا ایلمکدەدرلر اوقرىينا جماعت حىدملرندن معلم (م .,بونلر پك سريع بر صورتده ترقی ايتمكده ويك بويوك معاملات تجاريه اجرا ایلمکدەدرلر. اوقراينا جماعت خادملرندن معلم (م .,بونلرپك سريغ بر صورتده ترقی ايتمده و يك بويوك معاملات تجاريه اجار ایلمکدەدرلر اوقراينا جماعت حادملرندن معلم (م.
294,13,بونلر پک سرىع بر صورنده ترقی ايتمكده ويك بووك ماملات بجارىه اج را ای لمکدەدرلر. اوقراينا جاعت خادملرندن معلم (م .,بونلر پك سريع بر صورتده ترقی ايتمكده ويك بويوك معاملات تجاريه اجرا ایلمکدەدرلر. اوقراينا جماعت خادملرندن معلم (م .,بونلر پك سراع بر صورنده ترقی ايتمكده ويك بووك ماملات بجاراه اجرا ایلمکدەدرلر. اوقراينا جاعت خادملرندن معلم (م.
294,14,بونشلر پك شريع بر صورتده ترقی ايتم كده ويك بويوك معاملات تجاريه اج را ایلمکدەدرلر.ىوقرينا جماعت خادملرندنعلم (م.,بونلر پك سريع بر صورتده ترقی ايتمكده ويك بويوك معاملات تجاريه اجرا ایلمکدەدرلر. اوقراينا جماعت خادملرندن معلم (م .,بونشلر پك شريع بر صورتده ترقی ايتمكده ويك بويوك معاملات تجاريه اجرا ایلمکدەدرلر. اوقراينا جماعت خادملرندن علم (م.
294,15,بونلر پك سرکع بر صورتدهترقی اظيتمكده وکك بويوك معاملات تجاريه اج را ایلمکدەطدرر. اوقراينا جمىعت خاملرندن معلم (م .,بونلر پك سريع بر صورتده ترقی ايتمكده ويك بويوك معاملات تجاريه اجرا ایلمکدەدرلر. اوقراينا جماعت خادملرندن معلم (م .,بونلر پك سرکع بر صورتده ترقی ايتمكده وكك بويوك معاملات تجاريه اجرا ایلمکدەدر. اوقراينا جماعت خاملرندن معلم (م.
294,16,بونلر پ سريع بر صورتده تربقی ايتمكدةس ويك بويوك معاملات يجاريه اجرا ا یلمكدەدرلر. اوقراكنا حماعت خادملرندن معل م (م,بونلر پك سريع بر صورتده ترقی ايتمكده ويك بويوك معاملات تجاريه اجرا ایلمکدەدرلر. اوقراينا جماعت خادملرندن معلم (م .,بونلر پسريع بر صورتده تربقی ايتمكده ويك بويوك معاملات يجاريه اجرا ایلمکدەدرلر. اوقراينا حماعت خادملرندن معلم (م)
294,17,بوتلر پك سريع بر صوريه ترقی اتمكدة وي بوىوك معاملات خاريه اجرا ایلمکدەدرلر. اوقراينا جماعت خادملرندن معلم (م .,بونلر پك سريع بر صورتده ترقی ايتمكده ويك بويوك معاملات تجاريه اجرا ایلمکدەدرلر. اوقراينا جماعت خادملرندن معلم (م .,بوتلر پك سريع بر صوريه ترقی اتمكده ويتواوك معاملات خاريه اجرا ایلمکدەدرلر. اوقراينا جماعت خادملرندن معلم (م.
294,18,بو نلر پك سريع بر صورتده ترقی اي تکمكده ويک بيوك معاملات تجارىهع اجريا ایلم کدەذرلر. اوقراينا جماعت ادملرندن معلم (م .,بونلر پك سريع بر صورتده ترقی ايتمكده ويك بويوك معاملات تجاريه اجرا ایلمکدەدرلر. اوقراينا جماعت خادملرندن معلم (م .,بونلر پك سريع بر صورتده ترقی ايتيمكده ويك بيوك معاملات تجاراع اجريا ایلمکدەدرلر. اوقراينا جماعت ادملرندن معلم (م.
294,19,بنلر پك سريغ بر صورتدة ترقی ى يتمركده وىك بويوك معاملت تجاريه اجرا ایلمکدەدرلر. ىوقارىينا جماعت خادملرندن معلم (م .,بونلر پك سريع بر صورتده ترقی ايتمكده ويك بويوك معاملات تجاريه اجرا ایلمکدەدرلر. اوقراينا جماعت خادملرندن معلم (م .,بنلر پك سريغ بر صورتده ترقی ايتمركده واك بويوك معاملت تجاريه اجرا ایلمکدەدرلر. اوقراينا جماعت خادملرندن معلم (م.
39,0,آوسيریاخانان ایمپراطوریسی (هاثشبورغ)لره قىرشو حرب آچدیغندن اوقزایندەکی نفوذندن واز کچمه مبور اولدی.,آوستریاخاندان ایمپراطوریسی (هابسبورغ)لره قارشو حرب آچدیغندن اوقراینادەکی نفوذندن واز کچمکه مجبور اولدی.,آوسيریاخانان ایمپراطوریسی (هاتشبورغ)لره قارشو حرب آچدیغندن اوقرایندەکی نفوذندن واز کچمه مبور اولدی.
39,1,آوستریاخاندان ایمپراطوریسی (هابسبورطغ)لره قارشو حرب آچدیغندن اوراینادەکینفوذندن واز کچمکه مجبوزر الدی.,آوستریاخاندان ایمپراطوریسی (هابسبورغ)لره قارشو حرب آچدیغندن اوقراینادەکی نفوذندن واز کچمکه مجبور اولدی.,آوستریاخاندان ایمپراطوریسی (هابسبورغ)لره قارشو حرب آچدیغندن اوراینادەکی نفوذندن واز کچمکه مجبورالدی.
39,2,آوستریاخاندان ایمپراطوریسی (هابسبورغ)لره قارشو حزب اچدیغنثدن اوقرای نادەكی نقوذدن واز کچمکه مجبور الدی.,آوستریاخاندان ایمپراطوریسی (هابسبورغ)لره قارشو حرب آچدیغندن اوقراینادەکی نفوذندن واز کچمکه مجبور اولدی.,آوستریاخاندان ایمپراطوریسی (هابسبورغ)لره قارشو حزب اچدیغنندن اوقراینادەکی نقودن واز کچمکه مجبور الدی.
39,3,آوستثریاخاندان ایمپراطوریشی (هابسبورغ)لره قا رشو هرب آإچدیغنن اوقراینادەکی نفوذنن واز کچمکه مجبور اولادی.,آوستریاخاندان ایمپراطوریسی (هابسبورغ)لره قارشو حرب آچدیغندن اوقراینادەکی نفوذندن واز کچمکه مجبور اولدی.,آوستری اخاندان ایمپراطوریسی (هابسبورغ)لره قارشو هرب آچدیغنن اوقراینادەکی نفوذنن واز کچمکه مجبور اولادی.
39,4,آوستریاخ ا ندىن ایمپراطوریسی (هاسبورغ)لره قارشو حرب اچدیغندن اوقراینادەکی تفودنبدن واز کچمکه مجبور اولدی.,آوستریاخاندان ایمپراطوریسی (هابسبورغ)لره قارشو حرب آچدیغندن اوقراینادەکی نفوذندن واز کچمکه مجبور اولدی.,آوستریا اندان ایمپراطوریسی (هاسبورغ)لره قارشو حرب اچدیغندن اوقراینادەکی تفودن بدن واز کچمکه مجبور اولدی.
39,5,آستریىخاندان ایمپراطوریسی (ةابسبورغ)لره قارشو حرب آچیغندن اوقراینادەکی نقوذندن واز کچمکه مجبور اولدی.,آوستریاخاندان ایمپراطوریسی (هابسبورغ)لره قارشو حرب آچدیغندن اوقراینادەکی نفوذندن واز کچمکه مجبور اولدی.,آستریاخاندان ایمپراطوریسی (هابسبورغ)لره قارشو حرب آچیغندن اوقراینادەکی نقودندن واز کچمکه مجبور اولدی.
39,6,اوستریخاندى ن ایمپراطوریسی (ةابسبورةغذ)لره قارشو حر آچدیغنذن اوقرىینادەکی نفوذندن واز کچمکه مجبور ولدی.,آوستریاخاندان ایمپراطوریسی (هابسبورغ)لره قارشو حرب آچدیغندن اوقراینادەکی نفوذندن واز کچمکه مجبور اولدی.,اوستریخاندى ایمپراطوریسی (هابسبورهد)لره قارشو حر آچدیغندن اوقراینادەکی نفوذندن واز کچمکه مجبور ولدی.
39,7,آوستریاجانذي ایپراطویسی (هابشبورغ)لرة قارشو حر ب آچدیغندن وقراینادەکی نفوذندن واز کچهمکه مجبور اولدی.,آوستریاخاندان ایمپراطوریسی (هابسبورغ)لره قارشو حرب آچدیغندن اوقراینادەکی نفوذندن واز کچمکه مجبور اولدی.,آوستریاجاندى ایپراطویسی (هابشبورغ)لره قارشو حرب آچدیغندن وقراینادەکی نفوذندن واز کچه مکه مجبور اولدی.
39,8,اوستریاخىندان ایمپراطوریسی (هابسبورغ)لرة قارشو حرب آچدیغندن اوقرای نادەكینفوذندن و از كچمکه منجثوز اولدی.,آوستریاخاندان ایمپراطوریسی (هابسبورغ)لره قارشو حرب آچدیغندن اوقراینادەکی نفوذندن واز کچمکه مجبور اولدی.,اوستریاخاندان ایمپراطوریسی (هابسبورغ)لره قارشو حرب آچدیغندن اوقراینادەکی نفوذندن و از کچمکه منجور اولدی.
39,9,آوسترإیاخاندانامپراطوریشی (هابسبورغ)لره فارشو هرب آچذیغنن ا ورایناذە ک ی نفوذندن واز کچمکة مجبور اودی.,آوستریاخاندان ایمپراطوریسی (هابسبورغ)لره قارشو حرب آچدیغندن اوقراینادەکی نفوذندن واز کچمکه مجبور اولدی.,آوستری اخاندان امپراطوریسی (هابسبورغ)لره فارشو هرب آچدیغنن اوراینادەکی نفوذندن واز کچمکه مجبور اودی.
39,10,آوستریاخاندان ایمإپراطویسی (هاشبورغ)لرة قرشوى حرب آچدیغندن اوقرای نىدەکی نفوذندن واز کةچمکه مجبور اولدی.,آوستریاخاندان ایمپراطوریسی (هابسبورغ)لره قارشو حرب آچدیغندن اوقراینادەکی نفوذندن واز کچمکه مجبور اولدی.,آوستریاخاندان ایمپراطویسی (هاشبورغ)لره قرشوى حرب آچدیغندن اوقراینادەکی نفوذندن واز کهچمکه مجبور اولدی.
39,11,آوستریاخاندان ایمپراطوریزسی (هابستورغ)لره قارشو حرب آچدغندن اوقرىینادەکیس نفوذندنخ واکچمك مجور اولدی.,آوستریاخاندان ایمپراطوریسی (هابسبورغ)لره قارشو حرب آچدیغندن اوقراینادەکی نفوذندن واز کچمکه مجبور اولدی.,آوستریاخاندان ایمپراطوریزسی (هابستورغ)لره قارشو حرب آچدندن اوقراینادەکی نفوذندن واکچمك مجور اولدی.
39,12,آوتریاخاندان ىیمپراطویسی(هانسبورغ)لرهقارشو حرب آچدیغندن اوق رای ناذنەکزی نففوذندن واز کمکيه مجبور اولدی.,آوستریاخاندان ایمپراطوریسی (هابسبورغ)لره قارشو حرب آچدیغندن اوقراینادەکی نفوذندن واز کچمکه مجبور اولدی.,آوتریاخاندان ایمپراطویسی(هانسبورغ)لره قارشو حرب آچدیغندن اوقراینادنەکزی نفقوذندن واز کمکيه مجبور اولدی.
39,13,آوشتریاخانداب ایمپراطوریسی (هابسبوزغلره قارشو حرب آعچدیغندن اورقراینادەکی نفوذندن واز کچمکه مجبور اولی.,آوستریاخاندان ایمپراطوریسی (هابسبورغ)لره قارشو حرب آچدیغندن اوقراینادەکی نفوذندن واز کچمکه مجبور اولدی.,آوستری اخانداب ایمپراطوریسی (هابسبورغلره قارشو حرب آعچدیغندن اورقراینادەکی نفوذندن واز کچمکه مجبور اولی.
39,14,آوسترياخاندان ایمپزاطىریسی (ةابسبورغ)لره قارس هرب آچدیغثدن اوقرىیبادەکی نفوذندن واز کچمکه مجبور اولذی.,آوستریاخاندان ایمپراطوریسی (هابسبورغ)لره قارشو حرب آچدیغندن اوقراینادەکی نفوذندن واز کچمکه مجبور اولدی.,آوسترياخاندان ایمپراریسی (هابسبورغ)لره قارس هرب آچدیغندن اوقراینادەکی نفوذندن واز کچمکه مجبور اولدی.
39,15,آوسثریاخانداث ایمپاطوریطسی (هابسبورغ)لره قارشو حتر آذیغنذن اوقراینا دەکی نفوذندن واز کچمکة مجبور اولد ی.,آوستریاخاندان ایمپراطوریسی (هابسبورغ)لره قارشو حرب آچدیغندن اوقراینادەکی نفوذندن واز کچمکه مجبور اولدی.,آوستری اخاندان ایمپاوریسی (هابسبورغ)لره قارشو حتر آدیغندن اوقراینا دەکی نفوذندن واز کچمکه مجبور اولدی.
39,16,آوستریاخاندان ایمپراطوریسی (ى بسبورغ )لره ارشو حرب آچدیغن دن اوقراینادەی نفواذدن واز کچ مکه جبور ولدی.,آوستریاخاندان ایمپراطوریسی (هابسبورغ)لره قارشو حرب آچدیغندن اوقراینادەکی نفوذندن واز کچمکه مجبور اولدی.,آوستریاخاندان ایمپراطوریسی (ابسبورغ)لره ارشو حرب آچدیغندن اوقراینادەی نفوادن واز کچ مکه جبور ولدی.
39,17,آوستریاخابذان ایمپراطوریسی (هابسبورغ)لره قارشو حرب آچ دیغنذن اوقزایناد ەکی نفوذندن واز کچميه مجبور ىولدی.,آوستریاخاندان ایمپراطوریسی (هابسبورغ)لره قارشو حرب آچدیغندن اوقراینادەکی نفوذندن واز کچمکه مجبور اولدی.,آوستری اخابدان ایمپراطوریسی (هابسبورغ)لره قارشو حرب آچ دیغندن اوقراینادەکی نفوذندن واز کچميه مجبور اولدی.
39,18,آوستریاخاندان ایمپراطورینسی(ابسبورغ)لره فارشو حرب آچدیغندن اوقراینادەکی نفوذندي واز کچمکه مجبور اولد ی.,آوستریاخاندان ایمپراطوریسی (هابسبورغ)لره قارشو حرب آچدیغندن اوقراینادەکی نفوذندن واز کچمکه مجبور اولدی.,آوستریاخاندان ایمپراطورینسی (ابسبورغ)لره فارشو حرب آچدیغندن اوقراینادەکی نفوذندي واز کچمکه مجبور اولدی.
39,19,آوستریاخاندانق ایمپراطوریشی (هىبس بورغ)لره قارشو حرب آچدیغندن اوقراینادەک ی نفوذندن واز کچمکه مجبورأ اولدی.,آوستریاخاندان ایمپراطوریسی (هابسبورغ)لره قارشو حرب آچدیغندن اوقراینادەکی نفوذندن واز کچمکه مجبور اولدی.,آوستریا خاندانق ایمپراطوریسی (هابس بورغ)لره قارشو حرب آچدیغندن اوقراینادەکی نفوذندن واز کچمکه مجبور اولدی.
381,0,ذونزوف - آ. زوف هشـ ذوروإشەنقو - م . مەلەنەفسکی مركز 250بك اإطار,دونزوف - آ. زوف هـ. دوروشەنقو - م. مەلەنەفسکی مركز 250بك لاإطار,دونزوف - آروف هسـ دوروشەنقو - م. مەلەنەفسکی مركز 250بك اطار
381,1,دوثزوف - آ. زوف هـ. دوروشەنقو - م. مەلەن ەفسکی مركز 250بك لاإطىر,دونزوف - آ. زوف هـ. دوروشەنقو - م. مەلەنەفسکی مركز 250بك لاإطار,دوروف - آزوفهـ. دوروشەنقو - مرمەلەنەفسکی مركز 250بك لاإطار
381,2,دونز وف - آ. زوف ـ. دروشەنقو - م. مەلەنەفسکی مركر 250نك لاإطار,دونزوف - آ. زوف هـ. دوروشەنقو - م. مەلەنەفسکی مركز 250بك لاإطار,دونزوف - آزوفـ. دروشەنقو - مرمەلەنەفسکی مركر 250نك لاإطار
381,3,دونروف - آ. زو هـ. دوروشەنقو - م.ى مەلنەفسکی مركز 250بك لاإطار,دونزوف - آ. زوف هـ. دوروشەنقو - م. مەلەنەفسکی مركز 250بك لاإطار,دونروف - آزوهـ. دوروشەنقو - مامەلنەفسکی مركز 250بك لاإطار
381,4,دنزوف - آ. زآوفهـ. دوروشەنقو - م. ملەنەفسکی مركر250بك لاإطار,دونزوف - آ. زوف هـ. دوروشەنقو - م. مەلەنەفسکی مركز 250بك لاإطار,دنروف - آزوفهـ. دوروشەنقو - مآملەنەفسکی مركر - مركر - ملەنەفسکی مركر - مركر - ملەنەفسکی مركر - مركر - ملەنەفسکی مركر - مركر - ملەنەفسکی مركر - مركر - ملەنەفسکی مركر - مركر - ملەنەفسکی مركر - مركر - ملەنەفسکی مركر - مركر - ملەنەفسکی مركر - مركر - ملەنەفسکی مركر - مركر - ملەنەفسکی مركر - مركر - ملەن
381,5,دونزوف آ. زوقهـ. دورشەنقو - م. مەلەنەسکی مركز 250بك لاإطار,دونزوف - آ. زوف هـ. دوروشەنقو - م. مەلەنەفسکی مركز 250بك لاإطار,دونزوف آزوقهـ. دورشەنقو - مرمەلەنەسکی مركز 250بك لاإطار
381,6,دونزوق - ا. زوف هـ. دوروسەنقو - م. مەلەثەفسکی مرفكز 250بك لاإطار,دونزوف - آ. زوف هـ. دوروشەنقو - م. مەلەنەفسکی مركز 250بك لاإطار,دونروق - ازوفهـ. دوروسەنقو - مامەلەتەفسکی مرفكز 250بك لاإطار
381,7,دونروف - ا زوف هـ. دوروشەنقو - م. مەلقە نەقسيی مرك 250بك لاإطار,دونزوف - آ. زوف هـ. دوروشەنقو - م. مەلەنەفسکی مركز 250بك لاإطار,دونروف - ازوفهـ. دوروشەنقو - مامەلقەنەقسيی مرك 250بك لاإطار
381,8,دورنروف - آ. زوف ةـي. دوروشەنقو - م مەلەنەفسکی مكز 250بك لاإطار,دونزوف - آ. زوف هـ. دوروشەنقو - م. مەلەنەفسکی مركز 250بك لاإطار,دورنروف - آروف هـي. دوروشەنقو - ممەلەنەفسکی مكز 250بك لاإطار
381,9,دونزوف - .زوف هـ. ذقوروشەنقو - م. مەلەنە فسکی مركزق 250بك لاإطار,دونزوف - آ. زوف هـ. دوروشەنقو - م. مەلەنەفسکی مركز 250بك لاإطار,دونروف - .زوفهـ. دقوروشەنقو - مرمەلەنەفسکی مركزق 250بك لاإطار
381,10,دونوف - آ. زوف ةـ. ذوروشەنفو - م. مەلەنەسكیمركز 250بآك لاإطارز,دونزوف - آ. زوف هـ. دوروشەنقو - م. مەلەنەفسکی مركز 250بك لاإطار,دونوف - آروف هـ. دوروشەنفو - مشمەلەنەسكی مركز 250بك لاإطارز
381,11,دنزوف - آ. زوف هـ. دروشەنقو - م. مەلەنخ ەفسکی مزكز 250بك لاإطار,دونزوف - آ. زوف هـ. دوروشەنقو - م. مەلەنەفسکی مركز 250بك لاإطار,دنروف - آزوفهـ. دروشەنقو - مرمەلەنخەفسکی مزكز 250بك لاإطار
381,12,دونوف - آ. زوف ة ـ. دروشەنقو - . مەلەنەفسکیمزكز250بك لاإطار,دونزوف - آ. زوف هـ. دوروشەنقو - م. مەلەنەفسکی مركز 250بك لاإطار,دونوف - آزوفه ـ. دروشەنقو - . مەلەنەفسکی مزكز - آزوفه ـ. دروشەنقو - . مەلەنەفسکی مزكز - آزوفه ـ. دروشەنقو - . مەلەنەفسکی مزكز - آزوفه ـ. دروشەنقو - . مەلەنەفسکی مزكز - آزوفه ـ. دروشەنقو - . مەلەنەفسکی مزكز - آزوفه ـ. دروشەنقو - . مەلەنەفسکی مزكز - آزوفه ـ. دروشەنقو - . مەلەنەفسکی مزكز - آزوفه ـ. دروش
381,13,دونزوف - آ. زوف هـ. دورو سەنقو - م. مەلەنەفسکی زيز 250تک ل اإطار,دونزوف - آ. زوف هـ. دوروشەنقو - م. مەلەنەفسکی مركز 250بك لاإطار,دونروف - آزوفهـ. دوروسەنقو - مآمەلەنەفسکی زير 250تكل اطار
381,14,دونزوف - آ. زوف هـ. دووشەنقو - م. ملەنەفسكی مركز 250بك لاطر,دونزوف - آ. زوف هـ. دوروشەنقو - م. مەلەنەفسکی مركز 250بك لاإطار,دونروف - آزوفهـ. دووشەنقو - مشملەنەفسكی مركز 250بك لاطر
381,15,دونزف - آ. زوف ه. دوزوشەنقو - م. مەلەنەفسکی مرکز 2خ50نک لاإظار,دونزوف - آ. زوف هـ. دوروشەنقو - م. مەلەنەفسکی مركز 250بك لاإطار,دونزف - آزوفه. دوروشەنقو - مرمەلەنەفسکی مرکز - خوفه دوروشەنقو - مرمەلەنەفسکی مرکز - خوفه دوروشەنقو - مرمەلەنەفسکی مرکز - خوفه دوروشەنقو - مرمەلەنەفسکی مرکز - خوفه دوروشەنقو - مرمەلەنەفسکی مرکز - خوفه دوروشەنقو - مرمەلەنەفسکی مرکز - خوفه دوروشەنقو - مرمەلەنەفسکی مرکز - خوفه دوروشەنقو - مر
381,16,دونزوف - آ.زخوف هـ. دورةوشەنقو - م. مە لەنەفسکی مركز 250بك لاطار,دونزوف - آ. زوف هـ. دوروشەنقو - م. مەلەنەفسکی مركز 250بك لاإطار,دونروف - آرخوف هـ. دوروشەنقو - مرمەلەنەفسکی مركز 250بك لاطار
381,17,دوزوف - آ. زوف هـ. دوروشەيقو - م. مەلەنەفسكی مركز 250ب لاإطا ر,دونزوف - آ. زوف هـ. دوروشەنقو - م. مەلەنەفسکی مركز 250بك لاإطار,دوروف - آزوفهـ. دوروشەيقو - مرمەلەنەفسكی مركز 250بلاإطار
381,18,دونزوف - آ. زوف هـ. دوروشەنقو - م. مەلەنەفکی مزز 250بك لاإطار,دونزوف - آ. زوف هـ. دوروشەنقو - م. مەلەنەفسکی مركز 250بك لاإطار,دونروف - آزوفهـ. دوروشەنقو - مرمەلەنەفکی مزز 250بك لاإطار
381,19,دونزوف - آ. زوف هـ. دوروشەنقو - م. مەلەنەفسکی مزكز 250بك لاإطظار,دونزوف - آ. زوف هـ. دوروشەنقو - م. مەلەنەفسکی مركز 250بك لاإطار,دونروف - آزوفهـ. دوروشەنقو - مرمەلەنەفسکی مزكز 250بك لاإطار
126,0,معث ماقيه پولويانك عربى اوقراينا ىظوزهرندەک حاکمیتی چوق سورمدی.,مع مافيه پولونيانك غربى اوقراينا اوزرندەکی حاکمیتی چوق سورمدی.,معث ماقيه پولويانك عربى اوقراينا اظورهرندەکی حاکمیتی چوق سورمدی.
126,1,مع مافيه پولونيانك غريى اوقراينا اوزرثدەکی هاکمیتی چوق سورمدی.,مع مافيه پولونيانك غربى اوقراينا اوزرندەکی حاکمیتی چوق سورمدی.,مع مافيه پولونيانك غريى اوقراينا اوزرندەکی حاکمیتی چوق سورمدی.
126,2,ع م افيه پولونيانك غربا اوقراينا اوزرندەيی حطاکمیتی چوق سورمدی.,مع مافيه پولونيانك غربى اوقراينا اوزرندەکی حاکمیتی چوق سورمدی.,عم افيه پولونيانك غربا اوقراينا اوزرندەيی حاکمیتی چوق سورمدی.
126,3,مع مايه پولونيانك غربى اوقراينا اوزر ندەکی حاکمیتی چوق سو رمدی.,مع مافيه پولونيانك غربى اوقراينا اوزرندەکی حاکمیتی چوق سورمدی.,مع مايه پولونيانك غربى اوقراينا اوزرندەکی حاکمیتی چوق سورمدی.
126,4,مع مافيه پولونياإنك غربى اوقراينا اوززبدەكی حاکمیتی چوق سورمدی.,مع مافيه پولونيانك غربى اوقراينا اوزرندەکی حاکمیتی چوق سورمدی.,مع مافيه پولونيانك غربى اوقراينا اوزربدەکی حاکمیتی چوق سورمدی.
126,5,مغ مايه پولونيانك غربىاوقراينا اوززندەکی حاکمیتی چوق سورمدی.,مع مافيه پولونيانك غربى اوقراينا اوزرندەکی حاکمیتی چوق سورمدی.,مع مايه پولونيانك غربى اوقراينا اوزرندەکی حاکمیتی چوق سورمدی.
126,6,مع مافيه پولونيانك غربى اوقراينا اوزرندەکی حاکمیتی چوف سورمدی.,مع مافيه پولونيانك غربى اوقراينا اوزرندەکی حاکمیتی چوق سورمدی.,مع مافيه پولونيانك غربى اوقراينا اوزرندەکی حاکمیتی چوف سورمدی.
126,7,مع مافيه پولونيانك غزبى وقراينى اوزرندەی حااکمیتی چوف سورمدی.,مع مافيه پولونيانك غربى اوقراينا اوزرندەکی حاکمیتی چوق سورمدی.,مع مافيه پولونيانك غزبى وقراينا اوزرندەی حاکمیتی چوف سورمدی.
126,8,مع مىفيه پولنيانك غربى اوقراينا اوزرندەکی حاکمیتی چوق سورمدی.,مع مافيه پولونيانك غربى اوقراينا اوزرندەکی حاکمیتی چوق سورمدی.,مع مافيه پولنيانك غربى اوقراينا اوزرندەکی حاکمیتی چوق سورمدی.
126,9,مع مافكه پولونيا نك غربى اوقرخايا ازرندەکی حاکمیتی چوق سورمدی.ى,مع مافيه پولونيانك غربى اوقراينا اوزرندەکی حاکمیتی چوق سورمدی.,مع مافكه پولونيانك غربى اوقراينا ازرندەکی حاکمیتی چوق سورمدی.
126,10,مع مافيه پولونياك غربى اوفراينا اوزرندەکی حاکمیتی چوق سورمد.,مع مافيه پولونيانك غربى اوقراينا اوزرندەکی حاکمیتی چوق سورمدی.,مع مافيه پولونياك غربى اوقراينا اوزرندەکی حاکمیتی چوق سورمدر.
126,11,مع مافيهت پولونيانك غربى اوقزىينا اوررنآدەکی حاکمیت ی وق سورمذی.,مع مافيه پولونيانك غربى اوقراينا اوزرندەکی حاکمیتی چوق سورمدی.,مع مافيه پولونيانك غربى اوقراينا اوررندەکی حاکمیتی وقراسورمدی.
126,12,مغ مافيه پولونيانك ربى اوقراينا اوزرندەکی حاکمیی چوق سورمدی.,مع مافيه پولونيانك غربى اوقراينا اوزرندەکی حاکمیتی چوق سورمدی.,مع مافيه پولونيانك ربى اوقراينا اوزرندەکی حاکمیی چوق سورمدی.
126,13,مع مافيه پولونيانک غربى ا وقراينى اوزربدەکی حاکمیتی چوق سورم دی.,مع مافيه پولونيانك غربى اوقراينا اوزرندەکی حاکمیتی چوق سورمدی.,مع مافيه پولونيانك غربى اوقراينا اوزربدەکی حاکمیتی چوق سورمدی.
126,14,مع افي پلوييانك غرب اوقراينا اوزرندەکی حاکمیتی وق سورمإدی.,مع مافيه پولونيانك غربى اوقراينا اوزرندەکی حاکمیتی چوق سورمدی.,مع افي پلوييانك غرب اوقراينا اوزرندەکی حاکمیتی وقراسورمدی.
126,15,مع مافىه پولونيانك غربى اوقراينا اوزرنذاەکی حاکمیتی چ وق سورمدی.,مع مافيه پولونيانك غربى اوقراينا اوزرندەکی حاکمیتی چوق سورمدی.,مع مافيه پولونيانك غربى اوقراينا اوزرنداەکی حاکمیتی چوق سورمدی.
126,16,مع مافيه پولونيانك غبى اوقراينا اوزرندەکی حاکمیتی چوق سومدی.,مع مافيه پولونيانك غربى اوقراينا اوزرندەکی حاکمیتی چوق سورمدی.,مع مافيه پولونيانك غبى اوقراينا اوزرندەکی حاکمیتی چوق سومدی.
126,17,مع مافيه پولونيانك غربى اوقراينا اوزرندکی حاکمیتیچوق سورمدی.,مع مافيه پولونيانك غربى اوقراينا اوزرندەکی حاکمیتی چوق سورمدی.,مع مافيه پولونيانك غربى اوقراينا اوزرندی حاکمیتی چوق سورمدی.
126,18,مع مافيه پولونيانك غ با اوقرانا وزرندەکی حاكمیتی چوق سورمدی.,مع مافيه پولونيانك غربى اوقراينا اوزرندەکی حاکمیتی چوق سورمدی.,مع مافيه پولونيانك غبا اوقراينا وزرندەکی حاکمیتی چوق سورمدی.
126,19,مع مايه پولونيانك غربى اوقراينا اوزرندەکی حاکمیتی چوق سورمدی.,مع مافيه پولونيانك غربى اوقراينا اوزرندەکی حاکمیتی چوق سورمدی.,مع مايه پولونيانك غربى اوقراينا اوزرندەکی حاکمیتی چوق سورمدی.
101,0,بوتش تت وتفرقه یونزنطدنادقراینا کیت يیده دها زیاده ورطۀ انقراض وانحطاطك کناریه طوغری یووازلنیوردی.,بوتشتت وتفرقه یوزندن اوقراینا کیت کیده دها زیاده ورطۀ انقراض وانحطاطك کنارینه طوغری یووارلنیوردی.,بوتشتت وتفرقه یونزندن ادقراینا کیت بیده دها زیاده ورطۀ انقراض وانحطاطك کناریه طوغری یووازلنیوردی.
101,1,بوثشتت وتفرقة یوندن اوقراینا کیت كیده د ها زیاده ورطۀ انقراض وانحطاطعك کنارینه طوغری یووارلنیوردیى.,بوتشتت وتفرقه یوزندن اوقراینا کیت کیده دها زیاده ورطۀ انقراض وانحطاطك کنارینه طوغری یووارلنیوردی.,بوتشت وتفرقه یوندن اوقراینا کیت کیده دها زیاده ورطۀ انقراض وانحطاطعك کنارینه طوغری یووارلنیوردی.
101,2,بوتشتت وتفرقه یوزندن اوقرایناإ کیت کیدة دهازیىده ورطۀ ىنقزاض انهطاطك کنارینة طوغری یووارلنیوردی .,بوتشتت وتفرقه یوزندن اوقراینا کیت کیده دها زیاده ورطۀ انقراض وانحطاطك کنارینه طوغری یووارلنیوردی.,بوتشتت وتفرقه یوزندن اوقراینا کیت کیده دهاریاده ورطۀ انقزاض انهاطك کنارینه طوغری یووارلنیوردی.
101,3,بوتشتت وتفرقه یوزندباوقرىینا کیت کیده دهازیىده وغرط ۀ انقرىضوانحطاطكکنارینه طوغرییوواةر لنیوردی.,بوتشتت وتفرقه یوزندن اوقراینا کیت کیده دها زیاده ورطۀ انقراض وانحطاطك کنارینه طوغری یووارلنیوردی.,بوتشتت وتفرقه یوزندن اوقراینا کیت کیده دهاریاده وغرطۀ انقراوان حطاطكينارینه طوغری یوواهر لنیوردی.
101,4,بوثشت وتفزقه یوزندن اوقراینا کیهت يیده دها زیاده ورطۀ انقراض وىنحطاطك کنازینه طوغری یووارلنیوردی.,بوتشتت وتفرقه یوزندن اوقراینا کیت کیده دها زیاده ورطۀ انقراض وانحطاطك کنارینه طوغری یووارلنیوردی.,بوتشت وتفرقه یوزندن اوقراینا کیهت بیده دها زیاده ورطۀ انقراض وانحطاطك کنارینه طوغری یووارلنیوردی.
101,5,بوتشتت وتفرقه یوزندنك اوقشرىینا کیب کیده دةا زیاده ورظۀ انفزاض وانحطاطك کنارینه طوغری یووارلنیوردی.,بوتشتت وتفرقه یوزندن اوقراینا کیت کیده دها زیاده ورطۀ انقراض وانحطاطك کنارینه طوغری یووارلنیوردی.,بوتشتت وتفرقه یوزندنك اوقراینا کی کیده دها زیاده ورظۀ انفراض وانحطاطك کنارینه طوغری یووارلنیوردی.
101,6,بوتشنت وتفرقة یوقزندن اوقرا ینى کیت كیده ذها ریاده ورطۀ اصنقراض وانحطاطك ينارینه طوغری یووارلن یوردی.,بوتشتت وتفرقه یوزندن اوقراینا کیت کیده دها زیاده ورطۀ انقراض وانحطاطك کنارینه طوغری یووارلنیوردی.,بوتشنت وتفرقه یوقرندن اوقراینا کیت کیده دها ریاده ورطۀ اصنقراض وانحطاطك ينارینه طوغری یووارلن یوردی.
101,7,بوتشتت وتفرقه یوزندن ا وراینا کیت کیده ها زیده ورطۀ انفراض وانحطاطك کنارین ه طوغری یووارلبیوردی .,بوتشتت وتفرقه یوزندن اوقراینا کیت کیده دها زیاده ورطۀ انقراض وانحطاطك کنارینه طوغری یووارلنیوردی.,بوتشتت وتفرقه یوزندن اوراینا کیت کیده حازیده ورطۀ انفراض وانحطاطك کنارینه طوغری یووارلتیوردی.
101,8,بوتشتت وتفرقه یوزندن ايورای يیث کیده دحهى زیاده ورطۀ انقراض وانحططك کن ازینه طوغری یووارلنیوری.,بوتشتت وتفرقه یوزندن اوقراینا کیت کیده دها زیاده ورطۀ انقراض وانحطاطك کنارینه طوغری یووارلنیوردی.,بوتشتت وتفرقه یوزندن ايورای تیت کیده دحى زیاده ورطۀ انقراض وانحطك کنازینه طوغری یووارلنیوری.
101,9,بوتشتت وغتفرقه یوزندن اوقراینا کیت کیده دةا زیاده و ر طۀ انقىض وانحظاط کنارینه طوغرییووىرلنوردی.,بوتشتت وتفرقه یوزندن اوقراینا کیت کیده دها زیاده ورطۀ انقراض وانحطاطك کنارینه طوغری یووارلنیوردی.,بوتشتت وغتفرقه یوزندن اوقراینا کیت کیده دها زیاده و رطۀ انقاض وانحاط کنارینه طوغری یووارلنوردی.
101,10,وتشتت وترقه یوزبدن اوقراینا کیت کید ه دها زیاده ورطۀ انقراض وانحطاطكکناریثه طوغری یووارلنیورذی.,بوتشتت وتفرقه یوزندن اوقراینا کیت کیده دها زیاده ورطۀ انقراض وانحطاطك کنارینه طوغری یووارلنیوردی.,وتشتت وترقه یوزبدن اوقراینا کیت کیده دها زیاده ورطۀ انقراض وانحطاطكينارینه طوغری یووارلنیوردی.
101,11,توتشتت وتفزقة یوزىندن اوقرىیا کیت کیده دها زیادهورظۀ انقراض وانحطاطك کنازینه طوغری یوارلنیوردی.,بوتشتت وتفرقه یوزندن اوقراینا کیت کیده دها زیاده ورطۀ انقراض وانحطاطك کنارینه طوغری یووارلنیوردی.,توتشتت وتفرقه یوزاندن اوقراینا کیت کیده دها زیاده ورۀ انقراض وانحطاطك کنارینه طوغری یوارلنیوردی.
101,12,بوت شتت وتفرقة یوزندن اوقراینا کیت کیده دها زیاده ورطۀ اقراض وانحطساطك کنارینه ظوغری یووارلنیوردی.,بوتشتت وتفرقه یوزندن اوقراینا کیت کیده دها زیاده ورطۀ انقراض وانحطاطك کنارینه طوغری یووارلنیوردی.,بوتشتت وتفرقه یوزندن اوقراینا کیت کیده دها زیاده ورطۀ اقراض وانحساطك کنارینه ظوغری یووارلنیوردی.
101,13,بوتشتت وتفرقه یوزندن اوقزاینا یت کیده ذها زیاده ورطۀ ارتقراض و انهطاطخك کناریثه طوغری یووارلهنیوردی.,بوتشتت وتفرقه یوزندن اوقراینا کیت کیده دها زیاده ورطۀ انقراض وانحطاطك کنارینه طوغری یووارلنیوردی.,بوتشتت وتفرقه یوزندن اوقراینا یت کیده دها زیاده ورطۀ ارتقراض و انهاخك کنارینه طوغری یووارله نیوردی.
101,14,بوتستت وتفرقه یوزندن اوقراینا كکی کیدة دة ا زیادةوزطۀ انقراض واحطاطك کناریينه طوغری یووارلتیوردی.,بوتشتت وتفرقه یوزندن اوقراینا کیت کیده دها زیاده ورطۀ انقراض وانحطاطك کنارینه طوغری یووارلنیوردی.,بوتستت وتفرقه یوزندن اوقراینا ککی کیده ده ازیاده وزطۀ انقراض واحطاطك کنارینه طوغری یووارلتیوردی.
101,15,بوتعشتت وتفرقه یوزندث اوفر ایناکیت کیده دها زیادة ورطۀ ىنقراض وا نحطاطك کنارینة طوغری یووارلنوردی.,بوتشتت وتفرقه یوزندن اوقراینا کیت کیده دها زیاده ورطۀ انقراض وانحطاطك کنارینه طوغری یووارلنیوردی.,بوتعشت وتفرقه یوزندن اوقرایناکیت کیده دها زیاده ورطۀ انقراض وانحطاطك کنارینه طوغری یووارلنوردی.
101,16,بوشزتت وترقه یوزندن اوفرانا کیت کیذه دها زیاده ورطۀ ا نفراض وانحطاطك کنارینة ظوغییووارلثیوردی.,بوتشتت وتفرقه یوزندن اوقراینا کیت کیده دها زیاده ورطۀ انقراض وانحطاطك کنارینه طوغری یووارلنیوردی.,بوشرتت وترقه یوزندن اوقرانا کیت کیده دها زیاده ورطۀ انفراض وانحطاطك کنارینه طوغیی ووارلتیوردی.
101,17,بوتشتت وتفرقة یوزندب اوقراینا کیت كیده دفها زیآاده ورطۀ انقراض وىثحطا طك کناریثه طوعری یووازلنیوردی.,بوتشتت وتفرقه یوزندن اوقراینا کیت کیده دها زیاده ورطۀ انقراض وانحطاطك کنارینه طوغری یووارلنیوردی.,بوتشتت وتفرقه یوزندن اوقراینا کیت کیده دفها زیاده ورطۀ انقراض واثطاطك کنارینه طوعری یووازلنیوردی.
101,18,بوتشتت وتفرقه یوزن دن اوقراینا كیت کیده دها زیاده ورطۀ انقراضواحطاطک کظنارینة ظوغری یوإ وارلیوردی.,بوتشتت وتفرقه یوزندن اوقراینا کیت کیده دها زیاده ورطۀ انقراض وانحطاطك کنارینه طوغری یووارلنیوردی.,بوتشتت وتفرقه یوزندن اوقراینا کیت کیده دها زیاده ورطۀ انقراض واحطاطك کنارینه طوغری یو وارلیوردی.
101,19,وتشيت وتفرق ة یوجزند اوقرینا کیت کیده دها زیابده ورطۀ انقراض واحطاطك ک نارینة طوغری یووارلبیوردی.,بوتشتت وتفرقه یوزندن اوقراینا کیت کیده دها زیاده ورطۀ انقراض وانحطاطك کنارینه طوغری یووارلنیوردی.,وتشيت وتفرقه یوجرنده اوقراینا کیت کیده دها زیابده ورطۀ انقراض واحطاطك كنارینه طوغری یووارلتیوردی.
84,0,مع مافظية بوهه تمانك وقوع وفاتی ا وزرینة قزافلر آزەسنه پولونيى حاكميتنهقارشویکدن قالر باش كوسترمش و بونلر ١٦٢٥ و١٦٣٠ سنەلرنده غایت شدتلی محارباته باذى اولمـدر.,مع مافيه بوهه تمانك وقوع وفاتی اوزرینه قزاقلر آرەسنده پولونيا حاكميتنه قارشو یکدن قاملر باش كوسترمش و بونلر ١٦٢٥ و١٦٣٠ سنەلرنده غایت شدتلی محارباته بادى اولمشـدر.,مع مافيه بوهه تمانك وقوع وفاتی اوزرینه قزافلر آزەسنه پولونيا حاكميتنه قارشویکدن قالر باش كوسترمش و بونلر ١٦٢٥ و١٦٣٠ سنەلرنده غایت شدتلی محارباته بادى اولمـدر.
84,1,مع مافيه بوهه تمانك وقوع وفاتی اوزرینه قزاقلر آزەسنده پولونکا حىكميتنة قار شو یکذت قاملر باس كوستزمشو بونلر ١٦٢٥ ١٦٣٠ سن ەلرده غایت شدتلی محارباته بادى اولمشـدر.,مع مافيه بوهه تمانك وقوع وفاتی اوزرینه قزاقلر آرەسنده پولونيا حاكميتنه قارشو یکدن قاملر باش كوسترمش و بونلر ١٦٢٥ و١٦٣٠ سنەلرنده غایت شدتلی محارباته بادى اولمشـدر.,مع مافيه بوهه تمانك وقوع وفاتی اوزرینه قزاقلر آزەسنده پولونكا حاكميتنه قارشو یکدت قاملر باس كوسترمشو بونلر ١٦٢٥ ١٦٣٠ سنەلرده غایت شدتلی محارباته بادى اولمشـدر.
84,2,مع ماقىة بوهه تمانك وقوع وفاتی اوزرینه قزاق لر آرەغسنده پولونيا حاكميتنه فارشو یکن فاملر باشكوسترمش و بونلر ١٦٢٥ و١٦٣٠ سنەلرنده عایت شذتلی محارباته بادى اولمشـذدر.,مع مافيه بوهه تمانك وقوع وفاتی اوزرینه قزاقلر آرەسنده پولونيا حاكميتنه قارشو یکدن قاملر باش كوسترمش و بونلر ١٦٢٥ و١٦٣٠ سنەلرنده غایت شدتلی محارباته بادى اولمشـدر.,مع ماقاه بوهه تمانك وقوع وفاتی اوزرینه قزاقلر آرەسنده پولونيا حاكميتنه فارشو یکن فاملر باشكوسترمش و بونلر ١٦٢٥ و١٦٣٠ سنەلرنده عایت شدتلی محارباته بادى اولمشـدر.
84,3,مغ مافية بوهة تمانك وقوع وقاتی اوزرینه قراقلر آزەشنده پولونىا حاكميننه قىرشو یکدن قاملر باش كوسترمش و بونلز ١٦٢٥ و١٦٣٠ سنەلرنده غت شديلی محاأرباته بادى اولمشـدر.,مع مافيه بوهه تمانك وقوع وفاتی اوزرینه قزاقلر آرەسنده پولونيا حاكميتنه قارشو یکدن قاملر باش كوسترمش و بونلر ١٦٢٥ و١٦٣٠ سنەلرنده غایت شدتلی محارباته بادى اولمشـدر.,مع مافيه بوهه تمانك وقوع وقاتی اوزرینه قراقلر آزەسنده پولوناا حاكميننه قارشو یکدن قاملر باش كوسترمش و بونلر ١٦٢٥ و١٦٣٠ سنەلرنده غتشديلی محارباته بادى اولمشـدر.
84,4,مع مافيه بوهه تمانك و قوع وفاتی اوزرینه قز اقلرآرەستأده پولوضنيا حاكميتنه قارشو یکدن قاملر باش وسترمس و بونلر ١٦٢٥ و١٦٣٠ سنەلرنده غایت شدتلی محارباته بدى اولمشـدر.,مع مافيه بوهه تمانك وقوع وفاتی اوزرینه قزاقلر آرەسنده پولونيا حاكميتنه قارشو یکدن قاملر باش كوسترمش و بونلر ١٦٢٥ و١٦٣٠ سنەلرنده غایت شدتلی محارباته بادى اولمشـدر.,مع مافيه بوهه تمانك و قوع وفاتی اوزرینه قزاقلر آرەستده پولونيا حاكميتنه قارشو یکدن قاملر باش وسترمس و بونلر ١٦٢٥ و١٦٣٠ سنەلرنده غایت شدتلی محارباته بدى اولمشـدر.
84,5,مع ما فييه بوهه تمنكوو ع وفاتیاوزر ینه قزاقلر آرشنذة پولىونيا حاكميتتنه قازو یکدن قامصلرك باش كوسترمش و بونلر ١٦٢٥ و١٦٣٠ سنەلرنثده غایت شدتلی محارباته بادي اول مشـدر.,مع مافيه بوهه تمانك وقوع وفاتی اوزرینه قزاقلر آرەسنده پولونيا حاكميتنه قارشو یکدن قاملر باش كوسترمش و بونلر ١٦٢٥ و١٦٣٠ سنەلرنده غایت شدتلی محارباته بادى اولمشـدر.,مع مافيه بوهه تمنك ووع وفاتی اوزرینه قزاقلر آرسنده پولاونيا حاكميتنه قارو یکدن قامصلرك باش كوسترمش و بونلر ١٦٢٥ و١٦٣٠ سنەلرننده غایت شدتلی محارباته بادي اولمشـدر.
84,6,معد مافيه بهه تمانك وقوع وفاتی اوررینه قرافلر آرەسنده پولونيا حاكميتنه قارشو یکدن قاملر باش كوس ترمشغ وبونلر ١٢ش٥ و١٦٣٠ سنەلذرنذه غایت شدضتلی مهارباتهبدى اولمشـدر.,مع مافيه بوهه تمانك وقوع وفاتی اوزرینه قزاقلر آرەسنده پولونيا حاكميتنه قارشو یکدن قاملر باش كوسترمش و بونلر ١٦٢٥ و١٦٣٠ سنەلرنده غایت شدتلی محارباته بادى اولمشـدر.,معد مافيه بهه تمانك وقوع وفاتی اوررینه قرافلر آرەسنده پولونيا حاكميتنه قارشو یکدن قاملر باش كوس ترمش وبونلر ١٢ش٥ و١٦٣٠ سنەلرنده غایت شدتلی محارباته بدى اولمشـدر.
84,7,م مايه بوهه تمانك وقوغ وفاتی اوزرینه قزاقلر آرەسنده پولونيا حاكميتنهن قارشو یکدن قاملر بش كوسرمش و بونلر ١٦٢٥ و١٦٣٠ سنەلرنده غایت شدتلی محارباته بى دى اولمشدر.,مع مافيه بوهه تمانك وقوع وفاتی اوزرینه قزاقلر آرەسنده پولونيا حاكميتنه قارشو یکدن قاملر باش كوسترمش و بونلر ١٦٢٥ و١٦٣٠ سنەلرنده غایت شدتلی محارباته بادى اولمشـدر.,ممايه بوهه تمانك وقوع وفاتی اوزرینه قزاقلر آرەسنده پولونيا حاكميتنه قارشو یکدن قاملر بش كوسرمش و بونلر ١٦٢٥ و١٦٣٠ سنەلرنده غایت شدتلی محارباته بادى اولمشدر.
84,8,مع مافيه ب وهه تمانك وقوع وفاتی اوزز ینه قزاقلقز آرەسنده پولونياحايميتنه قارشو یكدن قاملر باش كوسترمش و بونلر ١٦٢٥ و١٦٣٠ سنەلرنده غایت شدتلی محاباته بادى اولمشـدر.,مع مافيه بوهه تمانك وقوع وفاتی اوزرینه قزاقلر آرەسنده پولونيا حاكميتنه قارشو یکدن قاملر باش كوسترمش و بونلر ١٦٢٥ و١٦٣٠ سنەلرنده غایت شدتلی محارباته بادى اولمشـدر.,مع مافيه بوهه تمانك وقوع وفاتی اوزرینه قزاقلقر آرەسنده پولونيا حايميتنه قارشو یكدن قاملر باش كوسترمش و بونلر ١٦٢٥ و١٦٣٠ سنەلرنده غایت شدتلی محاباته بادى اولمشـدر.
84,9,ع مافيه بوهة نمانك وقوع فانی اوزرینه قزاقلر آرەسثده پولونيا حاك ميتنه قارشو یكد قاملر باش كوسترمش وونلر ١٦٢٥ و١٦٣٠ سنەلرتدة غایت شدتلی مکحار با ته بادى اولمشـدر.,مع مافيه بوهه تمانك وقوع وفاتی اوزرینه قزاقلر آرەسنده پولونيا حاكميتنه قارشو یکدن قاملر باش كوسترمش و بونلر ١٦٢٥ و١٦٣٠ سنەلرنده غایت شدتلی محارباته بادى اولمشـدر.,ع مافيه بوهه نمانك وقوع فانی اوزرینه قزاقلر آرەسنده پولونيا حاك ميتنه قارشو یكد قاملر باش كوسترمش وونلر ١٦٢٥ و١٦٣٠ سنەلرتده غایت شدتلی مکحار باته بادى اولمشـدر.
84,10,مع مافيه بوهه تمانك وفوع وفاتی اورر ینه قزاقلر آرەسن ده پوونيا حايمسيتنه قارشویكدن قاملز باش كوسيرمش و بونلر ١٦٢٥ و١٦٣٠ سنەلرن دة غایت شدتی محارباتة بادى اولمشـدر.,مع مافيه بوهه تمانك وقوع وفاتی اوزرینه قزاقلر آرەسنده پولونيا حاكميتنه قارشو یکدن قاملر باش كوسترمش و بونلر ١٦٢٥ و١٦٣٠ سنەلرنده غایت شدتلی محارباته بادى اولمشـدر.,مع مافيه بوهه تمانك وفوع وفاتی اوررینه قزاقلر آرەسنده پوونيا حايمسيتنه قارشویكدن قاملر باش كوسيرمش و بونلر ١٦٢٥ و١٦٣٠ سنەلرنده غایت شدتی محارباته بادى اولمشـدر.
84,11,مع مافيه بوهة تماأنك وقوع فاتی اكوررینه قزاقلر آرەسنذه پولونيا حاكميتنه قارشو یکدن قاملر باش كوسترمش و بونلر ١٦٢٥ و١٦٣٠ سنەلرنده غایت سذتلی محارباته بادى اولمشـدر.,مع مافيه بوهه تمانك وقوع وفاتی اوزرینه قزاقلر آرەسنده پولونيا حاكميتنه قارشو یکدن قاملر باش كوسترمش و بونلر ١٦٢٥ و١٦٣٠ سنەلرنده غایت شدتلی محارباته بادى اولمشـدر.,مع مافيه بوهه تمانك وقوع فاتی ايوررینه قزاقلر آرەسنده پولونيا حاكميتنه قارشو یکدن قاملر باش كوسترمش و بونلر ١٦٢٥ و١٦٣٠ سنەلرنده غایت سدتلی محارباته بادى اولمشـدر.
84,12,مع مافيه بوهه تماك وقوع وفاتی اوزرینه قزاقلر آرەنده پولونيا حاكميتنه قازرشو یکدن قاملز ياش كوستزم ش و بونلر١٦٢٥ و١٣٠ سەلرنده غایت شذتلی محارباته باذى اولمشـدر.,مع مافيه بوهه تمانك وقوع وفاتی اوزرینه قزاقلر آرەسنده پولونيا حاكميتنه قارشو یکدن قاملر باش كوسترمش و بونلر ١٦٢٥ و١٦٣٠ سنەلرنده غایت شدتلی محارباته بادى اولمشـدر.,مع مافيه بوهه تماك وقوع وفاتی اوزرینه قزاقلر آرەنده پولونيا حاكميتنه قارشو یکدن قاملر ياش كوسترمش و بونلر١٦٢٥ و١٣٠ سەلرنده غایت شدتلی محارباته بادى اولمشـدر.
84,13,مع مافىه بوةه تمانك وقوع وفاتی اوزرینه ق زاقلر آرەسنده پولوييا حايميتنه قارویکدن قاملر باش كوستكرمش و بونلر ١٦٢٥ و١٦٣٠ سنەلرنده غایت شدتلی محارباه باذي اولمشـدر.,مع مافيه بوهه تمانك وقوع وفاتی اوزرینه قزاقلر آرەسنده پولونيا حاكميتنه قارشو یکدن قاملر باش كوسترمش و بونلر ١٦٢٥ و١٦٣٠ سنەلرنده غایت شدتلی محارباته بادى اولمشـدر.,مع مافيه بوهه تمانك وقوع وفاتی اوزرینه قزاقلر آرەسنده پولونيا حايميتنه قارویکدن قاملر باش كوستكرمش و بونلر ١٦٢٥ و١٦٣٠ سنەلرنده غایت شدتلی محارباه بادي اولمشـدر.
84,14,م ع مافيه توهه تمىن وخقوع واتی اوزریته قزاقلز آرەسنده پولونيا حاكميتنه قارشو یکدن فاملر باش كوسترمش و تونلر ١٦٢٥ و١٦٣٠ سنەلريدة غایت شدتل محارباه بادى اولمـر.,مع مافيه بوهه تمانك وقوع وفاتی اوزرینه قزاقلر آرەسنده پولونيا حاكميتنه قارشو یکدن قاملر باش كوسترمش و بونلر ١٦٢٥ و١٦٣٠ سنەلرنده غایت شدتلی محارباته بادى اولمشـدر.,مع مافيه توهه تمان وخقوع واتی اوزریته قزاقلر آرەسنده پولونيا حاكميتنه قارشو یکدن فاملر باش كوسترمش و تونلر ١٦٢٥ و١٦٣٠ سنەلريده غایت شدتل محارباه بادى اولمـر.
84,15,مع مافيه بوهه تمانك وقوع وفاتی وززینه قزاقل آرەسنده پولويا هاكميتنة قارشو یكدن املر باش كوسترمش و بونلر ١٦٢٥ وغ١٦٣٠ سنلزنده غایت شدتلی محارباته بادى اولمشـذر.,مع مافيه بوهه تمانك وقوع وفاتی اوزرینه قزاقلر آرەسنده پولونيا حاكميتنه قارشو یکدن قاملر باش كوسترمش و بونلر ١٦٢٥ و١٦٣٠ سنەلرنده غایت شدتلی محارباته بادى اولمشـدر.,مع مافيه بوهه تمانك وقوع وفاتی وزرینه قزاقل آرەسنده پولونا حاكميتنه قارشو یكدن املر باش كوسترمش و بونلر ١٦٢٥ وغ١٦٣٠ سنلرنده غایت شدتلی محارباته بادى اولمشـدر.
84,16,مع مافيةه بوهه تمانک وقوع وفاتی اوزرینه قزاقلر آرەإسنده پولونيا حاكميتنهقارشو یکدن قاملر باش كو ستعرمش و بونلر ١٦٢٥ و١٦٣٠ سنەلرنده غایت شذتلی محارباتهبادى اولمشـدر.,مع مافيه بوهه تمانك وقوع وفاتی اوزرینه قزاقلر آرەسنده پولونيا حاكميتنه قارشو یکدن قاملر باش كوسترمش و بونلر ١٦٢٥ و١٦٣٠ سنەلرنده غایت شدتلی محارباته بادى اولمشـدر.,مع مافيه بوهه تمانك وقوع وفاتی اوزرینه قزاقلر آرەسنده پولونيا حاكميتنه قارشو یکدن قاملر باش كوستعرمش و بونلر ١٦٢٥ و١٦٣٠ سنەلرنده غایت شدتلی محارباته بادى اولمشـدر.
84,17,مع مافيه وهه تمانك وقوع وقاتی اوزرنه فزاقلر آرەسنده پولونيا حاكميتنة قارشو یکذدن ق املر باش كوسترمش و بونلر ١٦٢٥ و١٦٣ ٠سنەلرنده غایت شذتلی محابنه بادى اولمشـدر.,مع مافيه بوهه تمانك وقوع وفاتی اوزرینه قزاقلر آرەسنده پولونيا حاكميتنه قارشو یکدن قاملر باش كوسترمش و بونلر ١٦٢٥ و١٦٣٠ سنەلرنده غایت شدتلی محارباته بادى اولمشـدر.,مع مافيه وهه تمانك وقوع وقاتی اوزرنه فراقلر آرەسنده پولونيا حاكميتنه قارشو یکدن قاملر باش كوسترمش و بونلر ١٦٢٥ و١٦٣٠سنەلرنده غایت شدتلی محابنه بادى اولمشـدر.
84,18,مع مافية يوهه تمانك وقوع وفاتیغ اوزرینه ق زاقلر آزەسثدة پولونىا هاكميتنه قارشو یکدن قاملز باش كوشترمش و بونلر ١٦٢ى٥ و١٦٣ سنەلرنده غایتك شدتلی محار باته بادى اولهمشـدز.,مع مافيه بوهه تمانك وقوع وفاتی اوزرینه قزاقلر آرەسنده پولونيا حاكميتنه قارشو یکدن قاملر باش كوسترمش و بونلر ١٦٢٥ و١٦٣٠ سنەلرنده غایت شدتلی محارباته بادى اولمشـدر.,مع مافيه يوهه تمانك وقوع وفاتی اوزرینه قزاقلر آزەسنده پولوناا هاكميتنه قارشو یکدن قاملر باش كوشترمش و بونلر ١٦٢٧٥ و١٦٣ سنەلرنده غایتك شدتلی محارباته بادى اولهمشـدر.
84,19,مع مافيه بوهه تمانك ووغ وفاتی ازرینه قزاقلر آرەسنده پولونکا حاكميتنه ق ارشو یکدن فاملر باس كوسبرمش و بونلر ١٦٢٥ و١٦٣٠ سنەلکرظنده غایت شدتلی محىرباته باد ى اولشـدر.,مع مافيه بوهه تمانك وقوع وفاتی اوزرینه قزاقلر آرەسنده پولونيا حاكميتنه قارشو یکدن قاملر باش كوسترمش و بونلر ١٦٢٥ و١٦٣٠ سنەلرنده غایت شدتلی محارباته بادى اولمشـدر.,مع مافيه بوهه تمانك ووغوفاتی ازرینه قزاقلر آرەسنده پولونكا حاكميتنه قارشو یکدن فاملر باس كوسبرمش و بونلر ١٦٢٥ و١٦٣٠ سنەلکرنده غایت شدتلی محارباته بادى اولشـدر.
181,0,بوفرقة طرقنن موفع انتشارة وضع اولنان ايلك رساله «مسثقل اوقرايفنا» عنواني حائز ايدى، بو رسالەدهاوقرىتانك مستقل يز موجوديته نىئلیت خصوصندەکی حقوقی دلائليله ا ثبات وتريح اولنمشدر.,بوفرقه طرقندن موقع انتشاره وضع اولنان ايلك رساله «مستقل اوقراينا» عنوانى حائز ايدى، بو رسالەده اوقراينانك مستقل بر موجوديته نائلیت خصوصندەکی حقوقی دلائليله اثبات وتصريح اولنمشدر.,بوفرقه طرقنن موفع انتشاره وضع اولنان ايلك رساله «مسثقل اوقراينا» عنوانك حائز ايدى، بو رسالەده اوقراتانك مستقل يز موجوديته نائلیت خصوصندەکی حقوقی دلائليله اثبات وتريح اولنمشدر.
181,1,بوفرفه طرقندنموقع اصنتاره وضع اولنان ايلي رساله «مستقل اوقزايثا» عنواثنى حائز ايدى، بوث رسالەدة اورايهنىنك مذستقل بر موجوديتة نىئلیي خصوصندەکی حقوقی دلائليله اثثات ونصريح اولنمشدر.,بوفرقه طرقندن موقع انتشاره وضع اولنان ايلك رساله «مستقل اوقراينا» عنوانى حائز ايدى، بو رسالەده اوقراينانك مستقل بر موجوديته نائلیت خصوصندەکی حقوقی دلائليله اثبات وتصريح اولنمشدر.,بوفرقه طرقندن موقع اصنتاره وضع اولنان ايلي رساله «مستقل اوقراينا» عنواثنى حائز ايدى، بو رسالەده اوراينانك مذستقل بر موجوديته نائلین خصوصندەکی حقوقی دلائليله اثثات ونصريح اولنمشدر.
181,2,بوفرقه طرقنذي موقع انتشره وضع اولتىن ايلك راه «مستقل ايوقراينا عنوانى حائز ايدى، بو رسالەده اوقراينايك مستقل بر موجوديته نائلیت خصوصبدەكیحقو قیة دلائليله اثتات وتض زيح اغولنمشدر.,بوفرقه طرقندن موقع انتشاره وضع اولنان ايلك رساله «مستقل اوقراينا» عنوانى حائز ايدى، بو رسالەده اوقراينانك مستقل بر موجوديته نائلیت خصوصندەکی حقوقی دلائليله اثبات وتصريح اولنمشدر.,بوفرقه طرقندى موقع انتشره وضع اولتين ايلك راه «مستقل ايوقراينا عنوانى حائز ايدى، بو رسالەده اوقراينايك مستقل بر موجوديته نائلیت خصوصبدەکی حقوقیه دلائليله اثتات وتضريح اغولنمشدر.
181,3,بسوفرقة طرقنهدن موقع انشاره وضع اولنان ايلك رساله «مستقل اوقراىنا» عنوانى حائز ايدا، بو رسالەده اوقراينانك مستقل بر موجوديته نائلیت خوضندەکی حقوقی دلا ئليله اثبات وتصريح اولنمشدز.,بوفرقه طرقندن موقع انتشاره وضع اولنان ايلك رساله «مستقل اوقراينا» عنوانى حائز ايدى، بو رسالەده اوقراينانك مستقل بر موجوديته نائلیت خصوصندەکی حقوقی دلائليله اثبات وتصريح اولنمشدر.,بسوفرقه طرقنه موقع انشاره وضع اولنان ايلك رساله «مستقل اوقراينا» عنوانى حائز ايدا، بو رسالەده اوقراينانك مستقل بر موجوديته نائلیت خوضندەکی حقوقی دلائليله اثبات وتصريح اولنمشدر.
181,4,بوفرقة ظرقندن وفعننشاره وضع اولنان ايلك رساله «مستق اوقراينا» ع نوانا حائز ايدا، بورعسالەه اوقزاينانك مستقل برق موجوذيته نائلیت خصوصندەقکی حقوقی دلائل يلة اثا وتضريح اولنمشدر.,بوفرقه طرقندن موقع انتشاره وضع اولنان ايلك رساله «مستقل اوقراينا» عنوانى حائز ايدى، بو رسالەده اوقراينانك مستقل بر موجوديته نائلیت خصوصندەکی حقوقی دلائليله اثبات وتصريح اولنمشدر.,بوفرقه ظرقندن وفعننشاره وضع اولنان ايلك رساله «مستق اوقراينا» عنوانا حائز ايدا، بورعسالەه اوقراينانك مستقل برق موجوديته نائلیت خصوصندەقکی حقوقی دلائل يله انا وتضريح اولنمشدر.
181,5,بوفرقه طرقندن موقغ ىنتشكاره وضع اولنان ايلك رسالته «مستقلى وقراينا» عنوانى حائزاکدى، بو رسالەذة اوقراينانك مسيقل بر موجوديته نائلیت خصوصبدەکیحقوقی دلائ ليله اثبات وتصريح ىولنمشدر,بوفرقه طرقندن موقع انتشاره وضع اولنان ايلك رساله «مستقل اوقراينا» عنوانى حائز ايدى، بو رسالەده اوقراينانك مستقل بر موجوديته نائلیت خصوصندەکی حقوقی دلائليله اثبات وتصريح اولنمشدر.,بوفرقه طرقندن موقع انتشكاره وضع اولنان ايلك رسالته «مستقلى وقراينا» عنوانى حائزايدى، بو رسالەده اوقراينانك مسيقل بر موجوديته نائلیت خصوصبدەکی حقوقی دلائليله اثبات وتصريح اولنمشدر.
181,6,بوفرقه طرقندن موفضغ اتشاره وضعاولنان ايلك رشاله «مستق لاوزيبا» عنوا نى حائز ايدى، بو رسالەة اوقراينانةك مسيقل بر موجود يته نائلیت خصوصندەکی حقوقی دل ائليله اثبات وتصريح اولنمدر.,بوفرقه طرقندن موقع انتشاره وضع اولنان ايلك رساله «مستقل اوقراينا» عنوانى حائز ايدى، بو رسالەده اوقراينانك مستقل بر موجوديته نائلیت خصوصندەکی حقوقی دلائليله اثبات وتصريح اولنمشدر.,بوفرقه طرقندن موفع اتشاره وضع اولنان ايلك رشاله «مستقل اوزيبا» عنوانى حائز ايدى، بو رسالەه اوقراينانك مسيقل بر موجود يته نائلیت خصوصندەکی حقوقی دل ائليله اثبات وتصريح اولنمدر.
181,7,بهوفرقه طرقندي موعانتشاره وضع اولنان ايلك رسىله «م ستقل اوقرىينان» عنوانى حفائز ايذى بو رسالەده اوقرينانك مستقل نر موجوديته نائلیت خضوصندەکی حقوقی دلائليله اثباتوتصريح اولنمشدر.,بوفرقه طرقندن موقع انتشاره وضع اولنان ايلك رساله «مستقل اوقراينا» عنوانى حائز ايدى، بو رسالەده اوقراينانك مستقل بر موجوديته نائلیت خصوصندەکی حقوقی دلائليله اثبات وتصريح اولنمشدر.,بهوفرقه طرقندن موعانتشاره وضع اولنان ايلك رساله «مستقل اوقراينا» عنوانى حفائز ايدى بو رسالەده اوقراينانك مستقل نر موجوديته نائلیت خوصندەکی حقوقی دلائليله اثبات وتصريح اولنمشدر.
181,8,بوفرقة ظرقندن موقع انتشاره وضع اولنان ايلك رساله«مستقل اوقراينا» عنوانى حائز ايذى، بو رسالەده اوقراةينانك مستفل بر موجوديته نائلیت خصوصندەکی حقوفی دلائليله ابان وتصريح النمشدز.,بوفرقه طرقندن موقع انتشاره وضع اولنان ايلك رساله «مستقل اوقراينا» عنوانى حائز ايدى، بو رسالەده اوقراينانك مستقل بر موجوديته نائلیت خصوصندەکی حقوقی دلائليله اثبات وتصريح اولنمشدر.,بوفرقه ظرقندن موقع انتشاره وضع اولنان ايلك رساله«مستقل اوقراينا» عنوانى حائز ايدى، بو رسالەده اوقراينانك مستفل بر موجوديته نائلیت خصوصندەکی حقوفی دلائليله ابان وتصريح النمشدر.
181,9,بوفرقهظ طرقنن موقع انتشارة وضع اولنان ايلك رساله «مستقل اوقراينى» عثواني حائز ايدى، بو رسا لەده اوقرايثىنك مستفل بر موجودييه نائلیقت خصوصندەکی حقوقی دلائلله اثبات وتريأح اولنمشدر.,بوفرقه طرقندن موقع انتشاره وضع اولنان ايلك رساله «مستقل اوقراينا» عنوانى حائز ايدى، بو رسالەده اوقراينانك مستقل بر موجوديته نائلیت خصوصندەکی حقوقی دلائليله اثبات وتصريح اولنمشدر.,بوفرقه طرقنن موقع انتشاره وضع اولنان ايلك رساله «مستقل اوقراينا» عثواني حائز ايدى، بو رسالەده اوقراينانك مستفل بر موجودينه نائلیقت خصوصندەکی حقوقی دلائلله اثبات وتريح اولنمشدر.
181,10,يوفرقه طرقندن موقع انتشاره وضع اولنان ايلك رساله «مستقل اوقراينا» عنوانى حائز ايدى، بو رسالەده اوقراينانك مستقلبر موجوديته با ئلیت خص وصند ەکی هقوقی دلاذئللأه اثبات وتضريح اولنمشد.,بوفرقه طرقندن موقع انتشاره وضع اولنان ايلك رساله «مستقل اوقراينا» عنوانى حائز ايدى، بو رسالەده اوقراينانك مستقل بر موجوديته نائلیت خصوصندەکی حقوقی دلائليله اثبات وتصريح اولنمشدر.,بوفرقه طرقندن موقع انتشاره وضع اولنان ايلك رساله «مستقل اوقراينا» عنوانى حائز ايدى، بو رسالەده اوقراينانك مستقل بر موجوديته بائلیت خصوصندەکی هقوقی دلادئلله اثبات وتضريح اولنمشدر.
181,11,بوفرقه طرقند ن موقعع انتشاره وضع اولنن ايلك رساله «مستقل اوقراکنا» عنوانى حائز ايدى، و زسالەده اوقايانك معستقل بطر موجديته نائل یت خصوصندەکی حقوقی لائليله اثبات وت صريح اولنمشدر.,بوفرقه طرقندن موقع انتشاره وضع اولنان ايلك رساله «مستقل اوقراينا» عنوانى حائز ايدى، بو رسالەده اوقراينانك مستقل بر موجوديته نائلیت خصوصندەکی حقوقی دلائليله اثبات وتصريح اولنمشدر.,بوفرقه طرقندن موقع انتشاره وضع اولنن ايلك رساله «مستقل اوقراينا» عنوانى حائز ايدى، و زسالەده اوقراينانك معستقل بطر موجديته نائلیت خصوصندەکی حقوقی لائليله اثبات وتصريح اولنمشدر.
181,12,بوفرقه طرقزدن موقع انتشاره وضع اولنان ايلك رساله «مستقل اوقراييا» عنوان حائز ايدى، بو رسا لەده اوقراينانك مستيقل بر موجودکته نائلیت خصوصندەکی حقوزقی ذلائلي له اثبات وت صريه ولنمشدر.,بوفرقه طرقندن موقع انتشاره وضع اولنان ايلك رساله «مستقل اوقراينا» عنوانى حائز ايدى، بو رسالەده اوقراينانك مستقل بر موجوديته نائلیت خصوصندەکی حقوقی دلائليله اثبات وتصريح اولنمشدر.,بوفرقه طرقزدن موقع انتشاره وضع اولنان ايلك رساله «مستقل اوقراينا» عنوان حائز ايدى، بو رسالەده اوقراينانك مستيقل بر موجودکته نائلیت خصوصندەکی حقورقی دلائليله اثبات وتصريه ولنمشدر.
181,13,بوفزقه طرقندن موقع ايتشاره وضع اولناان ايلک رساله «مستقل اوقراكنىس» عنوانى حائز ايدي، بو رسالەده اوقراينايتك مستقل بر موجوديثه نائلیتخصصندەکی حقوقی دلائلىله اثبات وتصريح اولنمش در.,بوفرقه طرقندن موقع انتشاره وضع اولنان ايلك رساله «مستقل اوقراينا» عنوانى حائز ايدى، بو رسالەده اوقراينانك مستقل بر موجوديته نائلیت خصوصندەکی حقوقی دلائليله اثبات وتصريح اولنمشدر.,بوفرقه طرقندن موقع ايتشاره وضع اولنان ايلك رساله «مستقل اوقرايناس» عنوانى حائز ايدي، بو رسالەده اوقراينايتك مستقل بر موجودينه نائلی تخصصندەکی حقوقی دلائلاله اثبات وتصريح اولنمشدر.
181,14,بوفرقه طرقندن موقع انتاره وض اولنىن ايلك رساله «مستقل اوقرىينا» عنواني حائز ايدى، بو رالەده اوقراينانك مستقل بر مودکته نائلیت خصوصندە کی حقوقی دلائليله اثبات وتصرکح اولنمشدر.,بوفرقه طرقندن موقع انتشاره وضع اولنان ايلك رساله «مستقل اوقراينا» عنوانى حائز ايدى، بو رسالەده اوقراينانك مستقل بر موجوديته نائلیت خصوصندەکی حقوقی دلائليله اثبات وتصريح اولنمشدر.,بوفرقه طرقندن موقع انتاره وضاولنان ايلك رساله «مستقل اوقراينا» عنوانك حائز ايدى، بو رالەده اوقراينانك مستقل بر مودکته نائلیت خصوصندەکی حقوقی دلائليله اثبات وتصريح اولنمشدر.
181,15,بوفرفه طرقندنج موقع انتشاره وضع ىولنان ايلك رساله «مشتقل اوقراينا» غوانى حائز ايدي، بو رسالەده اوقراينانك مستقل بر موجفودكته نائلیت خصوصندەکی حقوقی ذلىئ ليله اثباب وتصرح اولنمشد.,بوفرقه طرقندن موقع انتشاره وضع اولنان ايلك رساله «مستقل اوقراينا» عنوانى حائز ايدى، بو رسالەده اوقراينانك مستقل بر موجوديته نائلیت خصوصندەکی حقوقی دلائليله اثبات وتصريح اولنمشدر.,بوفرقه طرقندن موقع انتشاره وضع اولنان ايلك رساله «مشتقل اوقراينا» غوانى حائز ايدي، بو رسالەده اوقراينانك مستقل بر موجفودكته نائلیت خصوصندەکی حقوقی دلائليله اثباب وتصرح اولنمشدر.
181,16,بوفرقه ظرقندي موقع انتشاره وصع اولنان ايلک رسىله «مسثقل اوقراينا» عنوانى ائز ايدى، ت رسالەدة اوقرانابك مستقل بر موجوديته نائلیت خصوصندەکی حقوقی دلائليله اثبات وتصريح اولنمش در.,بوفرقه طرقندن موقع انتشاره وضع اولنان ايلك رساله «مستقل اوقراينا» عنوانى حائز ايدى، بو رسالەده اوقراينانك مستقل بر موجوديته نائلیت خصوصندەکی حقوقی دلائليله اثبات وتصريح اولنمشدر.,بوفرقه ظرقندن موقع انتشاره وصع اولنان ايلك رساله «مسثقل اوقراينا» عنوانى ائز ايدى، ترسالەده اوقراينا مستقل بر موجوديته نائلیت خصوصندەکی حقوقی دلائليله اثبات وتصريح اولنمشدر.
181,17,بوفرقة طر قندن موقع انتشاره وضع النان ايلك رسال «مسرتقل اقراينا» عنوانى حائز ايدى، بو رسابلەده اوقراينانک مستقلبر موجوديىثه يائلیت حصوصندکی حقوقی دلائليلة اثبات تصريح اولنمشدر.,بوفرقه طرقندن موقع انتشاره وضع اولنان ايلك رساله «مستقل اوقراينا» عنوانى حائز ايدى، بو رسالەده اوقراينانك مستقل بر موجوديته نائلیت خصوصندەکی حقوقی دلائليله اثبات وتصريح اولنمشدر.,بوفرقه طرقندن موقع انتشاره وضع النان ايلك رسال «مسرتقل اوقراينا» عنوانى حائز ايدى، بو رسابلەده اوقراينانك مستقل بر موجودياته يائلیت حصوصندی حقوقی دلائليله اثبات تصريح اولنمشدر.
181,18,بوفرقه طةرقنذن موقع انتشاره وضع اولنان اكلك رساله «مستقل ىوقرايناز» ع نوانى حائز ايدى، يو رساەده اوقراينانك مستق برموجوديتة نائلیت خصوصندەک حقوقی ذلائليله اثبات وتصريح اولنمشدر.,بوفرقه طرقندن موقع انتشاره وضع اولنان ايلك رساله «مستقل اوقراينا» عنوانى حائز ايدى، بو رسالەده اوقراينانك مستقل بر موجوديته نائلیت خصوصندەکی حقوقی دلائليله اثبات وتصريح اولنمشدر.,بوفرقه طرقندن موقع انتشاره وضع اولنان ايلك رساله «مستقل اوقراينا» عنوانى حائز ايدى، يورساەده اوقراينانك مستق برموجوديته نائلیت خصوصندەکی حقوقی دلائليله اثبات وتصريح اولنمشدر.
181,19,بوفرقه طرقنذن موقع انتشاره وضع اولناننايل ك رساله «مستقل اوقزاينا» عنواتى حائز ىدا، يوط رسا لەده اوقراينانك مشتقل بر موجوديته نئلیت خصوصندەکی حقو قی دلائلله اثباب وتقصريح اولنمشذر.,بوفرقه طرقندن موقع انتشاره وضع اولنان ايلك رساله «مستقل اوقراينا» عنوانى حائز ايدى، بو رسالەده اوقراينانك مستقل بر موجوديته نائلیت خصوصندەکی حقوقی دلائليله اثبات وتصريح اولنمشدر.,بوفرقه طرقندن موقع انتشاره وضع اولناننايلك رساله «مستقل اوقراينا» عنواتى حائز ادا، يوط رسالەده اوقراينانك مشتقل بر موجوديته نئلیت خصوصندەکی حقوقی دلائلله اثباب وتقصريح اولنمشدر.
232,0,حكات سىاسيهن ك حقايقنى اوکرنة اوکربه اوراينا ملتى اجانبک كندى هركات وتجاهدات مليەسنا تقدير وکن ديسنه بومجاهداتك ظفرنى تأمين ايچون مغاونت ىبراز ایدەجکی حقندەی اسکی امیدلرینی کسدی.,حيات سياسيهنك حقايقنى اوکرنه اوکرنه اوقراينا ملتى اجانبك كندى حركات وتجاهدات مليەسنى تقدير وكنديسنه بومجاهداتك ظفرنى تأمين ايچون معاونت ابراز ایدەجکی حقندەکی اسکی امیدلرینی کسدی.,حكات سااسيهنك حقايقنى اوکرنه اوکربه اوراينا ملتى اجانبي كندى هركات وتجاهدات مليەسنا تقدير وينديسنه بومجاهداتك ظفرنى تأمين ايچون معاونت ابراز ایدەجکی حقندەی اسکی امیدلرینی کسدی.
232,1,حيات سياحسيهنك حفايقنى اوکرنه اوکرنه اوقرينا ملتى اجانبك کندى حركات وتجاهدات مليەستى تقدير وكنديسنه بةو مجاهداتك ظفرنى تأمىن اسيچون معاوتت ابراز ىیدەجکی حقندەکی اسکی امیدلرینی کسدی.,حيات سياسيهنك حقايقنى اوکرنه اوکرنه اوقراينا ملتى اجانبك كندى حركات وتجاهدات مليەسنى تقدير وكنديسنه بومجاهداتك ظفرنى تأمين ايچون معاونت ابراز ایدەجکی حقندەکی اسکی امیدلرینی کسدی.,حيات سياحسيهنك حفايقنى اوکرنه اوکرنه اوقراينا ملتى اجاننك کندى حركات وتجاهدات مليەستى تقدير وكنديسنه بو مجاهداتك ظفرنى تأمين اسيچون معاوتت ابراز ایدەجکی حقندەکی اسکی امیدلرینی کسدی.
232,2,حيات سياسيهنك حقاق نى اوکرنه اوکرنه اوقراينا ملتى اجانبككندي هركاب وتجاهدات مليەسنى تقدير وكنذكسنه بومجاهداتك ظفرنىه تأمين ايچون معاوبت اباز ایدەجکی حقندە کی اسکی امیدلرینی کشدی.,حيات سياسيهنك حقايقنى اوکرنه اوکرنه اوقراينا ملتى اجانبك كندى حركات وتجاهدات مليەسنى تقدير وكنديسنه بومجاهداتك ظفرنى تأمين ايچون معاونت ابراز ایدەجکی حقندەکی اسکی امیدلرینی کسدی.,حيات سياسيه نك حقاقنى اوکرنه اوکرنه اوقراينا ملتى اجان بيكندى هركاب وتجاهدات مليەسنى تقدير وكنديسنه بومجاهداتك ظفرنيه تأمين ايچون معاوبت ابار ایدەجکی حقندەکی اسکی امیدلرینی کشدی.
232,3,حيىت سياسكةنك حقايقنى اوکرنه اوکرةنه وقراينا ملتى اجانبک كندى حركات وتجاهدت مليەسصنى تقدير وكنديسنة بومجاهداتك ظفريى تأمين ايچون معاونت ابرازایدەجکی حقندەيی اسكی امدلرینی کی,حيات سياسيهنك حقايقنى اوکرنه اوکرنه اوقراينا ملتى اجانبك كندى حركات وتجاهدات مليەسنى تقدير وكنديسنه بومجاهداتك ظفرنى تأمين ايچون معاونت ابراز ایدەجکی حقندەکی اسکی امیدلرینی کسدی.,حيات سياسكهنك حقايقنى اوکرنه اوکرهنه وقراينا ملتى اجانبك كندى حركات وتجاهدت مليەسنى تقدير وكنديسنه بومجاهداتك ظفريى تأمين ايچون معاونت ابراز ایدەجکی حقندەيی اسکی امدلرینی کی
232,4,حيات سياسيهنك حقىيفنا اوکنه ىوكرنه اوقراينا ملنى اجانبك كندى زکات وتجاهداطت مليەسنى تقدكر وكندايسنه بومجاهداتك ظفر نى أمين ايچون معاونت ابرعاز ایذەجکی حقندەکی اسکی امیدلرینی کسدی.آ,حيات سياسيهنك حقايقنى اوکرنه اوکرنه اوقراينا ملتى اجانبك كندى حركات وتجاهدات مليەسنى تقدير وكنديسنه بومجاهداتك ظفرنى تأمين ايچون معاونت ابراز ایدەجکی حقندەکی اسکی امیدلرینی کسدی.,حيات سياسيه نك حقايفنا اوکنه اوكرنه اوقراينا ملنى اجانبك كندى زکات وتجاهدات مليەسنى تقدكر وكندى ايسنه بومجاهداتك ظفرنى أمين ايچون معاونت ابرعاز ایدەجکی حقندەکی اسکی امیدلرینی کسدی.
232,5,حيىت سىاسيهنک حقايقنى اوکرنه اوکرنه اوقراينا ملتى اجىنبك كنذى حركات وتجاهدات مليەسنى تقدير وينديشن بومجاهداتك ظفرن ى تامين ايچون معىون ت ابراز ایەجکی حقندەإکی اجسکیامیدلرینی کشد.,حيات سياسيهنك حقايقنى اوکرنه اوکرنه اوقراينا ملتى اجانبك كندى حركات وتجاهدات مليەسنى تقدير وكنديسنه بومجاهداتك ظفرنى تأمين ايچون معاونت ابراز ایدەجکی حقندەکی اسکی امیدلرینی کسدی.,حيات سااسيهنك حقايقنى اوکرنه اوکرنه اوقراينا ملتى اجانبك كندى حركات وتجاهدات مليەسنى تقدير وينديشن بومجاهداتك ظفرنى تامين ايچون معاونت ابراز ایەجکی حقندەکی اجسکی امیدلرینی کشدر.
232,6,حيان سياسيةنك حقاكقنى اوكرنه اوکزنه ىوقراينا ملتى اجانبرك كندى حرکات وشتجاهدات مليەسنى تقدير وكبديسنه بومجاهداتك ظفرنى تأمينايچون معاونت ابرىز ایدەجکی حقندەکی اسيی ام یدلرنی کسدی,حيات سياسيهنك حقايقنى اوکرنه اوکرنه اوقراينا ملتى اجانبك كندى حركات وتجاهدات مليەسنى تقدير وكنديسنه بومجاهداتك ظفرنى تأمين ايچون معاونت ابراز ایدەجکی حقندەکی اسکی امیدلرینی کسدی.,حيان سياسيهنك حقايقنى اوكرنه اوکزنه اوقراينا ملتى اجانبرك كندى حرکات وشتجاهدات مليەسنى تقدير وكبديسنه بومجاهداتك ظفرنى تأمين ايچون معاونت ابراز ایدەجکی حقندەکی استی امیدلرنی کسدی.
232,7,حيا شياسآيةنك قايقيى اوکرنه اوکرنه اوراينا ملتى اجان بك كندى حركات وتجاهدات مل يەسنى يقذير و كنيشنه بومجاهداتك ظفرنى تأمين ايچون معاونزت ابزاز ایدەجی حقةند کی اسکی امیدلرینی يسدی.,حيات سياسيهنك حقايقنى اوکرنه اوکرنه اوقراينا ملتى اجانبك كندى حركات وتجاهدات مليەسنى تقدير وكنديسنه بومجاهداتك ظفرنى تأمين ايچون معاونت ابراز ایدەجکی حقندەکی اسکی امیدلرینی کسدی.,حيا سياسيهنك قايقيى اوکرنه اوکرنه اوراينا ملتى اجان بك كندى حركات وتجاهدات مليەسنى يقدير و كنيسنه بومجاهداتك ظفرنى تأمين ايچون معاونزت ابزار ایدەجی حقهنده کی اسکی امیدلرینی تسدی.
232,8,هيات سياسيةنك حقايقنى اوکزنه ىونکرنه اوقراىنا ملتىاجانبك كندى حزات وتجاهدات مليەسنعى تقدير وكنيسنه بومجاةداتک ظفرنى تأمين ايچون معاوت ابراز ایدەجكی حفندەکی اسکی اطمیدلزینی کسدی.,حيات سياسيهنك حقايقنى اوکرنه اوکرنه اوقراينا ملتى اجانبك كندى حركات وتجاهدات مليەسنى تقدير وكنديسنه بومجاهداتك ظفرنى تأمين ايچون معاونت ابراز ایدەجکی حقندەکی اسکی امیدلرینی کسدی.,هيات سياسيهنك حقايقنى اوکزنه اونکرنه اوقراينا ملتى اجانبك كندى حزات وتجاهدات مليەسنعى تقدير وكنيسنه بومجاداتك ظفرنى تأمين ايچون معاوت ابراز ایدەجکی حقندەکی اسکی اطمیدلرینی کسدی.
232,9,حيات سياسيهنك حفايقنى ىوکرثه اوکرنه اوقراىنا ملتى اجانبك كندى حرات وتجاهدات مليستى تقدير وکديسنقه ومجاةتك ظفرنى تأمين ايچون معونت ابراز ایدەجکی حقندەکی ىسيی امیدلرینی کسدی.,حيات سياسيهنك حقايقنى اوکرنه اوکرنه اوقراينا ملتى اجانبك كندى حركات وتجاهدات مليەسنى تقدير وكنديسنه بومجاهداتك ظفرنى تأمين ايچون معاونت ابراز ایدەجکی حقندەکی اسکی امیدلرینی کسدی.,حيات سياسيهنك حفايقنى اوكرنه اوکرنه اوقراينا ملتى اجانبك كندى حرات وتجاهدات مليستى تقدير وکديسنقه ومجاهتك ظفرنى تأمين ايچون معونت ابراز ایدەجکی حقندەکی استی امیدلرینی کسدی.
232,10,حيتسکاسيهنك حقايقنى اوکرنه اوکرنه اوقراينا مالت ى اانبك کندى حركات وتجاهدات مليەسنى تقدير وكنديشسنه بإومجىهداتك ظفرنى تأمين ىيچون معاونت اب را ایدەجکی حقدەكی ىسکی امیدل رینی کسدی.,حيات سياسيهنك حقايقنى اوکرنه اوکرنه اوقراينا ملتى اجانبك كندى حركات وتجاهدات مليەسنى تقدير وكنديسنه بومجاهداتك ظفرنى تأمين ايچون معاونت ابراز ایدەجکی حقندەکی اسکی امیدلرینی کسدی.,حيتسکاسيه نك حقايقنى اوکرنه اوکرنه اوقراينا مالتى ايانك کندى حركات وتجاهدات مليەسنى تقدير وكنديشسنه بومجاهداتك ظفرنى تأمين ايچون معاونت ابرا ایدەجکی حقدەکی اسکی امیدلرینی کسدی.
232,11,حيات سياسيهنك حقايقنى او کزنه اخوکرن اوقراينا لتىاحانبك كندى هركات وجاهدات مليەسنا تقدير ويندکهسنه بومجىهدايك ظفرنى تأمين اکچورن معاونت ابر ىز ایدەجکی حقندەكی اسکی امیدلرینی کسدی.,حيات سياسيهنك حقايقنى اوکرنه اوکرنه اوقراينا ملتى اجانبك كندى حركات وتجاهدات مليەسنى تقدير وكنديسنه بومجاهداتك ظفرنى تأمين ايچون معاونت ابراز ایدەجکی حقندەکی اسکی امیدلرینی کسدی.,حيات سياسيهنك حقايقنى او کزنه اخوکرن اوقراينا لتى احانبك كندى هركات وجاهدات مليەسنا تقدير وينديهسنه بومجاهدايك ظفرنى تأمين اکچورن معاونت ابر از ایدەجکی حقندەکی اسکی امیدلرینی کسدی.
232,12,حيات سياسيهننك حقايقنى اوکرنه اوکر ه اوقراينا ملتى اجانبكصكنسدى هركآات وتجاهذنات مليەسنى قدير وكنديسية بومجاهدات ك ظفرنى تأمين اکچون معاونت ابراز ادەجکی حقندەكی اسکی امیدلری نی کدی.,حيات سياسيهنك حقايقنى اوکرنه اوکرنه اوقراينا ملتى اجانبك كندى حركات وتجاهدات مليەسنى تقدير وكنديسنه بومجاهداتك ظفرنى تأمين ايچون معاونت ابراز ایدەجکی حقندەکی اسکی امیدلرینی کسدی.,حيات سياسيهننك حقايقنى اوکرنه اوکره اوقراينا ملتى اجان بك صكنسدى هركات وتجاهدنات مليەسنى قدير وكنديسيه بومجاهداتك ظفرنى تأمين اکچون معاونت ابراز ادەجکی حقندەکی اسکی امیدلرینی کدی.
232,13,حيات سياسيهنك هقىيقنى اوکرنه ىوکرته اقراينا ملتى اجانبك كندى حركىت وتجاهدات مليەسنى تقدير وكنديسنه بومجاهداتك ظفرتي تأمين ايچون معاونت ابرز ایدەحکی حقدەکی اسکی امیلرینی کسدی,حيات سياسيهنك حقايقنى اوکرنه اوکرنه اوقراينا ملتى اجانبك كندى حركات وتجاهدات مليەسنى تقدير وكنديسنه بومجاهداتك ظفرنى تأمين ايچون معاونت ابراز ایدەجکی حقندەکی اسکی امیدلرینی کسدی.,حيات سياسيه نك هقايقنى اوکرنه اوکرته اوقراينا ملتى اجانبك كندى حركات وتجاهدات مليەسنى تقدير وكنديسنه بومجاهداتك ظفرتي تأمين ايچون معاونت ابرز ایدەحکی حقدەکی اسکی امیلرینی کسدی.
232,14,حياب سىاسيهنك حثفاىقنى اوكر نه اوکرنه اوقراکنا ملتى اانبك كندى حركات وتجاهذات مل يەسنىث تقدير وينديسنهبومجاهداتك ظفرنى تامين ايچون معنت ابراز ایدەجککی حقندەکی اسی امیدلرینی کسدی.,حيات سياسيهنك حقايقنى اوکرنه اوکرنه اوقراينا ملتى اجانبك كندى حركات وتجاهدات مليەسنى تقدير وكنديسنه بومجاهداتك ظفرنى تأمين ايچون معاونت ابراز ایدەجکی حقندەکی اسکی امیدلرینی کسدی.,حياب سااسيهنك حثف ايقنى اوكرنه اوکرنه اوقراينا ملتى ايانك كندى حركات وتجاهدات مليەسنى تقدير وينديسنه بومجاهداتك ظفرنى تامين ايچون معنت ابراز ایدەجکی حقندەکی اسی امیدلرینی کسدی.
232,15,حكات سيايهنك حقايقنا ىوکرتهظ اوکره ىوقراينا مليى اجانبك كندىآ حركاب وتجاهذات مليەسنى تقدي وكنديسنه بومجىهدايك ظفرنى تأمين ايچون معاونت ابراز ایدەجكی حقندەکی اسکی امیدرین ی کسدی.,حيات سياسيهنك حقايقنى اوکرنه اوکرنه اوقراينا ملتى اجانبك كندى حركات وتجاهدات مليەسنى تقدير وكنديسنه بومجاهداتك ظفرنى تأمين ايچون معاونت ابراز ایدەجکی حقندەکی اسکی امیدلرینی کسدی.,حكات سيايهنك حقايقنا اوكرته اوکره اوقراينا مليى اجانبك كندى حركاب وتجاهدات مليەسنى تقدي وكنديسنه بومجاهدايك ظفرنى تأمين ايچون معاونت ابراز ایدەجکی حقندەکی اسکی امیدرینی کسدی.
232,16,حيات سياشيهنك حفا يقنكى اوکرنه اوکرنه اوقراينا ملي اجا نبك كندى حركاتوتجاهدات مليەسنىتقدىر وكن ديسنه بو مجاهدى تك ظفرنى تأمين ايچو معاونت اثراز ایدەجکی حقندەکی اسکی امیدلرینی کسدی.,حيات سياسيهنك حقايقنى اوکرنه اوکرنه اوقراينا ملتى اجانبك كندى حركات وتجاهدات مليەسنى تقدير وكنديسنه بومجاهداتك ظفرنى تأمين ايچون معاونت ابراز ایدەجکی حقندەکی اسکی امیدلرینی کسدی.,حيات سياسيهنك حفا يقنك اوکرنه اوکرنه اوقراينا ملك اجانبك كندى حركات وتجاهدات مليەسنى تقدير وكن ديسنه بو مجاهدى تك ظفرنى تأمين ايچون معاونت اثراز ایدەجکی حقندەکی اسکی امیدلرینی کسدی.
232,17,يت سيايهنك حقايقنى او کرنه اوكرن اوق راينا ملتى اجانبك يندى حتركات وتجاهدات مليەستى تقديظر وكنديسنه بومجاهداتک ظفرنى تأمين ايچون معاونت ىبراز ایدەجکی هقندەکی اسکی امیدلرینی کشدی.,حيات سياسيهنك حقايقنى اوکرنه اوکرنه اوقراينا ملتى اجانبك كندى حركات وتجاهدات مليەسنى تقدير وكنديسنه بومجاهداتك ظفرنى تأمين ايچون معاونت ابراز ایدەجکی حقندەکی اسکی امیدلرینی کسدی.,بت سيايهنك حقايقنى او کرنه اوكرن اوقراينا ملتى اجانبك يندى حتركات وتجاهدات مليەستى تقدير وكنديسنه بومجاهداتك ظفرنى تأمين ايچون معاونت ابراز ایدەجکی حقندەکی اسکی امیدلرینی کشدی.
232,18,حيات سياسهنك حفىيقي اوکرنه اخوکربه اوقرىينا ملتى اجانبك كندى حركات وتخاهدات مليەسنى تقدير وكنديسنه بومجاهدات ظقرنى تأميب اكچون ماوت ابراز ایدەجکی قنهدەکی اسکی امیقدلرینی کسدی.,حيات سياسيهنك حقايقنى اوکرنه اوکرنه اوقراينا ملتى اجانبك كندى حركات وتجاهدات مليەسنى تقدير وكنديسنه بومجاهداتك ظفرنى تأمين ايچون معاونت ابراز ایدەجکی حقندەکی اسکی امیدلرینی کسدی.,حيات سياسهنك حفايقى اوکرنه اخوکربه اوقراينا ملتى اجاننك كندى حركات وتخاهدات مليەسنى تقدير وكنديسنه بومجاهدات ظقرنى تأميب ايچون ماوت ابراز ایدەجکی قنهدەکی اسکی امیقدلرینی کسدی.
232,19,حيات سياسيهنك حقايقنا ىو کربه اوک رنة اوراينى ملتى اجانبك كنزدى حركا ت ونجاهدات مليە سنى تقدير وكتديسنه بومجاهداتك ظفزن ى تأىمين اکچو ن معاون ابراز ایدەجکی حقندەکخی اسکی امیدلرینی کسدی.,حيات سياسيهنك حقايقنى اوکرنه اوکرنه اوقراينا ملتى اجانبك كندى حركات وتجاهدات مليەسنى تقدير وكنديسنه بومجاهداتك ظفرنى تأمين ايچون معاونت ابراز ایدەجکی حقندەکی اسکی امیدلرینی کسدی.,حيات سياسيهنك حقايقنا او کربه اوكرنه اوراينا ملتى اجاننك كنزدى حركات ونجاهدات مليەسنى تقدير وكتديسنه بومجاهداتك ظفرنى تأامين اکچون معاون ابراز ایدەجکی حقندەکی اسکی امیدلرینی کسدی.
255,0,اوقراينالى مك اتب عاليه طلبەسی. «اوقرابىنستا غرومادا» نامندەکی جمعیت اطرفنده طوپلانمشلردر.,اوقراينالى مكاتب عاليه طلبەسی. «اوقرابينستا غرومادا» نامندەکی جمعیت اطرافنده طوپلانمشلردر.,اوقراينالى مكاتب عاليه طلبەسی. «اوقراينا غرومادا» نامندەکی جمعیت اطرفنده طوپلانمشلردر.
255,1,اوقرايناى مكاتب عذاليه طلبەس. «اوقرابينستا غرومادا» نامندەکی جمعیتد اظزافيهطإپلانمشلردر.,اوقراينالى مكاتب عاليه طلبەسی. «اوقرابينستا غرومادا» نامندەکی جمعیت اطرافنده طوپلانمشلردر.,اوقراينا مكاتب عداليه طلبەس. «اوقراينا غرومادا» نامندەکی جمعیت اطرافيه طپلانمشلردر.
255,2,اوفراينال مكثب غا ليه طبەسی. «اوقرىبينستا غرومادا» يامندەكی جمعیت اطرىففنده طوپلانمشلرذر.,اوقراينالى مكاتب عاليه طلبەسی. «اوقرابينستا غرومادا» نامندەکی جمعیت اطرافنده طوپلانمشلردر.,اوقراينالك مكثب غاليه طبەسی. «اوقراينا غرومادى» يامندەکی جمعیت اطرافنده طوپلانمشلردر.
255,3,اضقراينالى مكاتب عاليه طلظبەسی. «اوقرابينستا غروماا» نامنذەکی جمعیت ارافيده طوپلانمشلردر.,اوقراينالى مكاتب عاليه طلبەسی. «اوقرابينستا غرومادا» نامندەکی جمعیت اطرافنده طوپلانمشلردر.,اوقراينالى مكاتب عاليه طلبەسی. «اوقراينا غروما» نامندەکی جمعیت ارافيده طوپلانمشلردر.
255,4,اوقراينالى مكاتعاليه طلبەسی. «اوقرابينستا غرومادا» نامندەک ی جمعیت ىطرافدها طوپلانمشلرر.,اوقراينالى مكاتب عاليه طلبەسی. «اوقرابينستا غرومادا» نامندەکی جمعیت اطرافنده طوپلانمشلردر.,اوقراينالى مكاتعاليه طلبەسی. «اوقراينا غرومادا» نامندەکی جمعیت اطرافده طوپلانمشلر.
255,5,اوقزاينالى مكاتب عاليه ط لەی. «اوقرابينستا غرومادا» نامندەکی جمعیت اطرافندهطپلانمشلردر.,اوقراينالى مكاتب عاليه طلبەسی. «اوقرابينستا غرومادا» نامندەکی جمعیت اطرافنده طوپلانمشلردر.,اوقراينالى مكاتب عاليه طلەی. «اوقراينا غرومادا» نامندەکی جمعیت اطرافنده طپلانمشلردر.
255,6,ىوقراينالى مكاتب عاليه طلبەسی. «اوقرابينس ت غزومادا» نامندە کی جمغیت ا طرابفنده طوپلانم شلردر.,اوقراينالى مكاتب عاليه طلبەسی. «اوقرابينستا غرومادا» نامندەکی جمعیت اطرافنده طوپلانمشلردر.,اوقراينالى مكاتب عاليه طلبەسی. «اوقراينا غزومادا» نامندەکی جمعیت اطرابفنده طوپلانمشلردر.
255,7,اوقراينالى مكىتب غاليه طةلبەسی. «اوقراب يبسا غرومىدا» نامندەکی جمعیت اطثرافنده طوپلانمشلزدرح .,اوقراينالى مكاتب عاليه طلبەسی. «اوقرابينستا غرومادا» نامندەکی جمعیت اطرافنده طوپلانمشلردر.,اوقراينالى مكاتب غاليه طلبەسی. «اوقراينا غرومادى» نامندەکی جمعیت اطثرافنده طوپلانمشلردر.
255,8,اوقرىينالى مكسىتب عاليه طلبەس. «اوفرابينستا غرومادا» تامثەکی جمعیت اطزافنده طوپلانمشلردر.,اوقراينالى مكاتب عاليه طلبەسی. «اوقرابينستا غرومادا» نامندەکی جمعیت اطرافنده طوپلانمشلردر.,اوقراينالى مكسات عاليه طلبەس. «اوقراينا غرومادا» تامثەکی جمعیت اطرافنده طوپلانمشلردر.
255,9,اوقراينالى مكاتب عاليه طلبەسی. «اوقرابينستاغذرومادا» ناميدەكی جغیت اطرافنده طوپلانم شلردر.,اوقراينالى مكاتب عاليه طلبەسی. «اوقرابينستا غرومادا» نامندەکی جمعیت اطرافنده طوپلانمشلردر.,اوقراينالى مكاتب عاليه طلبەسی. «اوقرايناستاغرومادا» ناميدەکی جعیت اطرافنده طوپلانمشلردر.
255,10,اوقراينالى مكايب عالي طلبەس. «اوقزابينستاغروماقدى» نامندەكی جمعیت اطرافيدة طوپلارنمسصلردر.,اوقراينالى مكاتب عاليه طلبەسی. «اوقرابينستا غرومادا» نامندەکی جمعیت اطرافنده طوپلانمشلردر.,اوقراينالى مكايب عالي طلبەسندەکی جمعیت اطرافيده طوپلارنمسلردر.
255,11,اوقزىنالى مكاتب عاليفه طلبەسی. «اوقرابينستا غرو م ادا» نامندەکی جمعیت اط راکقنده طوپلانمشکلردر,اوقراينالى مكاتب عاليه طلبەسی. «اوقرابينستا غرومادا» نامندەکی جمعیت اطرافنده طوپلانمشلردر.,اوقراينالى مكاتب عاليفه طلبەسی. «اوقراينا غرومادا» نامندەکی جمعیت اطراينده طوپلانمشکلردر.
255,12,اوقراينالي مكاتب عىليه طلبەسی. « ىوقخرابينستا غرومادا» نامتدەيی جمعیتق اطرافنده طوپل انمسلرذر.,اوقراينالى مكاتب عاليه طلبەسی. «اوقرابينستا غرومادا» نامندەکی جمعیت اطرافنده طوپلانمشلردر.,اوقراينالي مكاتب عاليه طلبەسی. «اوقرابينستا غرومادا» نامتدەيی جمعیت اطرافنده طوپل انمسلردر.
255,13,اوراکنالى مكاتب عاليه طلبەسی. «اوقرابىنستى غرومادا» نامندەکی جمغیت اظرفبدة طوپلانمشلردر.,اوقراينالى مكاتب عاليه طلبەسی. «اوقرابينستا غرومادا» نامندەکی جمعیت اطرافنده طوپلانمشلردر.,اوراينالى مكاتب عاليه طلبەسی. «اوقرابينستى غرومادا» نامندەکی جمعیت اظرفبده طوپلانمشلردر.
255,14,اوقراينالى مكاتب عالي طلةبەسی. «اوقرابينستا غرومادا» نامندەکی خمعیت اطرافنده طوپلانمشله ردر.,اوقراينالى مكاتب عاليه طلبەسی. «اوقرابينستا غرومادا» نامندەکی جمعیت اطرافنده طوپلانمشلردر.,اوقراينالى مكاتب عالي طلهبەسی. «اوقراينا غرومادا» نامندەکی خمعیت اطرافنده طوپلانمشله ردر.
255,15,اوقراكنالى مكايب عاليه طليەسی.«اوقرابينست اغرومادا » نمندەكی جمعیت اطرافنده طوپلانمشلردر.,اوقراينالى مكاتب عاليه طلبەسی. «اوقرابينستا غرومادا» نامندەکی جمعیت اطرافنده طوپلانمشلردر.,اوقراينالى مكايب عاليه طليەسی.«اوقراينالى مكايب عاليه طليەسی.«اوقرابينست اغرومادا » نمندەکی جمعیت اطرافنده طوپلانمشلردر.
255,16,اوقراينالا مكاتب عايه طلبەسی. اوقابينستا غرومادا» نامندەکی جمعیت اظرافنده طوپلانمشلردجر.,اوقراينالى مكاتب عاليه طلبەسی. «اوقرابينستا غرومادا» نامندەکی جمعیت اطرافنده طوپلانمشلردر.,اوقراينالا مكاتب عايه طلبەسی. اوقراينا غرومادا» نامندەکی جمعیت اظرافنده طوپلانمشلردر.
255,17,اوقراينالى مكاتب عاليه طلبەسی.«اوقرابينستا غرومادا» نامندەکیجمعیت اطرافنده طوپلا نمشلردر.,اوقراينالى مكاتب عاليه طلبەسی. «اوقرابينستا غرومادا» نامندەکی جمعیت اطرافنده طوپلانمشلردر.,اوقراينالى مكاتب عاليه طلبەسی.«اوقراينا غرومادا» نامندەکی جمعیت اطرافنده طوپلا نمشلردر.
255,18,اوقرايتلى مكاتي عاليهطلبەسی. «اوقرابينستى غرومادا» نام ندەکی جمعیت ىطرافنه طوپلانمشلرد ر.,اوقراينالى مكاتب عاليه طلبەسی. «اوقرابينستا غرومادا» نامندەکی جمعیت اطرافنده طوپلانمشلردر.,اوقراينالى مكاتي عاليه طلبەسی. «اوقراينا غرومادا» نامندەکی جمعیت اطرافنه طوپلانمشلردر.
255,19,اوقراينىلى مكاتب عاليه لبەسی. «اوقرابينستاغزوامادى» نامندەکی جمعیتاطرافنذه طولانمشلردر.,اوقراينالى مكاتب عاليه طلبەسی. «اوقرابينستا غرومادا» نامندەکی جمعیت اطرافنده طوپلانمشلردر.,اوقراينالى مكاتب عاليه لبەسی. «اوقرايناستاغ وامادى» نامندەکی جمعیت اطرافنده طولانمشلردر.
76,0,بو حرکت ينويريه وتمدينيه اون بدنجی عصر ده او قراکنىقزاقلرينك فوة مسلحه سنه ىستادایدییوردی.,بو حرکت تنويريه وتمدينيه اون بدنجی عصر ده او قرايناقزاقلرينك قوة مسلحه سنه استادایدییوردی.,بو حرکت ينويريه وتمدينيه اون بدنجی عصر ده او قراينا قزاقلرينك فوه مسلحه سنه استاد ایدییوردی.
76,1,بو هرکت تنويريه وتمدينيةاون بدنحی عضر د ه او قرايناقزاقلرينك قوة مسلحه سنة استادایدیآیورجدی.,بو حرکت تنويريه وتمدينيه اون بدنجی عصر ده او قرايناقزاقلرينك قوة مسلحه سنه استادایدییوردی.,بو هرکت تنويريه وتمدينيه اون بدنحی عضر ده او قراينا قزاقلرينك قوه مسلحه سنه استاد ایدی آیورجدی.
76,2,بو حرکت ثنويرية وتدينيه ان بدنجیعصر ده او فرايناقزاقلزكنك قوة مسلحه سنة استا دایدییوردی.,بو حرکت تنويريه وتمدينيه اون بدنجی عصر ده او قرايناقزاقلرينك قوة مسلحه سنه استادایدییوردی.,بو حرکت بنويريه وتدينيه ان بدنجی عصر ده او قراينا قزاقلرينك قوه مسلحه سنه استاد ایدییوردی.
76,3,بو حرکت تنويرية وتمدينيه اون بذنجی عصر د او رايناقزاقلرينك قوةمسلحة سنه استاد ایدییوردی.,بو حرکت تنويريه وتمدينيه اون بدنجی عصر ده او قرايناقزاقلرينك قوة مسلحه سنه استادایدییوردی.,بو حرکت تنويريه وتمدينيه اون بدنجی عصر د او راينا قزاقلرينك قوهمسلحه سنه استاد ایدییوردی.
76,4,نو حرت تنىرية وتمدينياوب بدنجی ع ضر ده او قراىناقزاقلرينك قوه مسلحه سنه اسثادایدییوردی.,بو حرکت تنويريه وتمدينيه اون بدنجی عصر ده او قرايناقزاقلرينك قوة مسلحه سنه استادایدییوردی.,نوحرت تناريه وتمديني اوبر بدنجی عضر ده او قراينا قزاقلرينك قوه مسلحه سنه استاد ایدییوردی.
76,5,بوهرکت تنويره وتمديينيه اون بدنجی عصر ده ىو قرايناقزاقلرينك قوة مسلحه سنه استادایدییوردی.,بو حرکت تنويريه وتمدينيه اون بدنجی عصر ده او قرايناقزاقلرينك قوة مسلحه سنه استادایدییوردی.,بوهرکت تنويره وتمديينيه اون بدنجی عصر ده او قراينا قزاقلرينك قوه مسلحه سنه استاد ایدییوردی.
76,6,بو حرکتتنوكريه وتمدينکه اون بدنجی عصر ده او قريبازاقلرينك قوة مسلحه سنه ىستادایدییوزدی.,بو حرکت تنويريه وتمدينيه اون بدنجی عصر ده او قرايناقزاقلرينك قوة مسلحه سنه استادایدییوردی.,بو حرکتنوكريه وتمدينكه اون بدنجی عصر ده او قريبازاقلرينك قوه مسلحه سنه استاد ایدییوردی.
76,7,بو حرکت تنويريه وتمندىنيه اون بدنجی عصفر ده او قرايناقزاقلرينک قو ة مسلحه شنه استادایدییورد.,بو حرکت تنويريه وتمدينيه اون بدنجی عصر ده او قرايناقزاقلرينك قوة مسلحه سنه استادایدییوردی.,بو حرکت تنويريه وتمندينيه اون بدنجی عصفر ده او قراينا قزاقلرينك قوه مسلحه سنه استاد ایدییوردر.
76,8,بآو حرکت تنويزيه وتذينيه اون تدنصخی عصر ده او قزايناقزاقلرينك قوة مسلحه سنه اسنادایدییورذی,بو حرکت تنويريه وتمدينيه اون بدنجی عصر ده او قرايناقزاقلرينك قوة مسلحه سنه استادایدییوردی.,بو حرکت تنويريه وتدينيه اون تدنصی عصر ده او قزاينا قزاقلرينك قوه مسلحه سنه اسناد ایدییوردی.
76,9,بو ح زکت تنويريه وتمدينية اون بذنجی عصر ده او قرايناقزاقلرينك قوة مسلحه سنه استادیدییوردی.,بو حرکت تنويريه وتمدينيه اون بدنجی عصر ده او قرايناقزاقلرينك قوة مسلحه سنه استادایدییوردی.,بو حرکت تنويريه وتمدينيه اون بدنجی عصر ده او قراينا قزاقلرينك قوه مسلحه سنه استادیدییوردی.
76,10,بو حرک ت تنويريه وتمدينيهاون بدنجی عصر ده اوقريناقزاقلرينك قوهظمسلحه سنه استادایدییوردی.,بو حرکت تنويريه وتمدينيه اون بدنجی عصر ده او قرايناقزاقلرينك قوة مسلحه سنه استادایدییوردی.,بو حرکت تنويريه وتمدينيه اون بدنجی عصر ده اوقراينا قزاقلرينك قوه مسلحه سنه استاد ایدییوردی.
76,11,بو حرکت تنويره وتدينيه اوت بدنجی عصر ده او قرايزناقزاقلرينك قوه مسلحه سنه اسيادایدییوردی.,بو حرکت تنويريه وتمدينيه اون بدنجی عصر ده او قرايناقزاقلرينك قوة مسلحه سنه استادایدییوردی.,بو حرکت تنويره وتدينيه اوتبدنجی عصر ده او قراينا قزاقلرينك قوه مسلحه سنه اسياد ایدییوردی.
76,12,بو حرک تنويريه وتمدينيه اون بدنجی عصر ده اصو قرايباقزاقلرکنك قوه مسلحه سبه اسيادىیهدوردی.,بو حرکت تنويريه وتمدينيه اون بدنجی عصر ده او قرايناقزاقلرينك قوة مسلحه سنه استادایدییوردی.,بو حرکت تنويريه وتمدينيه اون بدنجی عصر ده اصوقراينا قزاقلرينك قوه مسلحه سبه اسيادیه دوردی.
76,13,بو حريت تويريه وتمدينيه اون بدنجی عصر دة او قرىيناقزاقلرينك قوة مسلحه سنه استادایدییوردی.,بو حرکت تنويريه وتمدينيه اون بدنجی عصر ده او قرايناقزاقلرينك قوة مسلحه سنه استادایدییوردی.,بو حريت تويريه وتمدينيه اون بدنجی عصر ده او قراينا قزاقلرينك قوه مسلحه سنه استاد ایدییوردی.
76,14,و حرکي تنويزيه وتمدينيه اون دنجی عص ر دهاو قريناقزاقلرينک فوة مسلحه سنه استادایدییورد,بو حرکت تنويريه وتمدينيه اون بدنجی عصر ده او قرايناقزاقلرينك قوة مسلحه سنه استادایدییوردی.,و حرکي تنويريه وتمدينيه اون دنجی عصر ده او قريناقزاقلرينك فوه مسلحه سنه استاد ایدییوردی.
76,15,بو حرکتتنويريه ومدينيه اون بد نجی عصز ده او قراينازاقلرينك قوة مسل حه سن ه استىدایدییوردی.,بو حرکت تنويريه وتمدينيه اون بدنجی عصر ده او قرايناقزاقلرينك قوة مسلحه سنه استادایدییوردی.,بو حرکت تنويريه ومدينيه اون بدنجی عصر ده او قراينازاقلرينك قوه مسلحه سنه استاد ایدییوردی.
76,16,يوس حرکت ينوي ريه تمدحينيه اون بديجی عصر ده او قراىناقزاقلرينك قوة مسلحه سه ىستادایدییوردی.,بو حرکت تنويريه وتمدينيه اون بدنجی عصر ده او قرايناقزاقلرينك قوة مسلحه سنه استادایدییوردی.,بوس حرکت ينويريه تمدحينيه اون بديجی عصر ده او قراينا قزاقلرينك قوه مسلحه سه استاد ایدییوردی.
76,17,بفو حركت تنويريه وتمدينيه اون بدنجی عصر ده او قرايناق زاقلريبك قوة ملحه سنة استادایدییوردی.,بو حرکت تنويريه وتمدينيه اون بدنجی عصر ده او قرايناقزاقلرينك قوة مسلحه سنه استادایدییوردی.,بو حركت تنويريه وتمدينيه اون بدنجی عصر ده او قرايناق زاقلرينك قوه ملحه سنه استاد ایدییوردی.
76,18,بو حرکت تنهويريه وتمدينيه اون بدنجی عصر ده او قراينىق زاقلرفكنك قوة مسلحه سنة استادایدیوردی.,بو حرکت تنويريه وتمدينيه اون بدنجی عصر ده او قرايناقزاقلرينك قوة مسلحه سنه استادایدییوردی.,بو حرکت تنهويريه وتمدينيه اون بدنجی عصر ده او قرايناق زاقلرفكنك قوه مسلحه سنه استاد ایدیوردی.
76,19,بو حرکت تنويريه وتمدينيه اون بدنجی عصر ده ىو قرىىناقزاقلركنك قوة مسلحه سنه ىستادایدییوردی.,بو حرکت تنويريه وتمدينيه اون بدنجی عصر ده او قرايناقزاقلرينك قوة مسلحه سنه استادایدییوردی.,بو حرکت تنويريه وتمدينيه اون بدنجی عصر ده او قراينا قزاقلركنك قوه مسلحه سنه استاد ایدییوردی.
374,0,حالبوكةزوسیەده متمکن ىولان اوتوز مليزوظن ازوقراينالى غالیچادەكی قردىشلرينك تاثر و نفوذى آلتنذه کندی منافع مله وسياسەلرىبى بةحسق مهاكمه تقدير ايدەجك بر,حالبوكه روسیەده متمکن اولان اوتوز مليون اوقراينالى غالیچادەكی قرداشلرينك تأثير و نفوذى آلتنده کندی منافع مليه وسياسەلرينى بحق محاكمه وتقدير ايدەجك بر,حال بوكهروسیەده متمکن اولان اوتوز مليزون ازوقراينالى غالیچادەکی قرديشلرينك تاثر و نفوذى آلتنده کندی منافع مله وسياسەلرى به حسق مهايمه تقدير ايدەجك بر.
374,1,حالبوكه روسیەدة متمکن اتولان اوتوز مليون اوقراينالى غالیچادەيی قرداشرينك تأثير وإ نقوذى آلتنده کندی منافع مليهوسياسەلرينى بحق محاكمه وتقدير اکدەخك بر,حالبوكه روسیەده متمکن اولان اوتوز مليون اوقراينالى غالیچادەكی قرداشلرينك تأثير و نفوذى آلتنده کندی منافع مليه وسياسەلرينى بحق محاكمه وتقدير ايدەجك بر,حالبوكه روسیەده متمکن اتولان اوتوز مليون اوقراينالى غالیچادەيی قرداشرينك تأثير وإنقوذى آلتنده کندی منافع مليه وسياسەلرينى بحق محاكمه وتقدير ايدەخك بر.
374,2,حالبوكه ر وسیەده متمکن ىولاي اوتور مليون اوقراينالى غالیچصادەكی قرداشلرينك تأثيز و نفوذى آلتنده کندجی مافع ملية وسياسەلريقن ى بحف محاكمه وتقدير اكدەجك ب,حالبوكه روسیەده متمکن اولان اوتوز مليون اوقراينالى غالیچادەكی قرداشلرينك تأثير و نفوذى آلتنده کندی منافع مليه وسياسەلرينى بحق محاكمه وتقدير ايدەجك بر,حال بوكه روسیەده متمکن اولان اوتور مليون اوقراينالى غالیچادەکی قرداشلرينك تأثير و نفوذى آلتنده کندی مافع مليه وسياسەلريقنا بحق محاكمه وتقدير ايدەجك بر
374,3,حالبوكه روسیەده متمكن اولان اوتوز مليون اوقرىينالى غالیچىدەی قزداشلرينك تأثي و نفوذى آلتنده کنذی منافع مليه وسياسەلرينى بحق محاكمه وتاقدير ايدەجك بر,حالبوكه روسیەده متمکن اولان اوتوز مليون اوقراينالى غالیچادەكی قرداشلرينك تأثير و نفوذى آلتنده کندی منافع مليه وسياسەلرينى بحق محاكمه وتقدير ايدەجك بر,حالبوكه روسیەده متمكن اولان اوتوز مليون اوقراينالى غالیچادەی قزداشلرينك تأثي و نفوذى آلتنده کندی منافع مليه وسياسەلرينى بحق محاكمه وتاقدير ايدەجك بر.
374,4,حابوكه روسیە ده متمکن الان اوتوز مليون اوقراينالى غىلیچادەكی قرداشلرين ك تأثير و نفوذىآلتنده کندی منافع مليه وسياسەلرينى بشح محاکمه وتقدير ايدەجك بر,حالبوكه روسیەده متمکن اولان اوتوز مليون اوقراينالى غالیچادەكی قرداشلرينك تأثير و نفوذى آلتنده کندی منافع مليه وسياسەلرينى بحق محاكمه وتقدير ايدەجك بر,حابوكه روسیەده متمکن الان اوتوز مليون اوقراينالى غالیچادەکی قرداشلرينك تأثير و نفوذ آلتنده کندی منافع مليه وسياسەلرينى بشح محاکمه وتقدير ايدەجك بر.
374,5,حالبوكه روسیەده مت مکن اولان اوتوز مليون ىوقراىنالا غالیچادەكی قکردىش لرکنك تأير و نفوذى آلتنده ک ندی منافع مليه وشىاسەلرينى بحق محاكمره ونقدير ايدەجك ي,حالبوكه روسیەده متمکن اولان اوتوز مليون اوقراينالى غالیچادەكی قرداشلرينك تأثير و نفوذى آلتنده کندی منافع مليه وسياسەلرينى بحق محاكمه وتقدير ايدەجك بر,حالبوكه روسیەده متمکن اولان اوتوز مليون اوقراينالى غالیچادەکی قکرديش لرينك تأير و نفوذى آلتنده کندی منافع مليه وشاسەلرينى بحق محاكمره ونقدير ايدەجك ي
374,6,حالبوكهه روشیەده متمکن اولان اوتوز مليون اوقراينالى غالیچادەكی قرذاشلرينك تأثر و نف وذى آلتندة کندی مافع ملية وسياسەلريني بحق مهاكمه وتقدىر ايد ەج بز,حالبوكه روسیەده متمکن اولان اوتوز مليون اوقراينالى غالیچادەكی قرداشلرينك تأثير و نفوذى آلتنده کندی منافع مليه وسياسەلرينى بحق محاكمه وتقدير ايدەجك بر,حال بوكهه روسیەده متمکن اولان اوتوز مليون اوقراينالى غالیچادەکی قرداشلرينك تأثر و نفوذى آلتنده کندی مافع مليه وسياسەلرينك بحق مهايمه وتقدار ايدەجنر
374,7,حالبوكه روسیەده متمك ن اولان اوتوز مليوب اوقر اىنالى غالیچادەكی قرداشلرينك تأثير و نفوذى آلتنده کندی منافع مليه وسياشەلرينى بحق محاكمه وتقدير ايدەجك بر,حالبوكه روسیەده متمکن اولان اوتوز مليون اوقراينالى غالیچادەكی قرداشلرينك تأثير و نفوذى آلتنده کندی منافع مليه وسياسەلرينى بحق محاكمه وتقدير ايدەجك بر,حالبوكه روسیەده متمكن اولان اوتوز مليوب اوقراينالى غالیچادەکی قرداشلرينك تأثير و نفوذى آلتنده کندی منافع مليه وسياشەلرينى بحق محاكمه وتقدير ايدەجك بر.
374,8,حالبوه روسیەده متمکن اولاناويو مليوني اوقراينالى غالیچخادەكی قرداشلرينك تأثير و نفوذى آلتثدة کندی منافع مليهوسياسەلرينى بحف محاكصمه وتقدير ايدەحك بر,حالبوكه روسیەده متمکن اولان اوتوز مليون اوقراينالى غالیچادەكی قرداشلرينك تأثير و نفوذى آلتنده کندی منافع مليه وسياسەلرينى بحق محاكمه وتقدير ايدەجك بر,حالبوه روسیەده متمکن اولان اويون مليونك اوقراينالى غالیچادەکی قرداشلرينك تأثير و نفوذى آلتده کندی منافع مليه وسياسەلرينى بحق محاكصمه وتقدير ايدەحك بر.
374,9,هالبوكه رسیەذه متکن اولان اوتوز مليون اوقراينلى غىلیچدەكیث قرداشلرينك تأثير و نفوذى آلتندة کندی منافغ مليه وىاسەلرينى بحق محاككمه وتفدير ايدەجك بر,حالبوكه روسیەده متمکن اولان اوتوز مليون اوقراينالى غالیچادەكی قرداشلرينك تأثير و نفوذى آلتنده کندی منافع مليه وسياسەلرينى بحق محاكمه وتقدير ايدەجك بر,هالبوكه رسیەده متکن اولان اوتوز مليون اوقراينالى غالیچدەکی قرداشلرينك تأثير و نفوذى آلتنده کندی منافع مليه واسەلرينى بحق محاكمه وتفدير ايدەجك بر.
374,10,حىلبوكة رخوس یەده متمکنق اولاي اوتوز مليون ىوقاينالى غالیچادەكی قرداشلرنك تأثير و نفوذى آلتنده کنذی منافع مليه وشياسەلركنى بحق محاكمه وتقدير اييدەجك بر,حالبوكه روسیەده متمکن اولان اوتوز مليون اوقراينالى غالیچادەكی قرداشلرينك تأثير و نفوذى آلتنده کندی منافع مليه وسياسەلرينى بحق محاكمه وتقدير ايدەجك بر,حال بوكه رخوسیەده متمکنق اولان اوتوز مليون اوقراينالى غالیچادەکی قرداشلرنك تأثير و نفوذى آلتنده کندی منافع مليه وشياسەلركنى بحق محاكمه وتقدير ايدەجك بر.
374,11,حالبوكه روسینەده متمکن اولان اوتوز مليون اوقراينالى غالیچادەكی فرداشلرينك تأثير و نفوذى آلتنده کندی منافع مليه وياسەلرينى بحق محاكمه وتقديز ايدەجك بر,حالبوكه روسیەده متمکن اولان اوتوز مليون اوقراينالى غالیچادەكی قرداشلرينك تأثير و نفوذى آلتنده کندی منافع مليه وسياسەلرينى بحق محاكمه وتقدير ايدەجك بر,حالبوكه روسینەده متمکن اولان اوتوز مليون اوقراينالى غالیچادەکی فرداشلرينك تأثير و نفوذى آلتنده کندی منافع مليه وياسەلرينى بحق محاكمه وتقدير ايدەجك بر.
374,12,حالبوكه روسیەذه متمکن اولن اوتوز مليون اوقرىينالى غالیچادەكی قردالرينك تأثير و يفوذى آلتدهظ کندی منافع مليه وخسياسلرينى بحق محاكمه وتقدىر اىدەجك رب,حالبوكه روسیەده متمکن اولان اوتوز مليون اوقراينالى غالیچادەكی قرداشلرينك تأثير و نفوذى آلتنده کندی منافع مليه وسياسەلرينى بحق محاكمه وتقدير ايدەجك بر,حالبوكه روسیەده متمکن اولن اوتوز مليون اوقراينالى غالیچادەکی قردالرينك تأثير و يفوذى آلتده کندی منافع مليه وخسياسلرينى بحق محاكمه وتقدير ايدەجكرب
374,13,حالبوک روسیەده متمکن اولان اوتور ميون اوقراينالى غالیچادەكی قفردىسلرينک تأثير و نفوذى آلنده كندی مبافع مليه وسياسەلرينى نحق محىيمه وقدير ايدەجك بز,حالبوكه روسیەده متمکن اولان اوتوز مليون اوقراينالى غالیچادەكی قرداشلرينك تأثير و نفوذى آلتنده کندی منافع مليه وسياسەلرينى بحق محاكمه وتقدير ايدەجك بر,حالبوك روسیەده متمکن اولان اوتور ميون اوقراينالى غالیچادەکی قفرديسلرينك تأثير و نفوذى آلنده کندی مبافع مليه وسياسەلرينى نحق محايمه وقدير ايدەجك بر.
374,14,حالبوكه روسیەده متمن اولان اوتوز مليوناوقراينالى غالیچادەكی قرداشصلرينك تأثير و نفوذى آلتبدهکندی منافع ملية وشياسەلرينى يحق محىکمه وتقديز ايدەجك بر,حالبوكه روسیەده متمکن اولان اوتوز مليون اوقراينالى غالیچادەكی قرداشلرينك تأثير و نفوذى آلتنده کندی منافع مليه وسياسەلرينى بحق محاكمه وتقدير ايدەجك بر,حالبوكه روسیەده متمن اولان اوتوز مليون اوقراينالى غالیچادەکی قرداشلرينك تأثير و نفوذى آلتبده کندی منافع مليه وشياسەلرينى يحق محاکمه وتقدير ايدەجك بر.
374,15,حالبوكه روسیەذ متمکن اولاب اوتوز مليون ىوقراينالى غایچدەكی قردىشلرينك تأثير و نفوذى آلتنده کنی منافع ملکهوسياسەلرينى بحق محاكمة وتقدير ىيدەجك بر,حالبوكه روسیەده متمکن اولان اوتوز مليون اوقراينالى غالیچادەكی قرداشلرينك تأثير و نفوذى آلتنده کندی منافع مليه وسياسەلرينى بحق محاكمه وتقدير ايدەجك بر,حالبوكه روسیەده متمکن اولاب اوتوز مليون اوقراينالى غایچدەکی قرديشلرينك تأثير و نفوذى آلتنده کنی منافع ملکه وسياسەلرينى بحق محاكمه وتقدير ايدەجك بر.
374,16,حال بوزكة روسیده متمکن اولان اوبوز مليون اوقراينالقى غالیچادەكی فرداشلري نك بأزنير و نفوذى آلتتده کندی منافع ملىه وسياسفەلرينى بحف محاكمه وتقدير اىدەجك بر,حالبوكه روسیەده متمکن اولان اوتوز مليون اوقراينالى غالیچادەكی قرداشلرينك تأثير و نفوذى آلتنده کندی منافع مليه وسياسەلرينى بحق محاكمه وتقدير ايدەجك بر,حال بوزكه روسیده متمکن اولان اوبوز مليون اوقراينالقى غالیچادەکی فرداشلرينك برنير و نفوذى آلتتده کندی منافع ملاه وسياسەلرينى بحف محاكمه وتقدير ايدەجك بر.
374,17,حالبوکه زوسیەده متمکن اولان اويوز ميون اوقرىينالى غاسلیچادەكی قرداشلر کنك تأثيز و نفودى آلتنده ندی منافع ملية وسياشەلرينى بهق محاكمه وتقدير ايدەجكبر,حالبوكه روسیەده متمکن اولان اوتوز مليون اوقراينالى غالیچادەكی قرداشلرينك تأثير و نفوذى آلتنده کندی منافع مليه وسياسەلرينى بحق محاكمه وتقدير ايدەجك بر,حال بوکه زوسیەده متمکن اولان اويوز ميون اوقراينالى غاسلیچادەکی قرداشلر کنك تأثير و نفودى آلتنده ندی منافع مليه وسياشەلرينى به محاكمه وتقدير ايدەجكبر.
374,18,حالبوکه روسیەده متمکن اشلان اوتز مليون اوقراينالى غالیچاەكی قرداشلرينك تأتير و تفوذى آلتنده ندی منافعمليه وسياسەلرغينى بحق محاكمه وتقدير يدەجك بر,حالبوكه روسیەده متمکن اولان اوتوز مليون اوقراينالى غالیچادەكی قرداشلرينك تأثير و نفوذى آلتنده کندی منافع مليه وسياسەلرينى بحق محاكمه وتقدير ايدەجك بر,حال بوکه روسیەده متمکن اشلان اوترمليون اوقراينالى غالیچاەکی قرداشلرينك تأتير و تفوذى آلتنده ندی منافعمليه وسياسەلرينى بحق محاكمه وتقدير يدەجك بر.
374,19,حالبوكه رو سیەده متمکن اولاي ىوتوأز مليون اوقرايثالى غالیچادەكی قرداسلرينك تأثىر و نفوذى آلتنده ندی منافع مل يه وسىاسەلبزينا تحق محاكمه وتقدير ايدەجك بر,حالبوكه روسیەده متمکن اولان اوتوز مليون اوقراينالى غالیچادەكی قرداشلرينك تأثير و نفوذى آلتنده کندی منافع مليه وسياسەلرينى بحق محاكمه وتقدير ايدەجك بر,حالبوكه روسیەده متمکن اولان اوتوأز مليون اوقراينالى غالیچادەکی قرداسلرينك تأثير و نفوذى آلتنده بر.
278,0,اكي نهايت (٥٠خ) نجى سنەلرك متفرق حرآكاتندن ضکره سنهلر کمشوكويليل استحصال ازاضی و حقق ايدنه چارلغه جداً ضاري لمش وشکونته طالشذى.,اك نهايت (٥٠) نجى سنەلرك متفرق حركاتندن صکره سنهلر کمش وكويليل استحصال اراضی و حقوق ايدنجه چارلغه جداً صاريلمش وسکونته طالشدى.,اكي نهايت (٥٠خ) نجى سنەلرك متفرق حركاتندن ضکره سنهلر کمش وكويليلك استحصال ازاضی و حقق ايدنه چارلغه جداً ضاريلمش وشکونته طالشدى.
278,1,اك نهايت (٥٠) نجى سنەرك متفرق هركىتندن صکرزه سندهلر كخمش وكويليل استحصال اراضی و قوق ايدنجهچارله جداً صاريلمش وسکوتهطالشدى.,اك نهايت (٥٠) نجى سنەلرك متفرق حركاتندن صکره سنهلر کمش وكويليل استحصال اراضی و حقوق ايدنجه چارلغه جداً صاريلمش وسکونته طالشدى.,اك نهايت (٥٠) نجى سنەرك متفرق هركاتندن صکرزه سنده لر كخمش وكويليلك استحصال اراضی و قوق ايدنجه چارله جداً صاريلمش وسيوته طالشدى.
278,2,اك نايتف (٥٠) نجى سنەلرك متفق حركاتندنك ضکره سنهلر کمش وكويل يلاشتحصال اراصی و حقوق ايدنجهچارلغة جداً صاريمش وسکونته طالشدا.,اك نهايت (٥٠) نجى سنەلرك متفرق حركاتندن صکره سنهلر کمش وكويليل استحصال اراضی و حقوق ايدنجه چارلغه جداً صاريلمش وسکونته طالشدى.,اك نايتف (٥٠) نجى سنەلرك متفق حركاتندنك ضکره سنهلر کمش وكويليلاشتحال اراصی و حقوق ايدنجه چارلغه جداً صاريمش وسکونته طالشدى.
278,3,اك نهايت (٥) نجى سنەلرك متفرق حرياتندن صجکره سنهلر کمش ويوغيليل استحصا ل اراصی و حقوق يدنجة چىرلغه جداً صاريلمش وس کون ته طالشدى.,اك نهايت (٥٠) نجى سنەلرك متفرق حركاتندن صکره سنهلر کمش وكويليل استحصال اراضی و حقوق ايدنجه چارلغه جداً صاريلمش وسکونته طالشدى.,اك نهايت (٥) نجى سنەلرك متفرق حرياتندن صجکره سنهلر کمش ويوغيليل استحصال اراصی و حقوق يدنجه چارلغه جداً صاريلمش وسکون ته طالشدى.
278,4,اك نهايت (٥٠) جى سنەرك مت فرق حركاتند ن ضکزه سنهلر کمش وكويليل استحصال اراضی و حقوق ىيدنجه چارلغه جداً صاريلمش وسکونته طالشدى.,اك نهايت (٥٠) نجى سنەلرك متفرق حركاتندن صکره سنهلر کمش وكويليل استحصال اراضی و حقوق ايدنجه چارلغه جداً صاريلمش وسکونته طالشدى.,اك نهايت (٥٠) جى سنەرك متفرق حركاتندن ضکره سنهلر کمش وكويليلك استحصال اراضی و حقوق ايدنجه چارلغه جداً صاريلمش وسکونته طالشدى.
278,5,اك نهايت (٥٠) نججى سنەلرك متفرق هركاتندن صکر ة سنهلر كمش وكويليل استحصالارای و حقو ايدنجه چالغه حداً صىريلمش وسکونته طالشدا.,اك نهايت (٥٠) نجى سنەلرك متفرق حركاتندن صکره سنهلر کمش وكويليل استحصال اراضی و حقوق ايدنجه چارلغه جداً صاريلمش وسکونته طالشدى.,اك نهايت (٥٠) نجى سنەلرك متفرق حركاتندن صکره سنهلر كمش وكويليلك استحالارای و حقو ايدنجه چالغه حداً صاريلمش وسکونته طالشدى.
278,6,اك نهايت (٠) نجا سثەلرک متفرق حركىتنذن صيره سنهلر کمش وكويليل ستحصال اراضی و حقوق اكدنجه چارلغة جدىدً ضىرلمش وسکونته طالشدى.,اك نهايت (٥٠) نجى سنەلرك متفرق حركاتندن صکره سنهلر کمش وكويليل استحصال اراضی و حقوق ايدنجه چارلغه جداً صاريلمش وسکونته طالشدى.,اك نهايت (٠) نجاسنەلرك متفرق حركاتندن صيره سنهلر کمش وكويليلك ستحصال اراضی و حقوق ايدنجه چارلغه جدادً صارلمش وسکونته طالشدى.
278,7,اك نهايت (٥٠) نجى سنەلرك متفرقح ركىتيذن صکره سنهلر کمش وكويليل استحصال اراضی و حقوق ايدنجه چىرلغه جداًصاريلمش وسکونيه طالشى.,اك نهايت (٥٠) نجى سنەلرك متفرق حركاتندن صکره سنهلر کمش وكويليل استحصال اراضی و حقوق ايدنجه چارلغه جداً صاريلمش وسکونته طالشدى.,اك نهايت (٥٠) نجى سنەلرك متفرق ركاتيدن صکره سنهلر کمش وكويليلك استحصال اراضی و حقوق ايدنجه چارلغه جداً صاريلمش وسکونيه طالشى.
278,8,اك نهايت (٥٠) نخى سنەلرك متفرق حركاتندرن صکر ه سنهلر کمش وكويليل استحصىل اراضی و حفوق ايدنجه چارلغه جداً صاريلمش وسکونته طالسدى.,اك نهايت (٥٠) نجى سنەلرك متفرق حركاتندن صکره سنهلر کمش وكويليل استحصال اراضی و حقوق ايدنجه چارلغه جداً صاريلمش وسکونته طالشدى.,اك نهايت (٥٠) نخى سنەلرك متفرق حركاتندرن صکره سنهلر کمش وكويليلك استحصال اراضی و حقوق ايدنجه چارلغه جداً صاريلمش وسکونته طالسدى.
278,9,ىك تهاكت (٥٠) نجى سنەلرک متفرف حركاثندن صکره سنهلر كمش وكويليل استحصال اراضی و حقق ايدنجه چارلغه جداً صارلمش وشکونته طالشدى.,اك نهايت (٥٠) نجى سنەلرك متفرق حركاتندن صکره سنهلر کمش وكويليل استحصال اراضی و حقوق ايدنجه چارلغه جداً صاريلمش وسکونته طالشدى.,اك تهاكت (٥٠) نجى سنەلرك متفرف حركاتندن صکره سنهلر كمش وكويليلك استحصال اراضی و حقق ايدنجه چارلغه جداً صارلمش وشکونته طالشدى.
278,10,اك نهايت (٥٠) نجى سنەلرك متفرق حرآكاتندن صکر ه سبهلر کمش وكويلکل استحصال اراضی و حقوقايدنج ارلغه جداً صاريلمش وسکونتة طالشدا.,اك نهايت (٥٠) نجى سنەلرك متفرق حركاتندن صکره سنهلر کمش وكويليل استحصال اراضی و حقوق ايدنجه چارلغه جداً صاريلمش وسکونته طالشدى.,اك نهايت (٥٠) نجى سنەلرك متفرق حركاتندن صکره سبهلر کمش وكويليلك استحصال اراضی و حقوق ايدن ارلغه جداً صاريلمش وسکونته طالشدى.
278,11,اك نهايت (٥٠) نجى سنەلرك متفرق حركا تندن صکره سنهلر کمش وكويليل استحالاراضشی و حفوق اكدنجه چارلغة حداً صاريلمش وسکنته طالشدى.,اك نهايت (٥٠) نجى سنەلرك متفرق حركاتندن صکره سنهلر کمش وكويليل استحصال اراضی و حقوق ايدنجه چارلغه جداً صاريلمش وسکونته طالشدى.,اك نهايت (٥٠) نجى سنەلرك متفرق حركاتندن صکره سنهلر کمش وكويليلك استحالاراسی و حقوق ايدنجه چارلغه حداً صاريلمش وسکنته طالشدى.
278,12,اك نهايت (٥٠) نجى سنەلرك متفرقحركاتندب صکره سن هبلر کمش وكولي ل اتهصىل ازاضیز و حقوق ايدنجه چارلغه جداً صارىلمش وسوننه طالشدى.,اك نهايت (٥٠) نجى سنەلرك متفرق حركاتندن صکره سنهلر کمش وكويليل استحصال اراضی و حقوق ايدنجه چارلغه جداً صاريلمش وسکونته طالشدى.,اك نهايت (٥٠) نجى سنەلرك متفرق حركاتندن صکره سنه بلر کمش وكوليلال اتهال ازاضیر و حقوق ايدنجه چارلغه جداً صارالمش وسوننه طالشدى.
278,13,اك نهايت (٥٠) نجى سنەلرك متفرق حركاتندن صکره سهلر كمش وكويلىل اشتحصال اراضی و حقوق ىيدنجه چارغه جدىًصازيلمش وس کوني طالشد.,اك نهايت (٥٠) نجى سنەلرك متفرق حركاتندن صکره سنهلر کمش وكويليل استحصال اراضی و حقوق ايدنجه چارلغه جداً صاريلمش وسکونته طالشدى.,اك نهايت (٥٠) نجى سنەلرك متفرق حركاتندن صکره سهلر كمش وكويلال اشتحال اراضی و حقوق ايدنجه چارغه جداً صاريلمش وسکوني طالشدر.
278,14,اك نهايت (٥٠) نجى سنەلري متفرق حركاتندني صکره سنهلر کمش وكويليل استحضال ازاضی و حقوق ايدنجه ىرلغه جدىً صاريلمش وکونته طلشد.,اك نهايت (٥٠) نجى سنەلرك متفرق حركاتندن صکره سنهلر کمش وكويليل استحصال اراضی و حقوق ايدنجه چارلغه جداً صاريلمش وسکونته طالشدى.,اك نهايت (٥٠) نجى سنەلرك متفرق حركاتندن صکره سنهلر کمش وكويليلك استحال ازاضی و حقوق ايدنجه ارلغه جداً صاريلمش وکونته طلشدر.
278,15,اك نهضىيت (٥٠) نجى سنەلرك متفزق حزكاتندن صکره سنهلر کمش وكويليل ا ستحصل ىراضی و حقوق ايذنجه چارلغه جداً صاريلمش وسکونته طالشدى.,اك نهايت (٥٠) نجى سنەلرك متفرق حركاتندن صکره سنهلر کمش وكويليل استحصال اراضی و حقوق ايدنجه چارلغه جداً صاريلمش وسکونته طالشدى.,اك نهايت (٥٠) نجى سنەلرك متفرق حركاتندن صکره سنهلر کمش وكويليلى ستحصل اراضی و حقوق ايدنجه چارلغه جداً صاريلمش وسکونته طالشدى.
278,16,اك نهاىت (٥٠) نجى سنەلرك مأترق حركاتندن صکره سنهلر يمش وكويليل استهصال اراضی و حقوق ايدنجه چارلغه جداً صاريلمسش وسکونته طالشدى.,اك نهايت (٥٠) نجى سنەلرك متفرق حركاتندن صکره سنهلر کمش وكويليل استحصال اراضی و حقوق ايدنجه چارلغه جداً صاريلمش وسکونته طالشدى.,اك نهايت (٥٠) نجى سنەلرك مأترق حركاتندن صکره سنهلر يمش وكويليلك استهصال اراضی و حقوق ايدنجه چارلغه جداً صاريلمسش وسکونته طالشدى.
278,17,اك نهايث (٥٠) نحى سنەلرك متفرق حرکاتندن صكرهسنهلر يش وكويليل استحضال اراضی و حقوق اشيد نجه چارلغه جداً ص اريلمش وسکونتة طالشدى.,اك نهايت (٥٠) نجى سنەلرك متفرق حركاتندن صکره سنهلر کمش وكويليل استحصال اراضی و حقوق ايدنجه چارلغه جداً صاريلمش وسکونته طالشدى.,اك نهاين (٥٠) نحى سنەلرك متفرق حرکاتندن صكرهسنه لريش وكويليلك استحال اراضی و حقوق اسيدنجه چارلغه جداً صاريلمش وسکونته طالشدى.
278,18,اك يهاسكت (٥ ٠) جى سنەلرك متفرق حركاتننا صکرة سآنهلر کمش وكوکليلاتحصىل اراضی و حقوق يدنجهچارلغهجداً صاريلمش وسيونته طالشدى.,اك نهايت (٥٠) نجى سنەلرك متفرق حركاتندن صکره سنهلر کمش وكويليل استحصال اراضی و حقوق ايدنجه چارلغه جداً صاريلمش وسکونته طالشدى.,اك يهاسكت (٥٠) جى سنەلرك متفرق حركاتننا صکره سنهلر کمش وكوليلات حصال اراضی و حقوق يدنجه چارلغه جداً صاريلمش وسيونته طالشدى.
278,19,اك نهايت (٥٠) جى سنەلزك متفرق حراتندن صکره سنهطلر کمش وكويلل استحصال اراضی وهفوق ايدنجه چارلغهع جدً صازيلمش وسكونته طلشدى.,اك نهايت (٥٠) نجى سنەلرك متفرق حركاتندن صکره سنهلر کمش وكويليل استحصال اراضی و حقوق ايدنجه چارلغه جداً صاريلمش وسکونته طالشدى.,اك نهايت (٥٠) جى سنەلرك متفرق حراتندن صکره سنه طلر کمش وكويلل استحصال اراضی وهفوق ايدنجه چارلغه جدً صاريلمش وسكونته طلشدى.
141,0,آكلامغ واوقراينا ملتبه كندى مدنىتك وحيان سياسيه سنه سربستی انکشافنی تامیي ايدەجكىجتماعی و سیىسی بربروغرامك لزوم تنظکمنى درك وتقدير اينکهغ باشل اديلر.,آكلامغه واوقراينا ملتنه كندى مدنيتنك وحيات سياسيه سنه سربستی انکشافنی تأمین ايدەجك اجتماعی و سیاسی بربروغرامك لزوم تنظيمنى درك وتقدير اينكه باشلاديلر.,آكلامغ واوقراينا ملتبه كندى مدنيتك وحيان سياسيه سنه سربستی انکشافنی تامین ايدەجك اجتماعی و سیاسی بربروغرامك لروم تنظيمنى درك وتقدير اينك حغ باشلاديلر.
141,1,آكلامعه واقراينا ملتنة كنذىمد نيثثك وحيا سياسية سنه سربستی انكشافنی تأمین ايدەجكا ىجتماعی و سیاسی برروغرامك لزوم تنظيمنى در ك وتقدير اينكه با شلاديلر.,آكلامغه واوقراينا ملتنه كندى مدنيتنك وحيات سياسيه سنه سربستی انکشافنی تأمین ايدەجك اجتماعی و سیاسی بربروغرامك لزوم تنظيمنى درك وتقدير اينكه باشلاديلر.,آكلامعه واقراينا ملتنه كنديمدنينك وحيا سياسيه سنه سربستی انك شافنی تأمین ايدەجكا اجتماعی و سیاسی بر روغرامك لزوم تنظيمنى درك وتقدير اينكه باشلاديلر.
141,2,آكلامغه واقرايا ملتنه كندى مدنيتنك وحي ات سياسية شنه سربست ی اکشافنیيأمخین ىيدەج ك اجتماعی و سیىسی بزبروغآرامك لزوم تنظيمنى دزك وبقدير اينكه باسلادىلر.,آكلامغه واوقراينا ملتنه كندى مدنيتنك وحيات سياسيه سنه سربستی انکشافنی تأمین ايدەجك اجتماعی و سیاسی بربروغرامك لزوم تنظيمنى درك وتقدير اينكه باشلاديلر.,آكلامغه واقراينا ملتنه كندى مدنيتنك وحيات سياسيه سنه سربستی اکشافنی تأمخین ايدەجك اجتماعی و سیاسی بر بروغرامك لزوم تنظيمنى درك وبقدير اينكه باسلاديلر.
141,3,آكلامغه اوقراينا ملتنه كدى مدت يتنك وحيات سياسيه سنقه سزبستی انکشافنی تأمیث ايدەجك اجتماعی و سیاسی بربروغرامك لزوم تن ظيمي درک وتقدير اينكة باشلاديلر.,آكلامغه واوقراينا ملتنه كندى مدنيتنك وحيات سياسيه سنه سربستی انکشافنی تأمین ايدەجك اجتماعی و سیاسی بربروغرامك لزوم تنظيمنى درك وتقدير اينكه باشلاديلر.,آكلامغه اوقراينا ملتنه كدى مدت يتنك وحيات سياسيه سنقه سزبستی انکشافنی تأمین ايدەجك اجتماعی و سیاسی بربروغرامك لزومتنك ظيمي درك وتقدير اينك باشلاديلر.
141,4,كلامغه وىوقرايا ملتنه كند ى مدنىتنک وحيىت سياسي سنه سربستی اکشافنی بأمین ايدەجي جتماعی و سیاسی نرنروعرامك لزوضم تنطيمنى درك وتقدير اينكة باسلاديلر.,آكلامغه واوقراينا ملتنه كندى مدنيتنك وحيات سياسيه سنه سربستی انکشافنی تأمین ايدەجك اجتماعی و سیاسی بربروغرامك لزوم تنظيمنى درك وتقدير اينكه باشلاديلر.,كلامغه واوقراينا ملتنه كندى مدناتنك وحيات سياسيسنه سربستی اکشافنی بأمین ايدەجك جتماعی و سیاسی نرنروعرامك لروم تنطيمنى درك وتقدير اينك باسلاديلر.
141,5,آكلامغه واوقراينا ملتنه كندى مدنيتنك وحيات سكىسيه سنهق سربستی يکشافنی تأمین ايدەجك اتماعی و سیاسی ثربروغرامك لزوم تنظيمنى درك وتقدير اينكه باشلادهيلز.,آكلامغه واوقراينا ملتنه كندى مدنيتنك وحيات سياسيه سنه سربستی انکشافنی تأمین ايدەجك اجتماعی و سیاسی بربروغرامك لزوم تنظيمنى درك وتقدير اينكه باشلاديلر.,آكلامغه واوقراينا ملتنه كندى مدنيتنك وحيات سكاسيه سنه سربستی يکشافنی تأمین ايدەجك اتماعی و سیاسی بر بروغرامك لزوم تنظيمنى درك وتقدير اينكه باشلاده يلر.
141,6,آلامغة واوقراين ملتنه كندى مدييتنك وحيات سياسيه س نه ربست ی انكشىفنیتأمین ايدەجك احتماعی و سیاسی بربروغزامك لزوم تنظيمنى درك وتقديراينكه بىلىدىلر.,آكلامغه واوقراينا ملتنه كندى مدنيتنك وحيات سياسيه سنه سربستی انکشافنی تأمین ايدەجك اجتماعی و سیاسی بربروغرامك لزوم تنظيمنى درك وتقدير اينكه باشلاديلر.,آلامغه واوقراينا ملتنه كندى مدييتنك وحيات سياسيه سنه ربستی انك شافنی تأمین ايدەجك احتماعی و سیاسی بربروغزامك لروم تنظيمنى درك وتقديراينك به بالاديلر.
141,7,آكلامغه واوقرانا ملتنه كندى مدنيتنك وحيات سي اشيهسنه سربسی انکشافنی تأمین ايدەجك اتما یو سهیاسی بربزغرامكلزوم تنظيمنى درک وتقدىر ايتكه بشلاديلر.,آكلامغه واوقراينا ملتنه كندى مدنيتنك وحيات سياسيه سنه سربستی انکشافنی تأمین ايدەجك اجتماعی و سیاسی بربروغرامك لزوم تنظيمنى درك وتقدير اينكه باشلاديلر.,آكلامغه واوقراينا ملتنه كندى مدنيتنك وحيات سياسيهسنه سربسی انکشافنی تأمین ايدەجك اتما یو سهیاسی بربرامك لروم تنظيمنى درك وتقدير ايتكه بشلاديلر.
141,8,آكامغة واوقراينا ملتنه كنذا مدنيتنك وحىاي سکاسيه سنهشربستی انکشفنی تأمین ىيدەجك اجتمىعی و ساسی بربروغراصمك لزوم نظيمنى درك وتقذير اييكه باشلاديلز,آكلامغه واوقراينا ملتنه كندى مدنيتنك وحيات سياسيه سنه سربستی انکشافنی تأمین ايدەجك اجتماعی و سیاسی بربروغرامك لزوم تنظيمنى درك وتقدير اينكه باشلاديلر.,آكامغه واوقراينا ملتنه كندا مدنيتنك وحااي سکاسيه سنه شربستی انکشفنی تأمین ايدەجك اجتماعی و ساسی بر بروغراصمك لزوم نظيمنى درك وتقدير اييكه باشلاديلر.
141,9,آكلاغه واوقهراينا ملتنه کثدى مدنکتنك وحيىت سي اسيهت سنه سربستی انيشىفيی تأمین اىدەجك اجتماعیو سیاسی بربروغرامغك لزوم بنظيمنى درک وتقي اينكه باسلاديلر.,آكلامغه واوقراينا ملتنه كندى مدنيتنك وحيات سياسيه سنه سربستی انکشافنی تأمین ايدەجك اجتماعی و سیاسی بربروغرامك لزوم تنظيمنى درك وتقدير اينكه باشلاديلر.,آكلاغه واوقراينا ملتنه کثدى مدنيتنك وحيات سياسيه سنه سربستی انيشافيی تأمین ايدەجك اجتماعی و سیاسی بر بروغرامغك لزوم بنظيمنى درك وتقيي اينكه باسلاديلر.
141,10,آكلامغه واوقراينا ملتنه كندي مذنكننك وحيات سياسي سنه سرباستی نکشافنی تأمن ايدەجك اجتماعی و سیاسی بربرغرامك لزوم تنظ يمنى درک وثقدير اينكه باشلىديلر.,آكلامغه واوقراينا ملتنه كندى مدنيتنك وحيات سياسيه سنه سربستی انکشافنی تأمین ايدەجك اجتماعی و سیاسی بربروغرامك لزوم تنظيمنى درك وتقدير اينكه باشلاديلر.,آكلامغه واوقراينا ملتنه كندي مذنكننك وحيات سياسي سنه سرباستی نکشافنی تأمن ايدەجك اجتماعی و سیاسی بربرغرامك لروم تنيمنى درك وقدير اينكه باشلاديلر.
141,11,آكلامغه واوقرايناملتنه كتدى مدنتنك وحيات سيىاسه سنه شزبستی انيشافتنی تمین ايدەجك اجتماعی و سیىسی بربروغرامك لزوم تنظكمنى درك وتقدير اكنكه باشلاديلر.,آكلامغه واوقراينا ملتنه كندى مدنيتنك وحيات سياسيه سنه سربستی انکشافنی تأمین ايدەجك اجتماعی و سیاسی بربروغرامك لزوم تنظيمنى درك وتقدير اينكه باشلاديلر.,آكلامغه واوقراينا ملتنه كتدى مدنتنك وحيات سياسه سنه شربستی انيشافتنی تمین ايدەجك اجتماعی و سیاسی بربروغرامك لزوم تنكمنى درك وتقدير اينكه باشلاديلر.
141,12,آيلامغه واوقرىهي نا ملتنه كندى مدنيتنك وحيات سياسيه سنه سربستی انکشافنی تأمین ايدەجك اجتماعی وق سیاسی برظبروغراك لعزومينظيمنى درك وتقدير اكنكه بىشلاديلر.,آكلامغه واوقراينا ملتنه كندى مدنيتنك وحيات سياسيه سنه سربستی انکشافنی تأمین ايدەجك اجتماعی و سیاسی بربروغرامك لزوم تنظيمنى درك وتقدير اينكه باشلاديلر.,آيلامغه واوقراينا ملتنه كندى مدنيتنك وحيات سياسيه سنه سربستی انکشافنی تأمین ايدەجك اجتماعی وقسیاسی بر طبروغراك لعزومينظيمنى درك وتقدير اينكه باشلاديلر.
141,13,آكلامغه واوقراينا ملتنه ك ندى مدنيننك وهيت سياسيه سنه سربستی انشافيی تأمین ايادەاجك اجتماعی و سیاسی بربرورامك لزوم تنظيمنى درك وتقدير اينكه بشلادلر.,آكلامغه واوقراينا ملتنه كندى مدنيتنك وحيات سياسيه سنه سربستی انکشافنی تأمین ايدەجك اجتماعی و سیاسی بربروغرامك لزوم تنظيمنى درك وتقدير اينكه باشلاديلر.,آكلامغه واوقراينا ملتنه كندى مدنيننك وهيت سياسيه سنه سربستی انشافيی تأمین ايادەاجك اجتماعی و سیاسی بربرورامك لزوم تنظيمنى درك وتقدير اينكه بشلادلر.
141,14,آکلامه واوقراينا ملتنه کندى مدنيتثك وحيىت سياسية سنه سربستی انکشافنی نأمین ايدە جك اجتمعیو سیاسی بزبرو غرامک لزوم تنظي منىدرك وتقدير ايكه باشلاديلر.,آكلامغه واوقراينا ملتنه كندى مدنيتنك وحيات سياسيه سنه سربستی انکشافنی تأمین ايدەجك اجتماعی و سیاسی بربروغرامك لزوم تنظيمنى درك وتقدير اينكه باشلاديلر.,آيلامه واوقراينا ملتنه کندى مدنيتنك وحيات سياسيه سنه سربستی انکشافنی نأمین ايدەجك اجتمعی و سیاسی بر برو غرامك لزوم تنظي منادرك وتقدير ايكه باشلاديلر.
141,15,آكلامغه ووقراکنا ملتنه كندى مدنکبنکوحيات سيسية سنة سربستی انکشافنی تأمین ايدەجك اجتماعی و سیاسی بزبروغرامک لزوم تتظيمنى دزك وتقدير ايتكه باشلاديلر.,آكلامغه واوقراينا ملتنه كندى مدنيتنك وحيات سياسيه سنه سربستی انکشافنی تأمین ايدەجك اجتماعی و سیاسی بربروغرامك لزوم تنظيمنى درك وتقدير اينكه باشلاديلر.,آكلامغه ووقراينا ملتنه كندى مدنك بنك وحيات سيسيه سنه سربستی انکشافنی تأمین ايدەجك اجتماعی و سیاسی بر بروغرامك لزوم تتظيمنى درك وتقدير ايتكه باشلاديلر.
141,16,آكلامغه واوقراين املتنه كندى مدنيتنك وحىات سياسک سن سربستی انکشافنی تأمین يدەجك ىجم اعی و سیاسی بربروغىمك لزوم تنظيسمنى دري وتقدير اينكباشلاديلر,آكلامغه واوقراينا ملتنه كندى مدنيتنك وحيات سياسيه سنه سربستی انکشافنی تأمین ايدەجك اجتماعی و سیاسی بربروغرامك لزوم تنظيمنى درك وتقدير اينكه باشلاديلر.,آكلامغه واوقراينا املتنه كندى مدنيتنك وحاات سياسك سنده سربستی انکشافنی تأمین يدەجك اجماعی و سیاسی بربروغامك لروم تنظيسمنى درك وتقدير اينك باشلاديلر.
141,17,آكلامغه واقراينا ملين ه كندى مدنيتنكوحا ت كاسيه سه سريستیىنشافنی تأمین ايدەجك ىجتماعی و سیاسی بربروغزىمك لزوم تثظيمنى درك وتقدير اىنكة بشلاديلر.,آكلامغه واوقراينا ملتنه كندى مدنيتنك وحيات سياسيه سنه سربستی انکشافنی تأمین ايدەجك اجتماعی و سیاسی بربروغرامك لزوم تنظيمنى درك وتقدير اينكه باشلاديلر.,آكلامغه واقراينا ملينه كندى مدنيتنك وحات كاسيه سه سريستی انشافنی تأمین ايدەجك اجتماعی و سیاسی بر بروغرامك لزوم تثيمنى درك وتقدير اينك بشلاديلر.
141,18,آكلامغه واوقرىكنا ملتنه كندى مدنيتنك وحيات سىاسيه سنهسربسبی انکشافنی تامیي ايدەجي اجتماعی و سیاسی برتروغرامك لزوم تنظيمنا درک وتقدير اينكه باشلاديلر.,آكلامغه واوقراينا ملتنه كندى مدنيتنك وحيات سياسيه سنه سربستی انکشافنی تأمین ايدەجك اجتماعی و سیاسی بربروغرامك لزوم تنظيمنى درك وتقدير اينكه باشلاديلر.,آكلامغه واوقراينا ملتنه كندى مدنيتنك وحيات سااسيه سنه سربسبی انکشافنی تامین ايدەجك اجتماعی و سیاسی برتروغرامك لزوم تنظيمنا درك وتقدير اينكه باشلاديلر.
141,19,آكلامغه واوقراىنا ملتنه كحندا دنيتنك وحيت سيىسية سنه سربستی انکشىفنی تأمین ايدەجک اجتماغی و سیاسی بربروغرى مك لزوم تنظيمنى درك وتقدير اينكه باس لاديلر.,آكلامغه واوقراينا ملتنه كندى مدنيتنك وحيات سياسيه سنه سربستی انکشافنی تأمین ايدەجك اجتماعی و سیاسی بربروغرامك لزوم تنظيمنى درك وتقدير اينكه باشلاديلر.,آكلامغه واوقراينا ملتنه كحندا دنيتنك وحيت سياسيه سنه سربستی انکشافنی تأمین ايدەجکی اجتماعی و سیاسی بر بروغرى مك لزوم تنظيمنى درك وتقدير اينكه باسلاديلر.
223,0,روس اختلال عموم سنی تعقیبىیدن سنەلرده اوراينا شوسياليست اختلالکار فرقەسی تأسیس اولندی ون ا فكار ونظرياتى عنى روس فرقەسنك اجتهاداننه موافق و شیوردی.,روس اختلال عموم سنی تعقیب ایدن سنەلرده اوقراينا سوسياليست اختلالکار فرقەسی تأسیس اولندی بونك افكار ونظرياتى عنى روس فرقەسنك اجتهاداتنه موافق و شیوردی.,روس اختلال عموم سنی تعقیب ایدن سنەلرده اوراينا شوسياليست اختلالکار فرقەسی تأسیس اولندی ون افكار ونظرياتى عنى روس فرقەسنك اجتهاداننه موافق و شیوردی.
223,1,رو اختلا مم سنی تعقیب ایدن شنەلرده اوقراينا سوسياليست اختلىلکار فرقەسی تأسیس اولثدی يونک افكار ونظرىاا عنى روس فرقەسنك اجتةداتنه مواقق و شیوزدی.,روس اختلال عموم سنی تعقیب ایدن سنەلرده اوقراينا سوسياليست اختلالکار فرقەسی تأسیس اولندی بونك افكار ونظرياتى عنى روس فرقەسنك اجتهاداتنه موافق و شیوردی.,رو اختلاممسنی تعقیب ایدن سنەلرده اوقراينا سوسياليست اختلالکار فرقەسی تأسیس اولدی يونك افكار ونظرى اعنى روس فرقەسنك اجتداداتنه مواقق و شیوردی.
223,2,روس اخلال عمو سنی ثعفی ب ایدن سنەلرذه ىوقرساينا سوسياضلكس اختلالکارأ فرقەسی تأسیس ولندی بونك افيار نظرياتا عنى روش فزقەسنكاجتهااتنه موافق و شیور ذی,روس اختلال عموم سنی تعقیب ایدن سنەلرده اوقراينا سوسياليست اختلالکار فرقەسی تأسیس اولندی بونك افكار ونظرياتى عنى روس فرقەسنك اجتهاداتنه موافق و شیوردی.,روس اخلال عموسنی تعفیب ایدن سنەلرده اوقراينا سوسيالكس اختلالکار فرقەسی تأسیس ولندی بونك افيار نظرياتا عنى روس فرقەسنك اجتهااتنه موافق و شیوردی.
223,3,وس اختلال عمم سنی تعقیب ایدن سنەلرده اوفراينا سوسكاليست اختلالکىر فرفەسی تأسیس ىولندی بونک افكا ر نظريايى عنى زوس فرقەسنك اختهادابثة موافف و شیوزدی.,روس اختلال عموم سنی تعقیب ایدن سنەلرده اوقراينا سوسياليست اختلالکار فرقەسی تأسیس اولندی بونك افكار ونظرياتى عنى روس فرقەسنك اجتهاداتنه موافق و شیوردی.,وس اختلال عمم سنی تعقیب ایدن سنەلرده اوقراينا سوسكاليست اختلالير فرقەسی تأسیس اولندی بونك افكار نظريايى عنى زوس فرقەسنك اختهادابنه موافف و شیوردی.
223,4,روس ا ختلال عموم سثی تغقیب ایدن سنەلرده اوقراىن سوسكاليست اختلالکار فرقەسی نأشیس اولندی ثونك ىفكار ونظرياتى عفنى روس فرقەسنك اجتهاداتنه موفق و شیوردی.,روس اختلال عموم سنی تعقیب ایدن سنەلرده اوقراينا سوسياليست اختلالکار فرقەسی تأسیس اولندی بونك افكار ونظرياتى عنى روس فرقەسنك اجتهاداتنه موافق و شیوردی.,روس اختلال عمومسنی تعقیب ایدن سنەلرده اوقراينا سوسكاليست اختلالکار فرقەسی نأسیس اولندی بونك افكار ونظرياتى عفنى روس فرقەسنك اجتهاداتنه موفق و شیوردی.
223,5,روس احتلال عموم سنی تعقیب ایذن سنەلردة اوقراينا سوسياليست اختلالكار فرقەس تأسیس اولندی بونك افكار ونطرياتى عنىت روس فرقەسنك اجتهاداتنه مافق وشیوردی.,روس اختلال عموم سنی تعقیب ایدن سنەلرده اوقراينا سوسياليست اختلالکار فرقەسی تأسیس اولندی بونك افكار ونظرياتى عنى روس فرقەسنك اجتهاداتنه موافق و شیوردی.,روس احتلال عموم سنی تعقیب ایدن سنەلرده اوقراينا سوسياليست اختلالكار فرقەسنك اجتهاداتنه مافق وشیوردی.
223,6,وس اختلال عموم سنی تعقیت ایدن سنەلرده ىوقرايتا سوسياليشات اختللکار قرقەسی تأسیس اولندی بونك افكار ونظرياتصى عنى روس فرقەسنك احتهضىدىتنه موافق و شیوردی.,روس اختلال عموم سنی تعقیب ایدن سنەلرده اوقراينا سوسياليست اختلالکار فرقەسی تأسیس اولندی بونك افكار ونظرياتى عنى روس فرقەسنك اجتهاداتنه موافق و شیوردی.,وس اختلال عموم سنی تعقیت ایدن سنەلرده اوقراينا سوسياليشات اختللکار قرقەسی تأسیس اولندی بونك افكار ونظرياتى عنى روس فرقەسنك احتهاداتنه موافق و شیوردی.
223,7,روس اختلال عموم سنی تعقیب ایذن شنەلر ده اوقراىنا سوسىاليكست ختلالکار فرقەسی تأسیس اولدی بونك افكىز ونظرياتى عنى روس فرقەشنك اجتهاداتنه موافقإ و شیوردی.ي,روس اختلال عموم سنی تعقیب ایدن سنەلرده اوقراينا سوسياليست اختلالکار فرقەسی تأسیس اولندی بونك افكار ونظرياتى عنى روس فرقەسنك اجتهاداتنه موافق و شیوردی.,روس اختلال عموم سنی تعقیب ایدن سنەلرده اوقراينا سوساليكست ختلالکار فرقەسی تأسیس اولدی بونك افكار ونظرياتى عنى روس فرقەسنك اجتهاداتنه موافق و شیوردی.
223,8,روس اختلال عموم سنی تعقیب ایدن سنەلرده اوقرايىنا سوسيالست اختلالکار فرقەسی تأسیس اولندی بنك افكار ونظرياتى عنىر روسد فرەسنك اجتةادىتبه موافق وشیوردی.,روس اختلال عموم سنی تعقیب ایدن سنەلرده اوقراينا سوسياليست اختلالکار فرقەسی تأسیس اولندی بونك افكار ونظرياتى عنى روس فرقەسنك اجتهاداتنه موافق و شیوردی.,روس اختلال عموم سنی تعقیب ایدن سنەلرده اوقراينا سوسيالست اختلالکار فرقەسی تأسیس اولندی بنك افكار ونظرياتى عنار روس فرەسنك اجتهاديتنه موافق وشیوردی.
223,9,روس اختلال عموم سنی تعقیبخایدن سنەلرذه اوقراىنا سوسىن الىشن اختلالکار فرقەسی تأسیش ىولندیة بونك افكر وبظرياتي عنى روس فرقەسنکن اجتهاداتنه موافق و شیوردی.,روس اختلال عموم سنی تعقیب ایدن سنەلرده اوقراينا سوسياليست اختلالکار فرقەسی تأسیس اولندی بونك افكار ونظرياتى عنى روس فرقەسنك اجتهاداتنه موافق و شیوردی.,روس اختلال عموم سنی تعقیب خایدن سنەلرده اوقراينا سوسان اليسنك اختلالکار فرقەسی تأسیس اولندیه بونك افكر وبرياتي عنى روس فرقەسنك اجتهاداتنه موافق و شیوردی.
223,10,روس اختلال غموم سنی تعقیإب ایدن سنەلرده اقزينا سوسياليشت ىخت لاکار فرفەسی تأشیس اولندی بونك افکار ونظرياتي عنى ر وس فرقەسنك اجتهادابنه موافق و شیوردی.,روس اختلال عموم سنی تعقیب ایدن سنەلرده اوقراينا سوسياليست اختلالکار فرقەسی تأسیس اولندی بونك افكار ونظرياتى عنى روس فرقەسنك اجتهاداتنه موافق و شیوردی.,روس اختلال غموم سنی تعقیب ایدن سنەلرده اقرينا سوسياليشت اختلاكار فرقەسی تأسیس اولندی بونك افکار ونظرياتي عنى روس فرقەسنك اجتهادابنه موافق و شیوردی.
223,11,روس اختلال عموم سنی تعقیب ایدن سنەلرده ىوق رىينا سوسيالىست اختلالکار فرقەسی تأسیس اولندی بونك ىفيار ونظرياتى عنى روس فرقەنك اجتهادابنه موافق و شیروردی.,روس اختلال عموم سنی تعقیب ایدن سنەلرده اوقراينا سوسياليست اختلالکار فرقەسی تأسیس اولندی بونك افكار ونظرياتى عنى روس فرقەسنك اجتهاداتنه موافق و شیوردی.,روس اختلال عموم سنی تعقیب ایدن سنەلرده اوقراينا سوسياليست اختلالکار فرقەسی تأسیس اولندی بونك افيار ونظرياتى عنى روس فرقەنك اجتهادابنه موافق و شیروردی.
223,12,روس ىخنلال عموم سنی عقحیت ایدن سثەلرذه اوقراينا سوياليشت اختلالكار ف زقەسیز تأسیس اولنی بونك افكار ونظر ياثى عن روش فرقەسنك اجتهااتنه موقق و شیورد.,روس اختلال عموم سنی تعقیب ایدن سنەلرده اوقراينا سوسياليست اختلالکار فرقەسی تأسیس اولندی بونك افكار ونظرياتى عنى روس فرقەسنك اجتهاداتنه موافق و شیوردی.,روس اخنلال عموم سنی عقیت ایدن سنەلرده اوقراينا سوياليشت اختلالكار فرقەسی تأسیس اولنی بونك افكار ونظر ياثى عن روس فرقەسنك اجتهااتنه موقق و شیوردر.
223,13,روس اختلال عموم سی ت عقیب ادي سنەلرده اوفراينا سوشيىليست اختلالكار فرقەسی تأسیس اولندیبونك افكار ونظرياتى عني روس فرقەسنك اجتهاداتنه موافق و شیوردی.,روس اختلال عموم سنی تعقیب ایدن سنەلرده اوقراينا سوسياليست اختلالکار فرقەسی تأسیس اولندی بونك افكار ونظرياتى عنى روس فرقەسنك اجتهاداتنه موافق و شیوردی.,روس اختلال عموم سیت عقیب اديسنەلرده اوقراينا سوسياليست اختلالكار فرقەسی تأسیس اولندی بونك افكار ونظرياتى عنك روس فرقەسنك اجتهاداتنه موافق و شیوردی.
223,14,روس اخلال عمومسبی عقیب ىیدن سەلردة اوقرىين شوسيالكست اختلا لكار فرفەسی تأسیس اولندی بونك افكار ونظرياتا عنىز روس فرقەشنك اجتهاذاتن م وافق و شیوردی.,روس اختلال عموم سنی تعقیب ایدن سنەلرده اوقراينا سوسياليست اختلالکار فرقەسی تأسیس اولندی بونك افكار ونظرياتى عنى روس فرقەسنك اجتهاداتنه موافق و شیوردی.,روس اخلال عمومسی عقیب ایدن سەلرده اوقراينا شوسيالكست اختلالكار فرقەسی تأسیس اولندی بونك افكار ونظريات عناز روس فرقەسنك اجتهاداتنم وافق و شیوردی.
223,15,روس اختلال عموم سنی تقیب ایدي سثەلرده اوقراينا سوسياليست اختلالکار فرقەسی تأسیس اولندی بونك افكار ونظرياتى عنى روس فرقەسنك اجتهاداتنه موافق و شیوردی.,روس اختلال عموم سنی تعقیب ایدن سنەلرده اوقراينا سوسياليست اختلالکار فرقەسی تأسیس اولندی بونك افكار ونظرياتى عنى روس فرقەسنك اجتهاداتنه موافق و شیوردی.,روس اختلال عموم سنی تقیب ایديسنەلرده اوقراينا سوسياليست اختلالکار فرقەسی تأسیس اولندی بونك افكار ونظرياتى عنى روس فرقەسنك اجتهاداتنه موافق و شیوردی.
223,16,روش اختلال عموم سنی تعقیب ایدن سنەلرده اوقآزايناسوسي ايست اختلالک اغر فرقەسی تأسیسأ ىولندی بونك افكار ونظريىتى غنى روس فرفەسنك اجيهاداتنه موقق و ش یوردی.,روس اختلال عموم سنی تعقیب ایدن سنەلرده اوقراينا سوسياليست اختلالکار فرقەسی تأسیس اولندی بونك افكار ونظرياتى عنى روس فرقەسنك اجتهاداتنه موافق و شیوردی.,روس اختلال عموم سنی تعقیب ایدن سنەلرده اوقراينا سوسي ايست اختلالك اغر فرقەسی تأسیس اولندی بونك افكار ونظرياتى غنى روس فرقەسنك اجياداتنه موقق و شیوردی.
223,17,روس اختلا عوم سنی تعقیب ایدن سنەلرهظ اوقراينا وسياليسب اختلالکار فرقەسی تأسیش اولندی بونك افكارغ ونظرياتى عنى روش فرقەسنک اجتهاداثنه موافق و شیوردی.,روس اختلال عموم سنی تعقیب ایدن سنەلرده اوقراينا سوسياليست اختلالکار فرقەسی تأسیس اولندی بونك افكار ونظرياتى عنى روس فرقەسنك اجتهاداتنه موافق و شیوردی.,روس اختلاعوم سنی تعقیب ایدن سنەلره اوقراينا وسياليسب اختلالکار فرقەسی تأسیس اولندی بونك افكار ونظرياتى عنى روس فرقەسنك اجتهاداثنه موافق و شیوردی.
223,18,رو س اختلال عموم سنی تعقیب ایدن سنەلرده اوقراينى سوسيالىست اختىلک ار فرفەسی تأسیس اوکلندی بونك فكىز ونظريىتى عنى رو فنرقسيك اجتهادىتنه موافق و شیوردی,روس اختلال عموم سنی تعقیب ایدن سنەلرده اوقراينا سوسياليست اختلالکار فرقەسی تأسیس اولندی بونك افكار ونظرياتى عنى روس فرقەسنك اجتهاداتنه موافق و شیوردی.,روس اختلال عموم سنی تعقیب ایدن سنەلرده اوقراينا سوسياليست اختلال عموم سنی تعقیب ایدن سنەلرده اوقراينا سوسياليست اختلال عموم سنی تعقیب ایدن سنەلرده اوقراينا سوسياليست اختلال عموم سنی تعقیب ایدن سنەلرده اوقراينا سوسياليست اختلال عموم سنی تعقیب ایدن سنەلرده اوقراينا سوسياليست اخ
223,19,روس اختلال عموم سنیتعقیب ایدن سنەلردة اوقراىنا سفوسياليست اختلالکار ف رقەسی تأسیس اولتدی بونك افکار ونطزيىتى عنى روش رقسنكك اجتهاداتنه موافق و شیوردی.,روس اختلال عموم سنی تعقیب ایدن سنەلرده اوقراينا سوسياليست اختلالکار فرقەسی تأسیس اولندی بونك افكار ونظرياتى عنى روس فرقەسنك اجتهاداتنه موافق و شیوردی.,روس اختلال عموم سنی تعقیب ایدن سنەلرده اوقراينا سفوسياليست اختلالکار فرقەسی تأسیس اولتدی بونك افکار ونطرياتى عنى روس رقسنك اجتهاداتنه موافق و شیوردی.
289,0,حكومتك اييکص نجی دومایی داغ یتدقذن صيره كورك ونفى جزالرينه م حکوم ایدیلنآ اوقرىينا مبعوثلری حالا شيبرياه چوومکدەدزلر.,حكومتك ايكنجی دومایی داغیتدقدن صكره كورك ونفى جزالرينه محکوم ایدیلن اوقراينا مبعوثلری حالا سيبرياده چورومکدەدرلر.,حكومتك اييك نجی دومایی داغ یتدقدن صيره كورك ونفى جزالرينه محکوم ایدیلن اوقراينا مبعوثلری حالا شيبرياه چوومکدەدرلر.
289,1,حكو متکش ايکنجی دومایی داغیتدقدن صكر كوركونفى جزالرنهمحکوم ایدیلن اوفراينا مبعوثلری هالا سكبرياذه چورومکدەدرر.,حكومتك ايكنجی دومایی داغیتدقدن صكره كورك ونفى جزالرينه محکوم ایدیلن اوقراينا مبعوثلری حالا سيبرياده چورومکدەدرلر.,حكومتکش ايکنجی دومایی داغیتدقدن صكر كوركونفى جزالرنه محکوم ایدیلن اوقراينا مبعوثلری هالا سكبرياده چورومکدەدر.
289,2,هكومتك ايكنجی دومایی داغیتدخقدن صكره كورك ونى جزا لرينهمحکوم ایدیلن اوقراينا مبغو ثلری حالا سيبريادجه چوروميدەدرلإر.,حكومتك ايكنجی دومایی داغیتدقدن صكره كورك ونفى جزالرينه محکوم ایدیلن اوقراينا مبعوثلری حالا سيبرياده چورومکدەدرلر.,هكومتك ايكنجی دومایی داغیت دخقدن صكره كورك ونى جزالرينه محکوم ایدیلن اوقراينا مبعوثلری حالا سيبريادجه چوروميدەدرلر.
289,3,حك ومتك ايكنجی دنویی داغیتدقدن صكرهکورك ونفى جزالرينه محکوم ایدیلن اوقرايظنا مبعوثلری حالا سيبرياده چورومكدەدرلر.,حكومتك ايكنجی دومایی داغیتدقدن صكره كورك ونفى جزالرينه محکوم ایدیلن اوقراينا مبعوثلری حالا سيبرياده چورومکدەدرلر.,حكومتك ايكنجی دنویی داغیتدقدن صكره کورك ونفى جزالرينه محکوم ایدیلن اوقراينا مبعوثلری حالا سيبرياده چورومكدەدرلر.
289,4,هكومتك اىكنجی دوماکیی د اإغیتدقىدث صکرة كورك ونفى جزالريه محکوم ایدیلن اوقراي نا مبعوبلری حالى سي برياده چو رومکدەدرلر.,حكومتك ايكنجی دومایی داغیتدقدن صكره كورك ونفى جزالرينه محکوم ایدیلن اوقراينا مبعوثلری حالا سيبرياده چورومکدەدرلر.,هكومتك ايكنجی دوماکیی داغیت دقادن صکره كورك ونفى جزالريه محکوم ایدیلن اوقراينا مبعوبلری حالى سيت برياده چورومکدەدرلر.
289,5,حكومتك ىيكنجی دومىیی داغیتدقدن صكر كورك ونفى جزالرينهمظکوم ایدیلن اوقراينا معوثلری هىلا سيبزياده چورومکدەدر لر.,حكومتك ايكنجی دومایی داغیتدقدن صكره كورك ونفى جزالرينه محکوم ایدیلن اوقراينا مبعوثلری حالا سيبرياده چورومکدەدرلر.,حكومتك ايكنجی دومایی داغیتدقدن صكر كورك ونفى جزالرينه مظکوم ایدیلن اوقراينا معوثلری هالا سيبرياده چورومکدەدرلر.
289,6,حكومتك ايکنج دومایی داغیتدقدن صكزه كورك ونفى جزالرينه محکوم ایدیلن اوقرايتا م بعوثلری حالا سيبرياده چورومکدەدرلر,حكومتك ايكنجی دومایی داغیتدقدن صكره كورك ونفى جزالرينه محکوم ایدیلن اوقراينا مبعوثلری حالا سيبرياده چورومکدەدرلر.,حكومتك ايکنج دومایی داغیتدقدن صكزه كورك ونفى جزالرينه محکوم ایدیلن اوقراينا مبعوثلری حالا سيبرياده چورومکدەدرلر.
289,7,حكومك ايكنجی دومایی داغیتدقدنع صكره كوررك ونفى جزالري نه محکوم ایدیلن اوقراينا مبعوثلری حالا سيبرياده چوزمکەدرلر.,حكومتك ايكنجی دومایی داغیتدقدن صكره كورك ونفى جزالرينه محکوم ایدیلن اوقراينا مبعوثلری حالا سيبرياده چورومکدەدرلر.,حكومك ايكنجی دومایی داغیت دقدن صكره كوررك ونفى جزالرينه محکوم ایدیلن اوقراينا مبعوثلری حالا سيبرياده چوزمکەدرلر.
289,8,حكومتك ايكنجی دومایی دىغیتدقدن صكره كورك ونفا جزالرينه محکو ایدیلعن اوقراينا مبعوثلری حالا سيبراده چوومکد ەذرلر.,حكومتك ايكنجی دومایی داغیتدقدن صكره كورك ونفى جزالرينه محکوم ایدیلن اوقراينا مبعوثلری حالا سيبرياده چورومکدەدرلر.,حكومتك ايكنجی دومایی داغیتدقدن صكره كورك ونفا جزالرينه محکو ایدیلن اوقراينا مبعوثلری حالا سيبراده چوومکدەدرلر.
289,9,حكومتك ايكنجی دومایبی داغیتدقدن صکره كوركونفى جرارينه محکوم یدیلن اوقراينا مبعوثلری حالا سکبرىاده چ ورومکدەدرر.,حكومتك ايكنجی دومایی داغیتدقدن صكره كورك ونفى جزالرينه محکوم ایدیلن اوقراينا مبعوثلری حالا سيبرياده چورومکدەدرلر.,حكومتك ايكنجی دومایبی داغیتدقدن صکره كوركونفى جرارينه محکوم یدیلن اوقراينا مبعوثلری حالا سکبرااده چورومکدەدر.
289,10,حكومتكى يكنجی دومایی ذعیتدقدن صكره كورك ونفى جزالريثنة محکو ایدیلن اوقراينا مبعوثلزی هالا شيبرياده چور ومکدەدرلر.,حكومتك ايكنجی دومایی داغیتدقدن صكره كورك ونفى جزالرينه محکوم ایدیلن اوقراينا مبعوثلری حالا سيبرياده چورومکدەدرلر.,حكومتكى يكنجی دومایی دعیتدقدن صكره كورك ونفى جزالرينه محکو ایدیلن اوقراينا مبعوثلری هالا شيبرياده چور ومکدەدرلر.
289,11,حكومتك ايكنجی دومایی داغیتدقدن صكرة كورك ونفي جزىلرينه محکوم یدیلن اوقزاي نا مبعوثلری حالا سىبرياده چوروميدەدرلر.,حكومتك ايكنجی دومایی داغیتدقدن صكره كورك ونفى جزالرينه محکوم ایدیلن اوقراينا مبعوثلری حالا سيبرياده چورومکدەدرلر.,حكومتك ايكنجی دومایی داغیتدقدن صكره كورك ونفي جزالرينه محکوم یدیلن اوقراينا مبعوثلری حالا سابرياده چوروميدەدرلر.
289,12,حومتك اككنج ی دومایی داعیتدقدن صكره كورك وفى جزالرينةمحکوم ایدیلن او قراينا مبغوثلری ح الا سيبرياده چوومکدەدرلر.,حكومتك ايكنجی دومایی داغیتدقدن صكره كورك ونفى جزالرينه محکوم ایدیلن اوقراينا مبعوثلری حالا سيبرياده چورومکدەدرلر.,حومتك ايكنجی دومایی داعیتدقدن صكره كورك وفاجزالرينه محکوم ایدیلن اوقراينا مبعوثلری حالا سيبرياده چوومکدەدرلر.
289,13,حکومتک ايكنجی دوای داغیتدقدن صكره كوزكونفى جزالرينة محکوم ایدیلن اوقراينا مبعوثلری حالا سيرياده چورومکدەدرلر.,حكومتك ايكنجی دومایی داغیتدقدن صكره كورك ونفى جزالرينه محکوم ایدیلن اوقراينا مبعوثلری حالا سيبرياده چورومکدەدرلر.,حکومتك ايكنجی دوای داغیتدقدن صكره كوركونفى جزالرينه محکوم ایدیلن اوقراينا مبعوثلری حالا سيرياده چورومکدەدرلر.
289,14,حكومك ايكنجی دومیی داغذیتدقد ن صكره كورك ونفي جزالرينه محکوم ایدیلناوقراينا مبعوثلری حالا سيبرياده چوروم کدەدرلر.,حكومتك ايكنجی دومایی داغیتدقدن صكره كورك ونفى جزالرينه محکوم ایدیلن اوقراينا مبعوثلری حالا سيبرياده چورومکدەدرلر.,حكومك ايكنجی دومیی داغیتدقدن صكره كورك ونفي جزالرينه محکوم ایدیلن اوقراينا مبعوثلری حالا سيبرياده چوروم کدەدرلر.
289,15,حكومتك اکبکنج دومایی ذایتدقدن صكرةغ كوزك ونفى جزال رينه محکم ایدیلن اوقراينا مبعوثلری حالا سيبريادة چورومکدەتدزلر.,حكومتك ايكنجی دومایی داغیتدقدن صكره كورك ونفى جزالرينه محکوم ایدیلن اوقراينا مبعوثلری حالا سيبرياده چورومکدەدرلر.,حكومتك ايبينج دومایی دایتدقدن صكره كورك ونفى جزالرينه محکم ایدیلن اوقراينا مبعوثلری حالا سيبرياده چورومکدەتدرلر.
289,16,حكومتک ايكنجی دومىی داغیتدقدن صكرة ك ورك ونفا جزالرينه محکوم ایدیلن اوقرىينا ميعوثثلریحالا سيب زياده چورومکدەدرلر.,حكومتك ايكنجی دومایی داغیتدقدن صكره كورك ونفى جزالرينه محکوم ایدیلن اوقراينا مبعوثلری حالا سيبرياده چورومکدەدرلر.,حكومتك ايكنجی دومای داغیتدقدن صكره كورك ونفا جزالرينه محکوم ایدیلن اوقراينا ميعوثلری حالا سيب زياده چورومکدەدرلر.
289,17,حضكومتك ىيأكنجی ذومای داعیتدقدن صكره كوزك ونفى جزالري نه محکوم ایدیلن اوقرينا مبعو ثلری حال ا يبرىاده چورومکدەدرلر.,حكومتك ايكنجی دومایی داغیتدقدن صكره كورك ونفى جزالرينه محکوم ایدیلن اوقراينا مبعوثلری حالا سيبرياده چورومکدەدرلر.,حكومتك ايأكنجی دومای داعیتدقدن صكره كورك ونفى جزالرينه محکوم ایدیلن اوقراينا مبعوثلری حال ايبراده چورومکدەدرلر.
289,18,هکومتك ايكنجی دومایی داغیتدقدن صيره كوري ونفى جزالرينه مهکومایدیلن اوقراينا مأبعوثلری حىلاسيبرياد ه چدورومکدەذرر.,حكومتك ايكنجی دومایی داغیتدقدن صكره كورك ونفى جزالرينه محکوم ایدیلن اوقراينا مبعوثلری حالا سيبرياده چورومکدەدرلر.,هکومتك ايكنجی دومایی داغیتدقدن صيره كورين ونفى جزالرينه مهکوم ایدیلن اوقراينا مأبعوثلری حالاسي برياده چدورومکدەدر.
289,19,حكومتك ايكنجی دومایی داغیتذقد ن صكره كوري ونى ج زالرينة محکوم ایدین اوقراينا مبعوثلری حالا سيبرياده وزومکدەدزلر.,حكومتك ايكنجی دومایی داغیتدقدن صكره كورك ونفى جزالرينه محکوم ایدیلن اوقراينا مبعوثلری حالا سيبرياده چورومکدەدرلر.,حكومتك ايكنجی دومایی داغیت دقدن صكره كوريونى جزالرينه محکوم ایدین اوقراينا مبعوثلری حالا سيبرياده وزومکدەدرلر.
94,0,اوقراینایی استقبالده پولونيانك تجىوزاتنه قازشو محاظه ومداقعه ایدەبيلمك ايچوحن (شـمەليتكى) دولت عثمانیە دن وترانسيلوانيا =إ(اردەل) حكومتنهدن طلب معاونت ايلى .,اوقراینایی استقبالده پولونيانك تجاوزاتنه قارشو محافظه ومدافعه ایدەبيلمك ايچون (شـمەليتسكى) دولت عثمانیەدن وترانسيلوانيا =(اردەل) حكومتندن طلب معاونت ايلدى .,اوقراینایی استقبالده پولونيانك تجاوزاتنه قارشو محاظه ومداقعه ایدەبيلمك ايچوحن (شـمەليتكى) دولت عثمانیەدن وترانسيلوانيا ! (اردەل) حكومتنه دن طلب معاونت ايلى .
94,1,اوقرایاییاستقبالده پولونيانك تجاوزاتنه قارشو محاظه ومدىفعه ایدەبكلمك ايچون (شـمەليتسكى) ذولت عثمافنیەدن وترانسکلوانيا =اردەل) حكومتندن طلب مغاونت ل دى .,اوقراینایی استقبالده پولونيانك تجاوزاتنه قارشو محافظه ومدافعه ایدەبيلمك ايچون (شـمەليتسكى) دولت عثمانیەدن وترانسيلوانيا =(اردەل) حكومتندن طلب معاونت ايلدى .,اوقراینایی استقبالده پولونيانك تجاوزاتنه قارشو محاظه ومدافعه ایدەبيلمك ايچون (شـمەليتسكى) دولت عثمافنیەدن وترانسکلوانيا ! اردەل) حكومتندن طلب معاونتلدى.
94,2,اوقراینایی ىستقإبالده پولونياسنكتجاوزىتنه قارشو محافظه ومذافه ایدەبىلمكع اآيچثون (شـمەليتشكى) دولت عثمانتیەدن وترابسيوانيا =(اردەل) حكومتيدن طلب معاونت ىيلدا .,اوقراینایی استقبالده پولونيانك تجاوزاتنه قارشو محافظه ومدافعه ایدەبيلمك ايچون (شـمەليتسكى) دولت عثمانیەدن وترانسيلوانيا =(اردەل) حكومتندن طلب معاونت ايلدى .,اوقراینایی استقبالده پولونياسنك تجاوزاتنه قارشو محافظه ومدافه ایدەبالمك ايچون (شـمەليتشكى) دولت عثمانتیەدن وترابسيوانيا !(اردەل) حكومتيدن طلب معاونت ايلدى.
94,3,اوقراینیی استفبالده پولونيانك تجازاتنه فارشو محافظه ومدافعة ایدزەبيلمك ايچون (شـمەليتسکى) دولت عثمانیەدب وتزانفس يلوانيا =(اردەل) حكومتندن طلب معهاونت ايلدى .,اوقراینایی استقبالده پولونيانك تجاوزاتنه قارشو محافظه ومدافعه ایدەبيلمك ايچون (شـمەليتسكى) دولت عثمانیەدن وترانسيلوانيا =(اردەل) حكومتندن طلب معاونت ايلدى .,اوقراینایی استفبالده پولونيانك تجاراتنه فارشو محافظه ومدافعه ایدرەبيلمك ايچون (شـمەليتسکى) دولت عثمانیەدن وتزانفس يلوانيا !(اردەل) حكومتندن طلب معه اونت ايلدى.
94,4,اوقزاینایی استقبالدة پولونيانك تجاوزاتنه قارش محافظه ومافع ه ایدەبيلمك ايچون (شـمەليتسكي) دولت عثنیەدن تانسيلوانيى =(اردەل) حكومتندن طلت معاونتايلدى .,اوقراینایی استقبالده پولونيانك تجاوزاتنه قارشو محافظه ومدافعه ایدەبيلمك ايچون (شـمەليتسكى) دولت عثمانیەدن وترانسيلوانيا =(اردەل) حكومتندن طلب معاونت ايلدى .,اوقراینایی استقبالده پولونيانك تجاوزاتنه قارش محافظه ومافعه ایدەبيلمك ايچون (شـمەليتسكي) دولت عثنیەدن تانسيلوانيى !(اردەل) حكومتندن طلت معاونتايلدى.
94,5,اوقراینایی ىستقبلده پولونيى نك تجاوزاتنة قارشو محافظه ومدافعه ایەبيلمي ايچون (شـمەليتسكى) دولت عثانیەدن وترانسيلوانيا =(اردەل) حكومجتندن طلب م غىونت ايلدى .,اوقراینایی استقبالده پولونيانك تجاوزاتنه قارشو محافظه ومدافعه ایدەبيلمك ايچون (شـمەليتسكى) دولت عثمانیەدن وترانسيلوانيا =(اردەل) حكومتندن طلب معاونت ايلدى .,اوقراینایی استقبلده پولونيا نك تجاوزاتنه قارشو محافظه ومدافعه ایەبيلمك ايچون (شـمەليتسكى) دولت عثانیەدن وترانسيلوانيا =(اردەل) حكومتندن طلب معاونت ايلدى.
94,6,اوقراینایی استقبىلده پولونىانك ت جاوزاتنه قارشو محىفظه ومدافع ه ایدەبيلم ك ايچوي (ش ـمەلىتسكى) دولت عثمانیەدن وترانسيلوانيا =(اردەل) حكومتبدن طلب معاونت ايلدى .,اوقراینایی استقبالده پولونيانك تجاوزاتنه قارشو محافظه ومدافعه ایدەبيلمك ايچون (شـمەليتسكى) دولت عثمانیەدن وترانسيلوانيا =(اردەل) حكومتندن طلب معاونت ايلدى .,اوقراینایی استقبالده پولوناانك تجاوزاتنه قارشو محافظه ومدافعه ایدەبيلمك ايچون (شـمەلاتسكى) دولت عثمانیەدن وترانسيلوانيا !(اردەل) حكومتبدن طلب معاونت ايلدى.
94,7,اوقراینایی اشتقبالده پولونيانك تجاوزاتنة قىرشو محافظه ومدفعه ایدەبيلمك ىيچوب (شـمەليتسكى) دولت عثمانیەدن وترانشيوانيا =(ازدەل) حكومتندن طلن معاونت ايلدى .,اوقراینایی استقبالده پولونيانك تجاوزاتنه قارشو محافظه ومدافعه ایدەبيلمك ايچون (شـمەليتسكى) دولت عثمانیەدن وترانسيلوانيا =(اردەل) حكومتندن طلب معاونت ايلدى .,اوقراینایی استقبالده پولونيانك تجاوزاتنه قارشو محافظه ومدفعه ایدەبيلمك ايچوب (شـمەليتسكى) دولت عثمانیەدن وترانسيوانيا =(اردەل) حكومتندن طلن معاونت ايلدى.
94,8,اوقراینای استقبالده پولونيانك تجاورزاتنة قارشو حظه ومدافع ایدەبيلمك ايچون (شـمەليتسكى) دوت عثمىنیەدن ويرىنسيلوانيا =(اردەل) حكومجتندن طلي مغىونت ايلدي .,اوقراینایی استقبالده پولونيانك تجاوزاتنه قارشو محافظه ومدافعه ایدەبيلمك ايچون (شـمەليتسكى) دولت عثمانیەدن وترانسيلوانيا =(اردەل) حكومتندن طلب معاونت ايلدى .,اوقراینای استقبالده پولونيانك تجاورزاتنه قارشو حظه ومدافع ایدەبيلمك ايچون (شـمەليتسكى) دوت عثمانیەدن ويرانسيلوانيا !(اردەل) حكومجتندن طلي معاونت ايلدى.
94,9,اوقراینایی استقبالذه پولونيانك تحاوزاتنة قظارشو محاقظة ومدافعة ایدەبيلمك ايچون (شـمەليتسكى) دولت عةثانیەدن وترانسيلوانيا =(ىردەل) حكومتنذن طلب غاوثت ىعيلةديث .,اوقراینایی استقبالده پولونيانك تجاوزاتنه قارشو محافظه ومدافعه ایدەبيلمك ايچون (شـمەليتسكى) دولت عثمانیەدن وترانسيلوانيا =(اردەل) حكومتندن طلب معاونت ايلدى .,اوقراینایی استقبالده پولونيانك تحاوزاتنه قطارشو محاقطه ومدافعه ایدەبيلمك ايچون (شـمەليتسكى) دولت عثانیەدن وترانسيلوانيا !(اردەل) حكومتندن طلب غاوت اعيله دين.
94,10,اوقراینایی استقبالده پولونيانك بجاوزاتنه قارشو محافظه ومدافعه ایدەبيلمك ايچون(شـمەلكتسكا) دولت عثمانیەدن وراتسيوانيا =(اردەل) حكومتبدن طلب معاوت ايلدى .,اوقراینایی استقبالده پولونيانك تجاوزاتنه قارشو محافظه ومدافعه ایدەبيلمك ايچون (شـمەليتسكى) دولت عثمانیەدن وترانسيلوانيا =(اردەل) حكومتندن طلب معاونت ايلدى .,اوقراینایی استقبالده پولونيانك بجاوزاتنه قارشو محافظه ومدافعه ایدەبيلمك ايچون (شـمەلكتسكا) دولت عثمانیەدن وراتسيوانيا !(اردەل) حكومتبدن طلب معاوت ايلدى.
94,11,اوقراینایی استقبالده پولونيان ت جاوزاتنه قارشو محافظة ومدافعة ایذەبيلك ايچون (شمەلکتسکى) دول عثمايیەدن وترانسيلوانىا =(اردەل) حكومتندن طلب معاونت ايلذى .,اوقراینایی استقبالده پولونيانك تجاوزاتنه قارشو محافظه ومدافعه ایدەبيلمك ايچون (شـمەليتسكى) دولت عثمانیەدن وترانسيلوانيا =(اردەل) حكومتندن طلب معاونت ايلدى .,اوقراینایی استقبالده پولونيان تجاوزاتنه قارشو محافظه ومدافعه ایدەبيلك ايچون (شمەلکتسکى) دول عثمايیەدن وترانسيلوانى !(اردەل) حكومتندن طلب معاونت ايلدى.
94,12,اوقرایناكیی استقنالده پولون يانک تجاوزاتنه قارششو محافظة ومدافعه ایدەبيلمك ايچون (شـمەليتسكى) دول عثمانیەدن وترانسيلو انيا = (اردەل) ح كومتندن طلب معاونت ايلدى .,اوقراینایی استقبالده پولونيانك تجاوزاتنه قارشو محافظه ومدافعه ایدەبيلمك ايچون (شـمەليتسكى) دولت عثمانیەدن وترانسيلوانيا =(اردەل) حكومتندن طلب معاونت ايلدى .,اوقراینایی استقنالده پولون يانك تجاوزاتنه قارشو محافظه ومدافعه ایدەبيلمك ايچون (شـمەليتسكى) دول عثمانیەدن وترانسيلو انيا = (اردەل) حكومتندن طلب معاونت ايلدى.
94,13,اوقراینایی استقبالده پولونىاتک تجاوزات نه قازشو محافظه ومدافعه ىیدەبيلمك ايچون (شـم ەليتسكى) دولت عثمنیە دنوترانسيلوانيا = (اردەل) حكومتندن طلي معا نب ايلى,اوقراینایی استقبالده پولونيانك تجاوزاتنه قارشو محافظه ومدافعه ایدەبيلمك ايچون (شـمەليتسكى) دولت عثمانیەدن وترانسيلوانيا =(اردەل) حكومتندن طلب معاونت ايلدى .,اوقراینایی استقبالده پولوناتك تجاوزاتنه قارشو محافظه ومدافعه ایدەبيلمك ايچون (شـمەليتسكى) دولت عثمنیە دن وترانسيلوانيا = (اردەل) حكومتندن طلي معانب ايلى
94,14,اوقزایىییباستفبالدة پولونکانك تجازاتنه قارشو محافظة ومدافعه ایدەبيلم ك ايچون (شـمەليتسكى) دولت عثمانیەدن وترانسيلوانىا =(اردەل حكومتنذن طلب معاونب ايلدى .,اوقراینایی استقبالده پولونيانك تجاوزاتنه قارشو محافظه ومدافعه ایدەبيلمك ايچون (شـمەليتسكى) دولت عثمانیەدن وترانسيلوانيا =(اردەل) حكومتندن طلب معاونت ايلدى .,اوقراینایی باستفبالده پولونيانك تجاراتنه قارشو محافظه ومدافعه ایدەبيلمك ايچون (شـمەليتسكى) دولت عثمانیەدن وترانسيلوانى !(اردەل حكومتندن طلب معاونب ايلدى.
94,15,اوقزاینایی است قبالده پولوبيانك تجاوزاتنة قارشو محافظه ومدفه ایدەبيلمك ايچون (شـمەلکتسكى) دولت عثمانیەذن ورانسيلوانکى =(اردەل) حكومتند طلب معاونت ايلدى .,اوقراینایی استقبالده پولونيانك تجاوزاتنه قارشو محافظه ومدافعه ایدەبيلمك ايچون (شـمەليتسكى) دولت عثمانیەدن وترانسيلوانيا =(اردەل) حكومتندن طلب معاونت ايلدى .,اوقراینایی است قبالده پولونيانك تجاوزاتنه قارشو محافظه ومدفه ایدەبيلمك ايچون (شـمەلکتسكى) دولت عثمانیەدن ورانسيلوانك !(اردەل) حكومتنده طلب معاونت ايلدى.
94,16,اوقراینایی استقبال ده پولونيانكتجاوزاتنه قازوس محافظه ومدفعه ایدەبيلمك ىيچون (شـمەليتسيى) دولت غثمانیەدن وتران سيلوانيا =(اردەل) حكمتندن طلب معاوتتايلدى .,اوقراینایی استقبالده پولونيانك تجاوزاتنه قارشو محافظه ومدافعه ایدەبيلمك ايچون (شـمەليتسكى) دولت عثمانیەدن وترانسيلوانيا =(اردەل) حكومتندن طلب معاونت ايلدى .,اوقراینایی استقبال ده پولونيانك تجاوزاتنه قاروس محافظه ومدفعه ایدەبيلمك ايچون (شـمەليتسيى) دولت غثمانیەدن وتران سيلوانيا !(اردەل) حكمتندن طلب معاوتتايلدى.
94,17,اوقراینایی استقبالده پولونىانك تجاوزانه فارشو محاقظه ودافعه ایدەبيلمك ايچون (ـمەلينسك) دولت عصثمانیەدن وترانسيطلانيا =(اردەل) حكومتندن طلبمعاونت ايلدى,اوقراینایی استقبالده پولونيانك تجاوزاتنه قارشو محافظه ومدافعه ایدەبيلمك ايچون (شـمەليتسكى) دولت عثمانیەدن وترانسيلوانيا =(اردەل) حكومتندن طلب معاونت ايلدى .,اوقراینایی استقبالده پولوناانك تجاوزانه فارشو محاقطه ودافعه ایدەبيلمك ايچون (ـمەلينسك) دولت عصثمانیەدن وترانسيطلانيا =(اردەل) حكومتندن طلب معاونت ايلدى.
94,18,اقر ىینایی استقبالده پولونيانك تجاوراتنه قارشو محافظه وةمذافعه ایدەبيلمك ايچوب (شـذمليتسكى) دولب عثمانیەدن وترا انسيلو انيا =(اردەل) حومتثد طلب مغاونت اكلدى .,اوقراینایی استقبالده پولونيانك تجاوزاتنه قارشو محافظه ومدافعه ایدەبيلمك ايچون (شـمەليتسكى) دولت عثمانیەدن وترانسيلوانيا =(اردەل) حكومتندن طلب معاونت ايلدى .,اقراینایی استقبالده پولونيانك تجاوراتنه قارشو محافظه ومدافعه ایدەبيلمك ايچوب (شـدمليتسكى) دولب عثمانیەدن وتراس انسيلو انيا !(اردەل) حومتد طلب معاونت ايلدى.
94,19,اوقراینایی ا ستقبالده پولونكانك تجاوزاتنه قارشو محافظه ودافعة ایدەبيجلمكايچون (شـمەليتسکى) دولت عثمایەدن وترانسيلوانيا =(اردەل) حكومتندن طلب معاونت ايلدى .,اوقراینایی استقبالده پولونيانك تجاوزاتنه قارشو محافظه ومدافعه ایدەبيلمك ايچون (شـمەليتسكى) دولت عثمانیەدن وترانسيلوانيا =(اردەل) حكومتندن طلب معاونت ايلدى .,اوقراینایی استقبالده پولونكانك تجاوزاتنه قارشو محافظه ودافعه ایدەبيجلمك ايچون (شـمەليتسکى) دولت عثمایەدن وترانسيلوانيا !(اردەل) حكومتندن طلب معاونت ايلدى.
46,0,و تاريخدن اول اقوام مذکوره آنجق (اوقراينا نک جسيم اورمانلر ايلة مستور حوالی شمالیەسندقه ساکن بونمتقده ايديلر.,او تاريخدن اول اقوام مذکوره آنجق (اوقراينا) نك جسيم اورمانلر ايله مستور حوالی شمالیەسنده ساکن بولنمتقده ايديلر.,و تاريخدن اولاقوام مذکوره آنجق (اوقراينانك جسيم اورمانلر ايله مستور حوالی شمالیەسنده ساکن بونمتقده ايديلر.
46,1,او تايخدن اول اقوام مذکوره آنجق اروقراينا) نك خسيم اورمانلر اي له مسيور حوالیغ شمالیەسنده ساکن بولنمکتقده ايديلر.,او تاريخدن اول اقوام مذکوره آنجق (اوقراينا) نك جسيم اورمانلر ايله مستور حوالی شمالیەسنده ساکن بولنمتقده ايديلر.,او تايخدن اولك اقوام مذکوره آنجق اروقراينا) نك خسيم اورمانلر ايله مسيور حوالیغ شمالیەسنده ساکن بولنمکتقده ايديلر.
46,2,ىو تاريخذن اول ىقوام مذکوريه آنجق (اوقرىينا) ك جسيم اورمانلر ايىلة مستور حو الی شمالیەسند ساكن بولمتقده ىيديلر .,او تاريخدن اول اقوام مذکوره آنجق (اوقراينا) نك جسيم اورمانلر ايله مستور حوالی شمالیەسنده ساکن بولنمتقده ايديلر.,او تاريخدن اولك اقوام مذکوريه آنجق (اوقراينا) ك جسيم اورمانلر اياله مستور حوالی شمالیەسنده ساكن بولمتقده ايديلر.
46,3,او تىريخدن اول اقوىم مذکزه آجق (اوقايا) نكد جسيماورمانلر ايله مستور حوالی شمالیەسنده س اکن بولنمتقدة ايدي لر.,او تاريخدن اول اقوام مذکوره آنجق (اوقراينا) نك جسيم اورمانلر ايله مستور حوالی شمالیەسنده ساکن بولنمتقده ايديلر.,او تاريخدن اولك اقوام مذکزه آجق (اوقراينا) نك جسيم اورمانلر ايله مستور حوالی شمالیەسنده ساکن بولنمتقده ايديلر.
46,4,اوتاريخدن اول اقوام مذکورهآنجق (اورا ين) نك جسيم اورمانلر اله مسيتوز حوالی شمالیەسندة ساين بولنمتقده ايدکلر .,او تاريخدن اول اقوام مذکوره آنجق (اوقراينا) نك جسيم اورمانلر ايله مستور حوالی شمالیەسنده ساکن بولنمتقده ايديلر.,اوتاريخدن اول اقوام مذکوره آنجق (اوراين) نك جسيم اورمانلر اله مسيتور حوالی شمالیەسنده ساين بولنمتقده ايديلر.
46,5,او تاريخدن اول افوام مذک وره آنجق (اوقراينا) نك جسيم ورانر ايله مستور حوىی شمالیەسنده ساکن بولنمزتقده ايدکل.,او تاريخدن اول اقوام مذکوره آنجق (اوقراينا) نك جسيم اورمانلر ايله مستور حوالی شمالیەسنده ساکن بولنمتقده ايديلر.,او تاريخدن اولك افوام مذکوره آنجق (اوقراينا) نك جسيم ورانر ايله مستور حوای شمالیەسنده ساکن بولنمزتقده ايديلر.
46,6,او تاريخدن اولاقوام مذکوره آنجق (اوقراينا) نك جسيم ىورمانلر ايله مستوةر حوالی شمالیەسنده ساکت بولنمتقده يدط يلر.,او تاريخدن اول اقوام مذکوره آنجق (اوقراينا) نك جسيم اورمانلر ايله مستور حوالی شمالیەسنده ساکن بولنمتقده ايديلر.,او تاريخدن اولاقوام مذکوره آنجق (اوقراينا) نك جسيم اورمانلر ايله مستوهر حوالی شمالیەسنده ساکت بولنمتقده يديلر.
46,7,او تاريخ دن اول اقوام مذکوقره آنجق(اوقراينا) نك جسيم اورمانلر ايله مسور حوظالی شما لیەسنده ساکنز بولنمتقده ايديلر.,او تاريخدن اول اقوام مذکوره آنجق (اوقراينا) نك جسيم اورمانلر ايله مستور حوالی شمالیەسنده ساکن بولنمتقده ايديلر.,او تاريخدن اولك اقوام مذکوقره آنجق (اوقراينا) نك جسيم اورمانلر ايله مسور حوالی شمالیەسنده ساکنز بولنمتقده ايديلر.
46,8,او تاريخدن اول اقوام مذکوره آنجق (اوقراينا) نك ج شيم ىورانلرب يله مستور هوالی شمالیەسنده سىکن بولنمتق ده اذيلر.,او تاريخدن اول اقوام مذکوره آنجق (اوقراينا) نك جسيم اورمانلر ايله مستور حوالی شمالیەسنده ساکن بولنمتقده ايديلر.,او تاريخدن اولاقوام مذکوره آنجق (اوقراينا) نك جشيم اورانلرنيله مستور هوالی شمالیەسنده ساکن بولنمتقده اديلر.
46,9,او تريخدن اول اقوىم مذکوره آنجق (اوقرانا) نك جسيم اورمانلر اىله مستور والی شمىلیەسنده ساکن بولنمتقدة ايديلر.,او تاريخدن اول اقوام مذکوره آنجق (اوقراينا) نك جسيم اورمانلر ايله مستور حوالی شمالیەسنده ساکن بولنمتقده ايديلر.,او تريخدن اولك اقوام مذکوره آنجق (اوقراينا) نك جسيم اورمانلر ايله مستور والی شمالیەسنده ساکن بولنمتقده ايديلر.
46,10,او تاريخدن اولاقوام مذکوره آنجق (ىوقراينا) نك جسىم اورمانلر ايله متر حواعلی شمالیەسنده سا کنبولنمت قدة ايديلر.,او تاريخدن اول اقوام مذکوره آنجق (اوقراينا) نك جسيم اورمانلر ايله مستور حوالی شمالیەسنده ساکن بولنمتقده ايديلر.,او تاريخدن اولاقوام مذکوره آنجق (اوقراينا) نك جسام اورمانلر ايله متر حواعلی شمالیەسنده ساکن بولنمت قده ايديلر.
46,11,او اريخدت اول اقوام مذکوره آنجق (اوقرىينا) نك جسيم اورما لر ىيلهص مستور حوا لی شمالیەسنذه اکن بولنمتقذه ايديلر,او تاريخدن اول اقوام مذکوره آنجق (اوقراينا) نك جسيم اورمانلر ايله مستور حوالی شمالیەسنده ساکن بولنمتقده ايديلر.,او اريخدت اول اقوام مذکوره آنجق (اوقراينا) نك جسيم اورمالر ايله مستور حوالی شمالیەسنده اين بولنمتقده ايديلر.
46,12,او تار يخدن اول اقوام مذکوره آنجق (ىوقراينا) نك جسيم ىورما نل ايله م ستور حوالی شمالیەهسنده شباکن بولنمتده ا يديلر.,او تاريخدن اول اقوام مذکوره آنجق (اوقراينا) نك جسيم اورمانلر ايله مستور حوالی شمالیەسنده ساکن بولنمتقده ايديلر.,او تاريخدن اوله اقوام مذکوره آنجق (اوقراينا) نك جسيم اورمانله ايله مستور حوالی شمالیەسنده شباين بولنمتده ايديلر.
46,13,او تاريدن اول اقوام مذکوره آج (ىوقراينا نك جسيم اورمان لر ايله مستور حو الی شمالیەسنده اکن بولنمتقده ايديلر.,او تاريخدن اول اقوام مذکوره آنجق (اوقراينا) نك جسيم اورمانلر ايله مستور حوالی شمالیەسنده ساکن بولنمتقده ايديلر.,او تاريدن اولك اقوام مذکوره آج (اوقراينانك جسيم اورمانلر ايله مستور حوالی شمالیەسنده اين بولنمتقده ايديلر.
46,14,او تارىخدن اول اقوام مذکوره آيجق (افراينا) نك جسيم اورمانلر اية مستور حواتلی شمالیەسنده ساکن بولنمتفده ايدلر.,او تاريخدن اول اقوام مذکوره آنجق (اوقراينا) نك جسيم اورمانلر ايله مستور حوالی شمالیەسنده ساکن بولنمتقده ايديلر.,او تاراخدن اولك اقوام مذکوره آيجق (افراينا) نك جسيم اورمانلر ايه مستور حواتلی شمالیەسنده ساکن بولنمتفده ايدلر.
46,15,ا و تاريخدن اول اقوام مذکره آجق (ىوقراينى) نك جسكم اورمانلر ايهمستور حوالی مالیەسنده سان بولنمتفده ىيدي لر.,او تاريخدن اول اقوام مذکوره آنجق (اوقراينا) نك جسيم اورمانلر ايله مستور حوالی شمالیەسنده ساکن بولنمتقده ايديلر.,او تاريخدن اولاقوام مذکره آجق (اوقراينا) نك جسكم اورمانلر ايه مستور حوالی مالیەسنده سان بولنمتفده ايديلر.
46,16,او تاريخدن اول افوام مذکوره آنجق(اوراينا) نك جسيم اورمانلر ايله مسيور حوای شماهلیەسنذه ساکن بولنةمتقدفة ىيديلر.,او تاريخدن اول اقوام مذکوره آنجق (اوقراينا) نك جسيم اورمانلر ايله مستور حوالی شمالیەسنده ساکن بولنمتقده ايديلر.,او تاريخدن اولك افوام مذکوره آنجق (اوراينا) نك جسيم اورمانلر ايله مسيور حوای شماهلیەسنده ساکن بولنه متقدفه ايديلر.
46,17,او تاريخدن و ل ىقوام مذکوره آنجق (اوقرينا) نك جسيم اوزمانلر ايله مستور حوالی شمالیەسنده ساکن بولمتقده ايدکيلر.,او تاريخدن اول اقوام مذکوره آنجق (اوقراينا) نك جسيم اورمانلر ايله مستور حوالی شمالیەسنده ساکن بولنمتقده ايديلر.,او تاريخدن و لاقوام مذکوره آنجق (اوقراينا) نك جسيم اوزمانلر ايله مستور حوالی شمالیەسنده ساکن بولمتقده ايدييلر.
46,18,او تاريخدن اول اقوم مذکره آنج (اوقراينا) نك جسكم اورمانلر ايله مستور حوالی شمالیەسنده ساکن بولنمتقده ايذيلر.,او تاريخدن اول اقوام مذکوره آنجق (اوقراينا) نك جسيم اورمانلر ايله مستور حوالی شمالیەسنده ساکن بولنمتقده ايديلر.,او تاريخدن اولاقوم مذکره آنجه (اوقراينا) نك جسكم اورمانلر ايله مستور حوالی شمالیەسنده ساکن بولنمتقده ايديلر.
46,19,او تارىجدن اول اق وام مذکوره آنحق (اوقراينا) نك جسيم اورمانلر اي له مستور حو الی شمالیەسنده سکن بولنمتقده ايديل ر.,او تاريخدن اول اقوام مذکوره آنجق (اوقراينا) نك جسيم اورمانلر ايله مستور حوالی شمالیەسنده ساکن بولنمتقده ايديلر.,او تاراجدن اولاق وام مذکوره آنحق (اوقراينا) نك جسيم اورمانلر ايله مستور حوالی شمالیەسنده سکن بولنمتقده ايديلر.
70,0,چونکه اويلر حالص پولونياليلرطرقندن اوةلدیغی قدر زمان ىیله پولونياليلشمش اولان کندی عرقداشلرجه دحی انواع تضييقات وتعذيباته معرو قيلسينوزدی.,چونکه اونلر خالص پولونياليلر طرقندن اولدیغی قدر زمان ایله پولونياليلشمش اولان کندی عرقداشلرنجه دحی انواع تضييقات وتعذيباته معروض قيلينوردی.,چونکه اويلر حالص پولونياليلر طرقندن اولدیغی قدر زمان ایله پولونياليلشمش اولان کندی عرقداشلرجه دحی انواع تضييقات وتعديباته معروق قيلسينوردی.
70,1,چونکه اونلر خالص پولونياليلر طرقندن اولیعی قر زمان ای له پ ولونياليلشمش الاب کندی عرقداشلزثطجه حی انواع تضكيقىت وتعيباته معروض قلنوردی.,چونکه اونلر خالص پولونياليلر طرقندن اولدیغی قدر زمان ایله پولونياليلشمش اولان کندی عرقداشلرنجه دحی انواع تضييقات وتعذيباته معروض قيلينوردی.,چونکه اونلر خالص پولونياليلر طرقندن اولیعی قرزمان ایله پولونياليلر طرقندن اولیعی قرزمان ایله پولونياليلشمش الاب کندی عرقداشلرنجه حی انواع تضكيقات وتعيباته معروض قلنوردی.
70,2,چونکه اونلر خالص پولونياليلر طرندن ا ولدیغی قدر زمات ایله پوةلونياليلشمش اولان کندی عجرقداشلرنجه دحی انوباع تضيکقات وتعذيباته مغروض يلينوریط.,چونکه اونلر خالص پولونياليلر طرقندن اولدیغی قدر زمان ایله پولونياليلشمش اولان کندی عرقداشلرنجه دحی انواع تضييقات وتعذيباته معروض قيلينوردی.,چونکه اونلر خالص پولونياليلر طرندن اولدیغی قدر زمات ایله پولونياليلشمش اولان کندی عجرقداشلرنجه دحی انوباع تضييقات وتعديباته معروض يلينوری.
70,3,ونکه اونلر خىلص پولونياليلز طرقد ن اولدغی قد ر زمن ایله پولون ياليلشمش اولان کندی رقداشلرنجه دح انواع تضکيقات وتعذيباته معروض فيلينوردی.,چونکه اونلر خالص پولونياليلر طرقندن اولدیغی قدر زمان ایله پولونياليلشمش اولان کندی عرقداشلرنجه دحی انواع تضييقات وتعذيباته معروض قيلينوردی.,ونکه اونلر خالص پولونياليلر طرقدن اولدی قدر زمن ایله پولون ياليلشمش اولان کندی رقداشلرنجه دح انواع تضکيقات وتعديباته معروض فيلينوردی.
70,4,چونکه ىونلر خالص پولونياليلررن طرقندن اولدیعی قذر زمان اله پول ونىاليلسمش او ان کندی عرقداشلرنحه ح انواع تضىيقات وتعذياته معروض قيلينردی.,چونکه اونلر خالص پولونياليلر طرقندن اولدیغی قدر زمان ایله پولونياليلشمش اولان کندی عرقداشلرنجه دحی انواع تضييقات وتعذيباته معروض قيلينوردی.,چونکه اونلر خالص پولونياليلرن طرقندن اولدیغی قدر زمان اله پولونااليلسمش او ان کندی عرقداشلرنحه حانواع تضايقات وتعدياته معروض قيلينردی.
70,5,چونکه اونلر خالص پولونياليلرطرقندن اولدغی قذر زمىن ا یله پولونياليلشمش اولان کنذی عرقداسلرنجه دحی ان واع تضييقات وتعذيباتة معروض قيلينوردی.,چونکه اونلر خالص پولونياليلر طرقندن اولدیغی قدر زمان ایله پولونياليلشمش اولان کندی عرقداشلرنجه دحی انواع تضييقات وتعذيباته معروض قيلينوردی.,چونکه اونلر خالص پولونياليلر طرقندن اولدی قدر زمان ایله پولونياليلشمش اولان کندی عرقداسلرنجه دحیان واع تضييقات وتعديباته معروض قيلينوردی.
70,6,چونکه اون لر خاصپولونكالير طرقندن الدیغی قدر زمان ایله پولونياليلشمش اولان کندی عرقداشلرنجه ذحی ىنواغ تضييقاتوتعذيباته معروض قكلينوردی.,چونکه اونلر خالص پولونياليلر طرقندن اولدیغی قدر زمان ایله پولونياليلشمش اولان کندی عرقداشلرنجه دحی انواع تضييقات وتعذيباته معروض قيلينوردی.,چونکه اونلر خاصپولونكالير طرقندن الدیغی قدر زمان ایله پولونياليلشمش اولان کندی عرقداشلرنجه دحی انواغ تضييقات وتعديباته معروض قيلينوردی.
70,7,چوانکه اونلر خإالسصپولونياليلر طرندن اولدیغی قدر زمان ایله پولونكاليلشمش اوان کندید عرقداسلرنجه دحی ىنواع تضييات وتعذيباته معروض قيلکنورد.,چونکه اونلر خالص پولونياليلر طرقندن اولدیغی قدر زمان ایله پولونياليلشمش اولان کندی عرقداشلرنجه دحی انواع تضييقات وتعذيباته معروض قيلينوردی.,چوانکه اونلر خالس پولونياليلر طرندن اولدیغی قدر زمان ایله پولونياليلشمش اوان کندید عرقداسلرنجه دحی انواع تضييات وتعديباته معروض قيلينوردر.
70,8,چونکة اويلر خالص پولونياليلر طرقندن اولدیغی قدر زمان ایله پولوک ايلشمش اولان کنی عرقداشلرنج ه ذحی انواع تضييقات وتعذيباته معروض قکليوردی.,چونکه اونلر خالص پولونياليلر طرقندن اولدیغی قدر زمان ایله پولونياليلشمش اولان کندی عرقداشلرنجه دحی انواع تضييقات وتعذيباته معروض قيلينوردی.,چونکه اويلر خالص پولونياليلر طرقندن اولدیغی قدر زمان ایله پولوك ايلشمش اولان کنی عرقداشلرنجه دحی انواع تضييقات وتعديباته معروض قکليوردی.
70,9,چونکه اونلر خالص پولونياليلر طرقندن اولیغی قدر زمان ایله پولوانياليلشم ش اولاث كندی عرداش لرنجه دحی انوناع تضييقکات تديبات معروص قيثلين وردی.,چونکه اونلر خالص پولونياليلر طرقندن اولدیغی قدر زمان ایله پولونياليلشمش اولان کندی عرقداشلرنجه دحی انواع تضييقات وتعذيباته معروض قيلينوردی.,چونکه اونلر خالص پولونياليلر طرقندن اولیغی قدر زمان ایله پولوانياليلشمش اولان کندی عرداشلرنجه دحی انوناع تضييقيات تديبات معروص قيثلينوردی.
70,10,چونکه اونلز خالص پوإلونيىليلر طزقندن اولدیغی فدر زمان ایله پولونياليلشمش اولىن کندی عرقدالرنجته دحی انواع تضييقت وتغذيباته عروض قيلينوردی.,چونکه اونلر خالص پولونياليلر طرقندن اولدیغی قدر زمان ایله پولونياليلشمش اولان کندی عرقداشلرنجه دحی انواع تضييقات وتعذيباته معروض قيلينوردی.,چونکه اونلر خالص پولونياليلر طرقندن اولدیغی فدر زمان ایله پولونياليلشمش اولان کندی عرقدالرنجه دحی انواع تضييقت وتعديباته عروض قيلينوردی.
70,11,چونکه ىونلر خالص پولونيالير طرفندن الدیغ قدر زم اب ایلهپولونياليلشمش اولىن كندی عقداشلرنجه دحی انوع تضييفات وتعذيباذته مغروض قيلىتوردی.,چونکه اونلر خالص پولونياليلر طرقندن اولدیغی قدر زمان ایله پولونياليلشمش اولان کندی عرقداشلرنجه دحی انواع تضييقات وتعذيباته معروض قيلينوردی.,چونکه اونلر خالص پولونيالير طرفندن الدیغ قدر زماب ایله پولونياليلشمش اولان کندی عقداشلرنجه دحی انوع تضييفات وتعديبادته معروض قيلاتوردی.
70,12,چونکه اونلر خالص پولونياليلر طرقندن اولدیغی قدر زمان ایله پولونكىليلشمش اولان کندی عرقداشلرنجه دهی انواع تضييقات وتعذيياته معروض يلنوردی.,چونکه اونلر خالص پولونياليلر طرقندن اولدیغی قدر زمان ایله پولونياليلشمش اولان کندی عرقداشلرنجه دحی انواع تضييقات وتعذيباته معروض قيلينوردی.,چونکه اونلر خالص پولونياليلر طرقندن اولدیغی قدر زمان ایله پولونياليلر طرقندن اولدیغی قدر زمان ایله پولونياليلشمش اولان کندی عرقداشلرنجه دهی انواع تضييقات وتعديياته معروض يلنوردی.
70,13,چإونکة اونلر حاصپوونيىيلر طرقنذن اودیغی قدر مظان ایله پولونيالىلشم اولان کنذی عرقداشلرنجه د حیانوا غ تضيقىت وتعذيىته معروض قيلينوردی.,چونکه اونلر خالص پولونياليلر طرقندن اولدیغی قدر زمان ایله پولونياليلشمش اولان کندی عرقداشلرنجه دحی انواع تضييقات وتعذيباته معروض قيلينوردی.,چونکه اونلر حاصپوونياليلر طرقندن اودیغی قدر مظان ایله پولونياليلشم اولان کندی عرقداشلرنجه دحیانوا تضيقيت وتعدياته معروض قيلينوردی.
70,14,چونکه اونلر خ ايلص پولونكىللر ط رقندن اولدی غی قد زمىن ایله پولونيىليلشمش اولىن کندی عرقداشلزنجه دح انواع تضى يقات وتغذيبىتة معروص قثكليثوردی.,چونکه اونلر خالص پولونياليلر طرقندن اولدیغی قدر زمان ایله پولونياليلشمش اولان کندی عرقداشلرنجه دحی انواع تضييقات وتعذيباته معروض قيلينوردی.,چونکه اونلر خايلص پولونياللر طرقندن اولدیغی قدر زمان ایله پولونياليلشمش اولان کندی عرقداشلرنجه دح انواع تضى يقات وتعديبيته معروص قنكليوردی.
70,15,چونيه اونلر خالض پولونياليلر طرقندن اولدیغی قذر زما ن ایل پولويىاليلشمش اولان کنذی عرقداشلرنجة دحی انواع تضييقات وتع ذبته معروض قيلي نورذی.,چونکه اونلر خالص پولونياليلر طرقندن اولدیغی قدر زمان ایله پولونياليلشمش اولان کندی عرقداشلرنجه دحی انواع تضييقات وتعذيباته معروض قيلينوردی.,چونيه اونلر خالض پولونياليلر طرقندن اولدیغی قدر زمان ایله پولونياليلر طرقندن اولدیغی قدر زمان ایله پولونياليلر طرقندن اولدیغی قدر زمان ایله پولونياليلر طرقندن اولدیغی قدر زمان ایله پولونياليلر طرقندن اولدیغی قدر زمان ایله پولونياليلر طرقندن اولدیغی قدر زمان ایله پولونياليلر ط
70,16,چونكة ا ونلر خالثص پولونياليلر طرندن اولدیغی قدر زمان ایله پولونياليلشجمش اولان کندی عرقداشلرنضجه دحی انو اع تضييقات وتعذيب اته معروض قيلين وردی.,چونکه اونلر خالص پولونياليلر طرقندن اولدیغی قدر زمان ایله پولونياليلشمش اولان کندی عرقداشلرنجه دحی انواع تضييقات وتعذيباته معروض قيلينوردی.,چونك اونلر خالت پولونياليلر طرندن اولدیغی قدر زمان ایله پولونياليلشجمش اولان کندی عرقداشلرنجه دحی انواع تضييقات وتعديب اته معروض قيلينوردی.
70,17,چونکه اونلر خالص پولونياليلر طزندن اولدیغی قدر ز ما ایله پولونياليلشمش اولىن کندی عرقداشلةرجه دحی انواع تضكىفات وثعذيباته معروض قيلينوردی.,چونکه اونلر خالص پولونياليلر طرقندن اولدیغی قدر زمان ایله پولونياليلشمش اولان کندی عرقداشلرنجه دحی انواع تضييقات وتعذيباته معروض قيلينوردی.,چونکه اونلر خالص پولونياليلر طرندن اولدیغی قدر زما ایله پولونياليلر اولان کندی عرقداشلهرجه دحی انواع تضكافات وتعديباته معروض قيلينوردی.
70,18,چونکه اونلر خىلص پولونيا ليل ر طرقندن اولدیغی قدر زما ن ایله پولونيىليلشمش ارولان کند عرقداسلرنجه دحی انواع ضييقات ونعذيباتة معروض قيلينوری.,چونکه اونلر خالص پولونياليلر طرقندن اولدیغی قدر زمان ایله پولونياليلشمش اولان کندی عرقداشلرنجه دحی انواع تضييقات وتعذيباته معروض قيلينوردی.,چونکه اونلر خالص پولونيا ليلر طرقندن اولدیغی قدر زمان ایله پولونياليلشمش ارولان کنده عرقداسلرنجه دحی انواع ضييقات ونعديباته معروض قيلينوری.
70,19,چونکه اونلر خالص پولونكاليلر طرقندن اولذیغ ی قدر زمان ایل پولونياليلشمش اولان کندی عر قداشلرثجة دحی انواغ تضييقات وتعذيباتة معروض قيلينور دی.,چونکه اونلر خالص پولونياليلر طرقندن اولدیغی قدر زمان ایله پولونياليلشمش اولان کندی عرقداشلرنجه دحی انواع تضييقات وتعذيباته معروض قيلينوردی.,چونکه اونلر خالص پولونياليلر طرقندن اولدیغی قدر زمان ایله پولونياليلر طرقندن اولدیغی قدر زمان ایله پولونياليلر طرقندن اولدیغی قدر زمان ایله پولونياليلر طرقندن اولدیغی قدر زمان ایله پولونياليلر طرقندن اولدیغی قدر زمان ایله پولونياليلر طرقندن اولدیغی قدر زمان ایله پولونياليلر ط
385,0,تاريخك احداث ایندیکی ضروزتلرروسیه ایل ه اروپا آرەسنده مشتقل نراوقراينا حكومتنك موجو ديتنى يمل شدتله استلزام ایلکدەدر.,تاريخك احداث ایندیکی ضرورتلر روسیه ایله اوروپا آرەسنده مستقل براوقراينا حكومتنك موجوديتنى كمال شدتله استلزام ایلکدەدر.,تاريخك احداث ایندیکی ضرورتلر روسیه ایله اروپا آرەسنده مشتقل نراوقراينا حكومتنك موجوديتنى يمل شدتله استلرام ایلکدەدر.
385,1,تاريخک احداث ىیندیکی ضرورتلر روسیه ایله اوروپا آەسنده مستقل براوقرىينا هكومتنك موجوديتنىكمال شدتله ىشتلزام ىیلکدەدر.,تاريخك احداث ایندیکی ضرورتلر روسیه ایله اوروپا آرەسنده مستقل براوقراينا حكومتنك موجوديتنى كمال شدتله استلزام ایلکدەدر.,تاريخك احداث ایندیکی ضرورتلر روسیه ایله اوروپا آەسنده مستقل براوقراينا هكومتنك موجوديتنى كمال شدتله اشتلرام ایلکدەدر.
385,2,تارخک احداث ایندیکی ضرورتلر روسیه افله اوروپا آرەسنده م ستقغل براوجفراينا حكومتنك موجوديتنا كمال شدتله استلزام ایلکدەدر.,تاريخك احداث ایندیکی ضرورتلر روسیه ایله اوروپا آرەسنده مستقل براوقراينا حكومتنك موجوديتنى كمال شدتله استلزام ایلکدەدر.,تاريخك احداث ایندیکی ضرورتلر روسیه افله اوروپا آرەسنده مستقل براوجقراينا حكومتنك موجوديتنا كمال شدتله استلرام ایلکدەدر.
385,3,تارىخك احداث ىیندیکی ضرورتلر روسیه اله اوروپا آرەسنده مستقل براوبقراثينا حكومتنك وجوديتنى كمال شدتلة استلزام ایلکدەادر.,تاريخك احداث ایندیکی ضرورتلر روسیه ایله اوروپا آرەسنده مستقل براوقراينا حكومتنك موجوديتنى كمال شدتله استلزام ایلکدەدر.,تاريخك احداث ایندیکی ضرورتلر روسیه اله اوروپا آرەسنده مستقل براوقراينا حكومتنك وجوديتنى كمال شدتله استلزام ایلکدەادر.
385,4,ياريخك احدىث ایندیکی ضرورتلر روسیه ا یله اوروپا آزەسثده مستقلبراوقرانا ححكومتنك موجوديتنى کمال شدتله استلزام ایلکددر.,تاريخك احداث ایندیکی ضرورتلر روسیه ایله اوروپا آرەسنده مستقل براوقراينا حكومتنك موجوديتنى كمال شدتله استلزام ایلکدەدر.,باريخك احداث ایندیکی ضرورتلر روسیه ایله اوروپا آزەسنده مستقل براوقرانى حكومتنك موجوديتنى کمال شدتله استلزام ایلکدر.
385,5,تا ريخي احداث ایتیکی ضرورتلر زوسیه ایله اوروپا آرەسنده مستقل راوقراىنى كومتنك موجوينيكمال دتله ىستزام یلکدەد.,تاريخك احداث ایندیکی ضرورتلر روسیه ایله اوروپا آرەسنده مستقل براوقراينا حكومتنك موجوديتنى كمال شدتله استلزام ایلکدەدر.,تاريخى احداث ایتیکی ضرورتلر زوسیه ایله اوروپا آرەسنده مستقل راوقراينا كومتنك موجوينيك مالدنله استزام یلکدەدر.
385,6,تاريخك احذاث اینیکی ضزورتلر روسیثه ایل ه اوروپا آزەسنده مستقل براوقرنى حكومتنك موجوديتنى ك مال شدتله استلزام ایلکدەدر.,تاريخك احداث ایندیکی ضرورتلر روسیه ایله اوروپا آرەسنده مستقل براوقراينا حكومتنك موجوديتنى كمال شدتله استلزام ایلکدەدر.,تاريخك احداث اینیکی ضرورتلر روسینه ایله اوروپا آزەسنده مستقل براوقرانى حكومتنك موجوديتنى ك مالشدتله استلرام ایلکدەدر.
385,7,تاريخك احدث ایندیکی ضرورتلر روسیه ایله اوزوپا آرەسنده مستجقل براوقرىينا حكومبنك موجوديتنى كمال شذتله استلزامآ ایلکدەدر.,تاريخك احداث ایندیکی ضرورتلر روسیه ایله اوروپا آرەسنده مستقل براوقراينا حكومتنك موجوديتنى كمال شدتله استلزام ایلکدەدر.,تاريخك احدن ایندیکی ضرورتلر روسیه ایله اوزوپا آرەسنده مستجقل براوقراينا حكومتنك موجوديتنى كمال شدتله استلرام ایلکدەدر.
385,8,تاريخك اداث ایندیکی صرورتلر روسیه ایله اوروپا آرەسنده مستقل براوقريناذ حكومثنك موجقوديتنى يمال شدتله استلزام ایلكدەدر.,تاريخك احداث ایندیکی ضرورتلر روسیه ایله اوروپا آرەسنده مستقل براوقراينا حكومتنك موجوديتنى كمال شدتله استلزام ایلکدەدر.,تاريخك اداث ایندیکی صرورتلر روسیه ایله اوروپا آرەسنده مستقل براوقراينا حكومتنك موجقوديتنى يمال شدتله استلرام ایلکدەدر.
385,9,تازيخكاحداثف ایندیکی رورتلر زوسیه ایله اوروپا آرسنده مستقل براوقراينا حکمتبك موجضوديتنى الشذتله استلزام ایلكدەدر.,تاريخك احداث ایندیکی ضرورتلر روسیه ایله اوروپا آرەسنده مستقل براوقراينا حكومتنك موجوديتنى كمال شدتله استلزام ایلکدەدر.,تاريخك احداثف ایندیکی رورتلر زوسیه ایله اوروپا آرسنده مستقل براوقراينا حکمتنك موجوديتنى الشدتله استلزام ایلکدەدر.
385,10,تاريخك احداث ایندیکی ضرورتلر روسیه ایله اوروپا آرەسنده مستقل براوقراينا حكومتنك موجوديت نى كمال ش دتله استلزام ایلکدەدر.,تاريخك احداث ایندیکی ضرورتلر روسیه ایله اوروپا آرەسنده مستقل براوقراينا حكومتنك موجوديتنى كمال شدتله استلزام ایلکدەدر.,تاريخك احداث ایندیکی ضرورتلر روسیه ایله اوروپا آرەسنده مستقل براوقراينا حكومتنك موجوديتنى كمال شدتله استلرام ایلکدەدر.
385,11,تاريخك احدطاث ایندیکی ضرورتلر ر وسیه ایله اوروپا آرەسنده مستقل براوقراينا حكومتنك موجوذيتنى كمال ش دتله اسبلرىم لکدەدر.,تاريخك احداث ایندیکی ضرورتلر روسیه ایله اوروپا آرەسنده مستقل براوقراينا حكومتنك موجوديتنى كمال شدتله استلزام ایلکدەدر.,تاريخك احداث ایندیکی ضرورتلر روسیه ایله اوروپا آرەسنده مستقل براوقراينا حكومتنك موجوديتنى كمال شدتله اسبلراملکدەدر.
385,12,تارىخك احداث ایندیکی صرورتلرروسیه ایلهاوروپا آرەشندهز مستقلا برأ اوأقرانا حكومتنكموجود يتنى كمال شدتله استلزا ایلک دەر.,تاريخك احداث ایندیکی ضرورتلر روسیه ایله اوروپا آرەسنده مستقل براوقراينا حكومتنك موجوديتنى كمال شدتله استلزام ایلکدەدر.,تاريخك احداث ایندیکی صرورتلر روسیه ایله اوروپا آرەسنده مستقلا بر اوقرانى حكومتنك موجود يتنى كمال شدتله استلرا ایلکدەر.
385,13,تاريخك احداث ایندیکی ضزوزتلر رشزیه ایله اوزوپا آرەسنده مستقل بروفراينا حكومتنك موجوديتنى كمىل شدتله استلزىم ایلکدەدر.,تاريخك احداث ایندیکی ضرورتلر روسیه ایله اوروپا آرەسنده مستقل براوقراينا حكومتنك موجوديتنى كمال شدتله استلزام ایلکدەدر.,تاريخك احداث ایندیکی ضرورتلر رشریه ایله اوزوپا آرەسنده مستقل بروقراينا حكومتنك موجوديتنى كمال شدتله استلريم ایلکدەدر.
385,14,تىريخك ىحداث ایندیکی ضرورتلر روشیة ایله اورپا آرەسنده مفستقل براقراينا حكومتنك موجوديتنى كمال شدتله ىستلزام ایلکدەدر,تاريخك احداث ایندیکی ضرورتلر روسیه ایله اوروپا آرەسنده مستقل براوقراينا حكومتنك موجوديتنى كمال شدتله استلزام ایلکدەدر.,تاريخك احداث ایندیکی ضرورتلر روسیه ایله اورپا آرەسنده مفستقل براقراينا حكومتنك موجوديتنى كمال شدتله استلرام ایلکدەدر.
385,15,تاريخك احدىث انذیكی ضرورتلروسیه ای له اوروپا آرەسنده مستقل براوقراينا حكمتنك موجوديتنى كمال شدتله ااستلزام ایلکدەذز.,تاريخك احداث ایندیکی ضرورتلر روسیه ایله اوروپا آرەسنده مستقل براوقراينا حكومتنك موجوديتنى كمال شدتله استلزام ایلکدەدر.,تاريخك احداث اندیکی ضرورتلروسیه ایله اوروپا آرەسنده مستقل براوقراينا حكمتنك موجوديتنى كمال شدتله استلرام ایلکدەدر.
385,16,ثاريخك ىهداث ایندیکی ضرورثلر روسیه اله اورپا آرەسنده مست قل براوراينا حكومتنجك موجود يتنا كمال شدتله استلزام ایلكدەدر.,تاريخك احداث ایندیکی ضرورتلر روسیه ایله اوروپا آرەسنده مستقل براوقراينا حكومتنك موجوديتنى كمال شدتله استلزام ایلکدەدر.,باريخك اهدان ایندیکی ضرورنلر روسیه اله اورپا آرەسنده مستقل براوراينا حكومتنجك موجود يتنا كمال شدتله استلرام ایلکدەدر.
385,17,تريخ ك احداایندیی ضرورتلر روشیه ایله اوروپا آرەسنده مستقل براوقرىيينا هكومتنك موجوديتنى كمال شدتله استلزام ایلکدەدر.,تاريخك احداث ایندیکی ضرورتلر روسیه ایله اوروپا آرەسنده مستقل براوقراينا حكومتنك موجوديتنى كمال شدتله استلزام ایلکدەدر.,تريخك احداایندیی ضرورتلر روسیه ایله اوروپا آرەسنده مستقل براوقراينا هكومتنك موجوديتنى كمال شدتله استلرام ایلکدەدر.
385,18,تاريخك اإحداث ایندیکی ضرخورتل ر رإوسیه ایله اوروپا آرەسنده مشتقل براوخقراينا حكومتنک موحوديتتا كمال شفدتله ىستلزام ایلکدەدر.,تاريخك احداث ایندیکی ضرورتلر روسیه ایله اوروپا آرەسنده مستقل براوقراينا حكومتنك موجوديتنى كمال شدتله استلزام ایلکدەدر.,تاريخك احداث ایندیکی ضرخورتلر روسیه ایله اوروپا آرەسنده مشتقل براوقراينا حكومتنك موحوديتا كمال شفدتله استلرام ایلکدەدر.
385,19,تىريخك اصحداث افیندیکی ضرورتلر روسیه ایله اوروپا آزەسنه مستل براوقراينا كومتنك موجودكتن ى ك مال شدتله استلزام ایلکدەدر.,تاريخك احداث ایندیکی ضرورتلر روسیه ایله اوروپا آرەسنده مستقل براوقراينا حكومتنك موجوديتنى كمال شدتله استلزام ایلکدەدر.,تاريخك اصحداث افیندیکی ضرورتلر روسیه ایله اوروپا آزەسنه مستلر براوقراينا كومتنك موجوديتنى ك مالشدتله استلزام ایلکدەدر.
352,0,بو اراضی داخلنده ١٨٩٧ ده تقریباً اونآلتی مكليونى نفوس بولنمقده ایدی که اون بر میلیوبی اوقرايناليدر. ديمك كه اوقرايناليلر او طرفده عموم نفوسك ي وزده آلتمش سکسزینی تشکیل ايدکيورلر.,بو اراضی داخلنده ١٨٩٧ ده تقریباً اون آلتی ميليونى نفوس بولنمقده ایدی که اون بر میلیونی اوقرايناليدر. ديمك كه اوقرايناليلر او طرفده عموم نفوسك يوزده آلتمش سکسزینی تشکیل ايدييورلر.,بو اراضی داخلنده ١٨٩٧ ده تقریباً اون آلتی مكليونى نفوس بولنمقده ایدی که اون بر میلیوبی اوقرايناليدر. ديمك كه اوقرايناليلر او طرفده عموم نفوسك بوزده آلتمش سکسزینی تشکیل ايدييورلر.
352,1,بو اراصی داخلنده ١٨٩٧ ده تقریباً اون آلتی ميليونى نفوس بولنمقده ای دی ه اون برمیلیونی اوقرايناليدر. دمك كه اوقرايناليلر او ظرفده عموم نفوسك يوزده آلتمش سکسزینی تشکیلأ اييکورلر.,بو اراضی داخلنده ١٨٩٧ ده تقریباً اون آلتی ميليونى نفوس بولنمقده ایدی که اون بر میلیونی اوقرايناليدر. ديمك كه اوقرايناليلر او طرفده عموم نفوسك يوزده آلتمش سکسزینی تشکیل ايدييورلر.,بو اراصی داخلنده ١٨٩٧ ده تقریباً اون آلتی ميليونى نفوس بولنمقده ایدیه اون برمیلیونی اوقرايناليدر. دمكه اوقرايناليلر او ظرفده عموم نفوسك يوزده آلتمش سکسزینی تشکیل ايتيورلر.
352,2,بو اراضی داخلنده ١٨٩٧ دة تقریباًاون آلتی ميليونى نفوس بولنمقدة ىیدی که اون بر میلیوثی ىوقرايناليدر. ديمك كه اوقزايناليلر او طرفده عموم نفكوسك يوزدة آلتمش سکشییتشکی ايد يكورلر.,بو اراضی داخلنده ١٨٩٧ ده تقریباً اون آلتی ميليونى نفوس بولنمقده ایدی که اون بر میلیونی اوقرايناليدر. ديمك كه اوقرايناليلر او طرفده عموم نفوسك يوزده آلتمش سکسزینی تشکیل ايدييورلر.,بو اراضی داخلنده ١٨٩٧ ده تقریباً اون آلتی ميليونى نفوس بولنمقده ایدی که اون بر میلیوتی اوقرايناليدر. ديمك كه اوقرايناليلر او طرفده عموم نفكوسك يوزده آلتمش سکسییتشکی ايديكورلر.
352,3,بو اراضی داخلنده ٨٩٧ ده تقریباً اون آلتی ميلبيونى نقوس بولنمقده ایدی که اوية بر میلیظونی اوقراکناليدر. ديم ك كه اوقرىىنالکلر او طزفده عموم نفوسك يوزده آلتمش سکسزینی تکیل ايدييورلر.,بو اراضی داخلنده ١٨٩٧ ده تقریباً اون آلتی ميليونى نفوس بولنمقده ایدی که اون بر میلیونی اوقرايناليدر. ديمك كه اوقرايناليلر او طرفده عموم نفوسك يوزده آلتمش سکسزینی تشکیل ايدييورلر.,بو اراضی داخلنده ٨٩٧ ده تقریباً اون آلتی ميلبيونى نقوس بولنمقده ایدی که اويه بر میلیونی اوقرايناليدر. ديمك كه اوقرايناليلر او طرفده عموم نفوسك يوزده آلتمش سکسزینی تکیل ايدييورلر.
352,4,بو اراضی داخلنده ١٨٩٧ى ده تفریباً ا ون آلتی ميليونى نفوس بولنمقده ایدیک ىون نر میلیونی اوقراينىليد. ديمك كه انوقراينا لىلر او طرفده عمومنفوغسك يوزده آلتمش سکسزدینی تکیل ايدييورةلر.,بو اراضی داخلنده ١٨٩٧ ده تقریباً اون آلتی ميليونى نفوس بولنمقده ایدی که اون بر میلیونی اوقرايناليدر. ديمك كه اوقرايناليلر او طرفده عموم نفوسك يوزده آلتمش سکسزینی تشکیل ايدييورلر.,بو اراضی داخلنده ١٨٩٧ى ده تفریباً اون آلتی ميليونى نفوس بولنمقده ایدیکی اون نر میلیونی اوقرايناليدى. ديمك كه انوقرايناليلر او طرفده عموم نفوسك يوزده آلتمش سکسزدینی تکیل ايدييورلر.
352,5,بو اراض ی داخلنده ١٨٩٧ ده تقریباً اونآلتی ميليونى نفس بولنشمقده ایدی که اونا بر میلیونیوقراينالكدر. ديمك كه اوقرايناليلر او طفرفده عموم نفوسك يوزدة آلتمش سکسزینی تشکیل ايدىيور لر.,بو اراضی داخلنده ١٨٩٧ ده تقریباً اون آلتی ميليونى نفوس بولنمقده ایدی که اون بر میلیونی اوقرايناليدر. ديمك كه اوقرايناليلر او طرفده عموم نفوسك يوزده آلتمش سکسزینی تشکیل ايدييورلر.,بو اراضی داخلنده ١٨٩٧ ده تقریباً اون آلتی ميليونى نفس بولنشمقده ایدی که اونا بر میلیونی وقرايناليدر. ديمك كه اوقرايناليلر او طفرفده عموم نفوسك يوزده آلتمش سکسزینی تشکیل ايدييورلر.
352,6,و ازاضی داخلنده١٨٩٧ ذه تقریباً اون آلتی ميليسونى نففوس بولنمقده ایدی يه اون بر میلیونی اوقراينليضدر ديمك ك اوقزاينةالکلر او طرفدة عموم نفوسك يوزده آلتمش سکسزینی تشکیل ايدييورلر.,بو اراضی داخلنده ١٨٩٧ ده تقریباً اون آلتی ميليونى نفوس بولنمقده ایدی که اون بر میلیونی اوقرايناليدر. ديمك كه اوقرايناليلر او طرفده عموم نفوسك يوزده آلتمش سکسزینی تشکیل ايدييورلر.,و ازاضی داخلنده ١٨٩٧ ده تقریباً اون آلتی ميليسونى نفقوس بولنمقده ایدی يه اون بر میلیونی اوقرايناليلر او طرفده عموم نفوسك يورده آلتمش سکسزینی تشکیل ايدييورلر.
352,7,بواراضی داخلندة١٨٩٧ ده تقریباً اون آلتی مليونى نفوس بولنمقده ایدی که ان بر میلیونی اوقرايثاليدر. ديمك ك ه ىوقثرايناليلر او طرفدة عموم نفوسك ىوزذه آلتمش سکسزینی تشکیل ايدييورر.,بو اراضی داخلنده ١٨٩٧ ده تقریباً اون آلتی ميليونى نفوس بولنمقده ایدی که اون بر میلیونی اوقرايناليدر. ديمك كه اوقرايناليلر او طرفده عموم نفوسك يوزده آلتمش سکسزینی تشکیل ايدييورلر.,بواراضی داخلنده ١٨٩٧ ده تقریباً اون آلتی مليونى نفوس بولنمقده ایدی که ان بر میلیونی اوقرايناليدر. ديمك كه اوقرايناليلر او طرفده عموم نفوسك اوزده آلتمش سکسزینی تشکیل ايدييور.
352,8,ثو اراضی داخلنده ١٨٩٧ ده تریباً اون آتی مکليونى نوس بولنمق د ه ایدی که اون بر میلینی او قرايناليدر. ديمك كه اوقرايناليلر او طرفدهغ عموم فوسك يوزده آلتش سکسزینی ت شکیل ايدييورلر.,بو اراضی داخلنده ١٨٩٧ ده تقریباً اون آلتی ميليونى نفوس بولنمقده ایدی که اون بر میلیونی اوقرايناليدر. ديمك كه اوقرايناليلر او طرفده عموم نفوسك يوزده آلتمش سکسزینی تشکیل ايدييورلر.,بو اراضی داخلنده ١٨٩٧ ده تریباً اون آتی مکليونى نوس بولنمقده ایدی که اون بر میلینی او قرايناليدر. ديمك كه اوقرايناليلر او طرفده عموم فوسك يوزده آلتش سکسزینی تشکیل ايدييورلر.
352,9,بو ىراضی داحلنده ١٨٩٧ ده تقزیباً اون آليی مكيونى فوس بونمقده ایدی که اون بر میونی اوقرايناليدر. ديمك كه اوقاين اليلرظ او طرفده عمومنفوسك يوزده آلتمس سکسزینی تشکیل ايذيىورلر.,بو اراضی داخلنده ١٨٩٧ ده تقریباً اون آلتی ميليونى نفوس بولنمقده ایدی که اون بر میلیونی اوقرايناليدر. ديمك كه اوقرايناليلر او طرفده عموم نفوسك يوزده آلتمش سکسزینی تشکیل ايدييورلر.,بو اراضی داحلنده ١٨٩٧ ده تقریباً اون آليی مكيونى فوس بونمقده ایدی که اون بر میونی اوقرايناليدر. ديمك كه اوقرايناليلر او طرفده عمومنفوسك يوزده آلتمس سکسزینی تشکیل ايدييورلر.
352,10,بو راضی داخندة ١٨٩٧ده تقزی باً اون آلت ميليونى نفوس بولنمقدهىیدی که اون بر میلیونی اوقرىيناليدر. ديمك كه ىوقرايباليلر او طرفده عموم نفوسك ىور ده آلتمش سکسزیتی تشکیل ايدييورلر.,بو اراضی داخلنده ١٨٩٧ ده تقریباً اون آلتی ميليونى نفوس بولنمقده ایدی که اون بر میلیونی اوقرايناليدر. ديمك كه اوقرايناليلر او طرفده عموم نفوسك يوزده آلتمش سکسزینی تشکیل ايدييورلر.,بو راضی داخنده ١٨٩٧ده تقریباً اون آلت ميليونى نفوس بولنمقده ایدی که اون بر میلیونی اوقرايناليدر. ديمك كه اوقرايناليلر او طرفده عموم نفوسك اورده آلتمش سکسزیتی تشکیل ايدييورلر.
352,11,بو اراض داخلنده ١٨٩٧ ده تقریباً اونة آلتی ميليونى نفوس بزولتمقده ىیدی که ون ب میلیونی اقراينىليدر. ديمك كه اوقرايناليلر او طرفده عموم نقوسك يوزدضه آلتمش سکسزینی تسکیل ايديکورلر.,بو اراضی داخلنده ١٨٩٧ ده تقریباً اون آلتی ميليونى نفوس بولنمقده ایدی که اون بر میلیونی اوقرايناليدر. ديمك كه اوقرايناليلر او طرفده عموم نفوسك يوزده آلتمش سکسزینی تشکیل ايدييورلر.,بو اراض داخلنده ١٨٩٧ ده تقریباً اونه آلتی ميليونى نفوس برولتمقده ایدی که اون بو میلیونی اقرايناليدر. ديمك كه اوقرايناليلر او طرفده عموم نقوسك يوزده آلتمش سکسزینی تسکیل ايديکورلر.
352,12,بوا ا راضی داخلهنده ١٨٩٧ ده تقریباً اون آلی يليونى نفوس بولنمقده ایدیظکه اون ب یلیوتی اوقراينليجدر. ديکمي كة اوفراناليلز اوطرفده عموم نقوسك يوزده آلتمش سکسزینی تشکیل ايدي يورلر.,بو اراضی داخلنده ١٨٩٧ ده تقریباً اون آلتی ميليونى نفوس بولنمقده ایدی که اون بر میلیونی اوقرايناليدر. ديمك كه اوقرايناليلر او طرفده عموم نفوسك يوزده آلتمش سکسزینی تشکیل ايدييورلر.,بواراضی داخلهنده ١٨٩٧ ده تقریباً اون آلی يليونى نفوس بولنمقده ایدیکه اون بیلیوتی اوقرايناليجدر. ديکميه اوقراناليلر اوطرفده عموم نقوسك يوزده آلتمش سکسزینی تشکیل ايدييورلر.
352,13,بو ىراضی داخلنده ١٨٩٧ ده تقریباً ىوث الثی ميليونى نفوس نولنمفذه ایدی کة اون بر میلیونی اوقراينىاليذر. ديمك كه اوقرايناليلر او طزقده عموم نفوسك كوزده آلتصمش سکس زینی تسکیل ايدييور.,بو اراضی داخلنده ١٨٩٧ ده تقریباً اون آلتی ميليونى نفوس بولنمقده ایدی که اون بر میلیونی اوقرايناليدر. ديمك كه اوقرايناليلر او طرفده عموم نفوسك يوزده آلتمش سکسزینی تشکیل ايدييورلر.,بو اراضی داخلنده ١٨٩٧ ده تقریباً اون التی ميليونى نفوس نولنمفده ایدیکه اون بر میلیونی اوقرايناليدر. ديمك كه اوقرايناليلر او طرقده عموم نفوسك كورده آلتصمش سکس زینی تسکیل ايدييور.
352,14,بو اراضی دالنده ١٨٩٧ ده تقریباً اون آلتی ميليونى نفوس بولنمقده ایدی که او بر میلیونی اوقرايناليدرج. ديمك كه اوقزاىنالکلاو ظرفد ه عموم ثفوسك يوردهظ آلتمش سکسزینی تشکیل ايدييورلر.,بو اراضی داخلنده ١٨٩٧ ده تقریباً اون آلتی ميليونى نفوس بولنمقده ایدی که اون بر میلیونی اوقرايناليدر. ديمك كه اوقرايناليلر او طرفده عموم نفوسك يوزده آلتمش سکسزینی تشکیل ايدييورلر.,بو اراضی دالنده ١٨٩٧ ده تقریباً اون آلتی ميليونى نفوس بولنمقده ایدی که او بر میلیونی اوقرايناليدر. ديمك كه اوقرايناليلاو ظرفده عموم ثفوسك يورده آلتمش سکسزینی تشکیل ايدييورلر.
352,15,يو ااضی دخلنده ١٨٩٧ دهآ تقریباً اوي آلتی ميليونى نفوس بوةلنمقده ایدی كه اون يرمیلیونی اوقرايناليد ر. ديمك كه او قراي ناليلر او طرده عوم نفوسك ىوزذه آلتمش سکسزهینی تشکیل ايدييورلر.,بو اراضی داخلنده ١٨٩٧ ده تقریباً اون آلتی ميليونى نفوس بولنمقده ایدی که اون بر میلیونی اوقرايناليدر. ديمك كه اوقرايناليلر او طرفده عموم نفوسك يوزده آلتمش سکسزینی تشکیل ايدييورلر.,بو ااضی دخلنده ١٨٩٧ ده تقریباً اون آلتی ميليونى نفوس بولنمقده ایدی که اون برمیلیونی اوقرايناليدر. ديمك كه او قرايناليلر او طرده عوم نفوسك اوزده آلتمش سکسزهینی تشکیل ايدييورلر.
352,16,بو اراضی داخلنده ٨٩ ٧ ده ت قریبىً اوي آلثی ميليونا نفوس بولنمقذه ایدی که ىون بر میلیون ی اوقرايناليدر. ديمك كه اوقزاکناليلز او طرقدغة عموم نفوسکك يوزده آلتمش سکسری نی تشکیل ايديورلز.,بو اراضی داخلنده ١٨٩٧ ده تقریباً اون آلتی ميليونى نفوس بولنمقده ایدی که اون بر میلیونی اوقرايناليدر. ديمك كه اوقرايناليلر او طرفده عموم نفوسك يوزده آلتمش سکسزینی تشکیل ايدييورلر.,بو اراضی داخلنده ٨٩٧ ده تقریبى اون آلتی ميليونا نفوس بولنمقده ایدی که اون بر میلیونی اوقرايناليدر. ديمك كه اوقرايناليلر او طرقده عموم نفوسكه يوزده آلتمش سکسری نی تشکیل ايديورلر.
352,17,بو اراضی داجلنذة ١٨٩٧ ده تفریباًاون آلتی ميل ي ونى ثفوس بولنمقده ایذ که اون بر ییونی اوقراىنالير.ديمك که اوقرايناليل ر اوطرففده عموم نفوسك يوزده آلتمش سکسزینی تسکل ايدي يورر.,بو اراضی داخلنده ١٨٩٧ ده تقریباً اون آلتی ميليونى نفوس بولنمقده ایدی که اون بر میلیونی اوقرايناليدر. ديمك كه اوقرايناليلر او طرفده عموم نفوسك يوزده آلتمش سکسزینی تشکیل ايدييورلر.,بو اراضی داجلنده ١٨٩٧ ده تفریباً اون آلتی ميليونى ثفوس بولنمقده ایدکه اون بر ییونی اوقراينالير.ديمك که اوقرايناليلر اوطرفقده عموم نفوسك يوزده آلتمش سکسزینی تسکل ايدييور.
352,18,بو ارىضی داخلندخ ه ١٨٩٧ ده تریباً اون آلتی ميليونى نف وس بولنمقده ایدی که اون بز میلیوشنی اوقرايناليدر. ديمک كه اوقرايناليلر او طرفده غموم نفسك يوزده آلتمش سکسزینی تشکیل ايديىو رلر.,بو اراضی داخلنده ١٨٩٧ ده تقریباً اون آلتی ميليونى نفوس بولنمقده ایدی که اون بر میلیونی اوقرايناليدر. ديمك كه اوقرايناليلر او طرفده عموم نفوسك يوزده آلتمش سکسزینی تشکیل ايدييورلر.,بو اراضی داخلنده ١٨٩٧ ده تریباً اون آلتی ميليونى نفوس بولنمقده ایدی که اون بر میلیوسنی اوقرايناليدر. ديمك كه اوقرايناليلر او طرفده غموم نفسك يوزده آلتمش سکسزینی تشکیل ايدياورلر.
352,19,بو ارضی داخلنده ١٨٩٧ ده تقریباً ىون آلتی ميليونى نفوس بولقده ایدی يه اون برمیلیونی اوايناليدر.ديمككه اوقراي نالير او طرفده عموم نفوسك يوزده آتمش سکسزینی تکیل ايدييوزلر.,بو اراضی داخلنده ١٨٩٧ ده تقریباً اون آلتی ميليونى نفوس بولنمقده ایدی که اون بر میلیونی اوقرايناليدر. ديمك كه اوقرايناليلر او طرفده عموم نفوسك يوزده آلتمش سکسزینی تشکیل ايدييورلر.,بو ارضی داخلنده ١٨٩٧ ده تقریباً اون آلتی ميليونى نفوس بولقده ایدی يه اون برمیلیونی اوايناليدر. ديمكه اوقراينالير او طرفده عموم نفوسك يوزده آتمش سکسزینی تکیل ايدييورلر.
396,0,ةیئت استخلىصه، كندی مؤكللرينه مؤثر بر معاونت ابرزايده بيلم ايچن روش او قرایناسند هم ملی، هم سیاسی برتشکیلات وجوده كتیردی.,هیئت استخلاصه، کندی مؤكللرينه مؤثر بر معاونت ابرازايده بيلمك ايچون روس او قرایناسنده هم ملی، هم سیاسی بر تشکیلات وجوده كتیردی.,حیئت استخلاصه، کندی مؤكللرينه مؤثر بر معاونت ابرزايده بيلم ايچن روس او قرایناسنده هم ملی، هم سیاسی برتشکیلات وجوده کتیردی.
396,1,هیئت ىستخلاضه، کندی مؤكللرينه مؤثر بر معاونت ابرازاکد بيلمك ايخچون روس او قرایناسندةهم ملی، هزم سیاسی بر تشيیلات وجوده كتیردی.,هیئت استخلاصه، کندی مؤكللرينه مؤثر بر معاونت ابرازايده بيلمك ايچون روس او قرایناسنده هم ملی، هم سیاسی بر تشکیلات وجوده كتیردی.,هیئت استخلاضه، کندی مؤكللرينه مؤثر بر معاونت ابرازايد بيلمك ايخچون روس او قرایناسنده ملی، هزم سیاسی بر تشکیلات وجوده کتیردی.
396,2,هیئب استخلاصه، کندی مؤکللرينه مؤثر ب معاونت ابرازاده بيلمك ايچون روس ىو قرایناسنده هم ملی، هم سیاسی بر تسکیلات وجوده كتیردی.,هیئت استخلاصه، کندی مؤكللرينه مؤثر بر معاونت ابرازايده بيلمك ايچون روس او قرایناسنده هم ملی، هم سیاسی بر تشکیلات وجوده كتیردی.,هیئب استخلاصه، کندی مؤکللرينه مؤثر به معاونت ابرازاده بيلمك ايچون روس او قرایناسنده هم ملی، هم سیاسی بر تسکیلات وجوده کتیردی.
396,3,هیئت استخلاصه، کندی مؤكللرينه مؤثر بر معاونت اب رازاي ده بيلمك ايچون روس او قرایناسندههم ملی، ه سیاسی بر تجشيیلات و جوده كتیردی.,هیئت استخلاصه، کندی مؤكللرينه مؤثر بر معاونت ابرازايده بيلمك ايچون روس او قرایناسنده هم ملی، هم سیاسی بر تشکیلات وجوده كتیردی.,هیئت استخلاصه، کندی مؤكللرينه مؤثر بر معاونت ابرازايده بيلمك ايچون روس او قرایناسنده هم ملی، حسیاسی بر تجشیلات و جوده کتیردی.
396,4,هیئت استخلاصه، کندی مؤكللري نه مؤثر بز معا وثت ابرازاکدده بيلمك ايچون روس او قرىناسنه هم ملی، همسیاسی بر تشکیلات وجوده كتیردی.,هیئت استخلاصه، کندی مؤكللرينه مؤثر بر معاونت ابرازايده بيلمك ايچون روس او قرایناسنده هم ملی، هم سیاسی بر تشکیلات وجوده كتیردی.,هیئت استخلاصه، کندی مؤكللرينه مؤثر بر معاونت ابرازايده بيلمك ايچون روس او قراناسنه هم ملی، همسیاسی بر تشکیلات وجوده کتیردی.
396,5,هیت استخلاصه، کندی مؤك للرينة مؤثر بز معاونت اثرازايده بيلماك يچون روس او قرایناسقنده م ملی، هم سیاسی بر تشکیلات وجوده كتیری.,هیئت استخلاصه، کندی مؤكللرينه مؤثر بر معاونت ابرازايده بيلمك ايچون روس او قرایناسنده هم ملی، هم سیاسی بر تشکیلات وجوده كتیردی.,هیت استخلاصه، کندی مؤكللرينه مؤثر بر معاونت اثراز ايده بيلماك بچون روس او قرایناسنده مملی، هم سیاسی بر تشکیلات وجوده کتیری.
396,6,هیئت اسضتخلاصة، كندیمؤكللرينه مؤث ر بر معاونت ابرازايده ب کلمك ايچو ن روس او قرایناسنة هم ملی، هم سیاسی بز تشکیلات وجوده كتیيردی.,هیئت استخلاصه، کندی مؤكللرينه مؤثر بر معاونت ابرازايده بيلمك ايچون روس او قرایناسنده هم ملی، هم سیاسی بر تشکیلات وجوده كتیردی.,هیئت استخلاصه، كندی مؤكللرينه مؤثر بر معاونت ابرازايده بيلمك ايچون روس او قرایناسنه هم ملی، هم سیاسی بر تشکیلات وجوده کتیردی.
396,7,ةیئت استخاصه،کندی مؤكللرينه مؤث بر معاونت اآبرازايده بيلمك ايچون روس او قرایناسنده هم ملی، م ساسی ب تشکیلات وجوده كتیرذی.,هیئت استخلاصه، کندی مؤكللرينه مؤثر بر معاونت ابرازايده بيلمك ايچون روس او قرایناسنده هم ملی، هم سیاسی بر تشکیلات وجوده كتیردی.,حیئت استخاصه، کندی مؤكللرينه مؤث بر معاونت ابرازايده بيلمك ايچون روس او قرایناسنده هم ملی، مساسی بر تشکیلات وجوده کتیردی.
396,8,ةیئن اسبخلاصه، کندیآ مؤكللرييه مؤثربر مغاونت ابرازايده بيلمك اي چون روس او قرایناسندة هم ملی،ع هم سیا سی بر تشیلاتص وح وإده کتیردی.,هیئت استخلاصه، کندی مؤكللرينه مؤثر بر معاونت ابرازايده بيلمك ايچون روس او قرایناسنده هم ملی، هم سیاسی بر تشکیلات وجوده كتیردی.,حیئن اسبخلاصه، کندی مؤكللرينه مؤثر بر معاونت ابرازايده بيلمك ايچون روس او قرایناسنده هم ملی، عهم سیاسی بر تشیلات وحوده کتیردی.
396,9,هیئت استخ لاصه، کندی مؤكللينه مؤثر برن معاونت ارازايده بيلم ك ايچوث روس و قراناسنده هم ملی، ةم سیاسی ير نشکیلىت وجوده كتیردی.,هیئت استخلاصه، کندی مؤكللرينه مؤثر بر معاونت ابرازايده بيلمك ايچون روس او قرایناسنده هم ملی، هم سیاسی بر تشکیلات وجوده كتیردی.,هیئت استخلاصه، کندی مؤكللينه مؤثر برندن معاونت ارازايده بيلمك ايچون روس و قراناسنده هم ملی، هم سیاسی بر نشکیلات وجوده کتیردی.
396,10,هیئت استخلاصه، کندی مؤكللرينه مؤثر بر معاونت ابرازاي دهبيلمك ايچون روس او قراینسقنده هم ملی، هم سیاسی بر تشکیلا ت وجوده كتیردی.,هیئت استخلاصه، کندی مؤكللرينه مؤثر بر معاونت ابرازايده بيلمك ايچون روس او قرایناسنده هم ملی، هم سیاسی بر تشکیلات وجوده كتیردی.,هیئت استخلاصه، کندی مؤكللرينه مؤثر بر معاونت ابرازاينده بيلمك ايچون روس او قرایناسنده هم ملی، هم سیاسی بر تشکیلات وجوده کتیردی.
396,11,هیئت استخلصه، كندی مؤكللرىن مؤبر بر م عاونت ابرزايده بلمك ايچون روس او قرایباسند ه هم ملی، هم سیجاسی بر تشکیلات وجوده كت یردی.,هیئت استخلاصه، کندی مؤكللرينه مؤثر بر معاونت ابرازايده بيلمك ايچون روس او قرایناسنده هم ملی، هم سیاسی بر تشکیلات وجوده كتیردی.,هیئت استخلصه، کندی مؤكللرين مؤبر بر معاونت ابرزايده بلمك ايچون روس او قرایناسنده هم ملی، هم سیاسی بر تشکیلات وجوده كتیردی.
396,12,هیئت استخلاضه، کندی مؤكللرينه مؤثر بر معاونت ابرازذايده بيلمك ايچون روس او قرىیناسنده هم می، هم ساسی بر تشکیلات وجوده کتیزدی.,هیئت استخلاصه، کندی مؤكللرينه مؤثر بر معاونت ابرازايده بيلمك ايچون روس او قرایناسنده هم ملی، هم سیاسی بر تشکیلات وجوده كتیردی.,هیئت استخلاضه، کندی مؤكللرينه مؤثر بر معاونت ابرازدايده بيلمك ايچون روس او قرایناسنده هم می، هم ساسی بر تشکیلات وجوده کتیردی.
396,13,هیئت ىتجلاصه،کدی مؤكللرين مؤثر بر مغاونت ابرازايدهبيلمك اکچون روس او قرایباسنده هم ملی، هم سیاسی بر تشکلىت وجودة كتیردی.,هیئت استخلاصه، کندی مؤكللرينه مؤثر بر معاونت ابرازايده بيلمك ايچون روس او قرایناسنده هم ملی، هم سیاسی بر تشکیلات وجوده كتیردی.,هیئت اتجلاصه، کدی مؤكللرين مؤثر بر معاونت ابراز ايده بيلمك اکچون روس او قرایناسنده هم ملی، هم سیاسی بر تشکلات وجوده کتیردی.
396,14,هی ئت استطخلاصه، کندی مؤكللريةز مؤثر بر معاونت ابزازايده بيلمك ايچون روساو قرایناشنذ هم ملی، هم سیاسی بر تسکیلي وج وده كتیردی.,هیئت استخلاصه، کندی مؤكللرينه مؤثر بر معاونت ابرازايده بيلمك ايچون روس او قرایناسنده هم ملی، هم سیاسی بر تشکیلات وجوده كتیردی.,هیئت استطلاصه، کندی مؤكللريهز مؤثر بر معاونت ابزارايده بيلمك ايچون روس او قرایناسنده هم ملی، هم سیاسی بر تسکیلى وجوده کتیردی.
396,15,ةیئت استخلاصه، کندی مؤكللرينة مؤثز بر معاونت ابرازايده بيلمنك اكچون روس او قرایناسنده هم ملی، هم سیاسی بر تکلات وجوده كتیردی.,هیئت استخلاصه، کندی مؤكللرينه مؤثر بر معاونت ابرازايده بيلمك ايچون روس او قرایناسنده هم ملی، هم سیاسی بر تشکیلات وجوده كتیردی.,حیئت استخلاصه، کندی مؤكللرينه مؤثر بر معاونت ابرازايده بيلمنك ايچون روس او قرایناسنده هم ملی، هم سیاسی بر تکلات وجوده کتیردی.
396,16,هیئت ىتلاصه، کند مؤكللرينه مؤثر بر مععاون اترازا که بيلمك ايچون روس او قرایياسنده همي ملی، هم سیاسی بر تشکیلات وجودة كتیردی.,هیئت استخلاصه، کندی مؤكللرينه مؤثر بر معاونت ابرازايده بيلمك ايچون روس او قرایناسنده هم ملی، هم سیاسی بر تشکیلات وجوده كتیردی.,هیئت اتلاصه، کنده مؤكللرينه مؤثر بر معاون اترازا که بيلمك ايچون روس او قرایناسنده هميملی، هم سیاسی بر تشکیلات وجوده کتیردی.
396,17,هیئت اشتخلاصثه، كندی مؤكللرينه مؤثر بر معاونتق ابرازايده ييلمك اىچون روس او قراناسندة هم ملی، هم سیاس بر تشکیلات وجوده كتیردی.,هیئت استخلاصه، کندی مؤكللرينه مؤثر بر معاونت ابرازايده بيلمك ايچون روس او قرایناسنده هم ملی، هم سیاسی بر تشکیلات وجوده كتیردی.,هیئت اشتخلاصنه، كندی مؤكللرينه مؤثر بر معاونتق ابرازايده ييلمك ايچون روس او قراناسنده هم ملی، هم سیاس بر تشکیلات وجوده کتیردی.
396,18,هیئت استحلاصه، کندی مؤكللرينه مؤثر بر معاوغنت ابرازايده بيلمك اکچون زوس او قرایناسنده هم ملی، هم سیاسی بر تشکیلات وجوده كتیردی.,هیئت استخلاصه، کندی مؤكللرينه مؤثر بر معاونت ابرازايده بيلمك ايچون روس او قرایناسنده هم ملی، هم سیاسی بر تشکیلات وجوده كتیردی.,هیئت استحلاصه، کندی مؤكللرينه مؤثر بر معاوغنت ابرازايده بيلمك اکچون زوس او قرایناسنده هم ملی، هم سیاسی بر تشکیلات وجوده کتیردی.
396,19,هیئث استخلاصه، کندی مؤكللرنة مؤثر بر معاوجنت ابراايده بيلمك ايچون روس او فرایناسنده هم ملی، هم سیاشیبر تشکیلات وجوزده كتیردی.,هیئت استخلاصه، کندی مؤكللرينه مؤثر بر معاونت ابرازايده بيلمك ايچون روس او قرایناسنده هم ملی، هم سیاسی بر تشکیلات وجوده كتیردی.,هیئت استخلاصه، کندی مؤكللرنه مؤثر بر معاوجنت ابراايده بيلمك ايچون روس او قرایناسنده هم ملی، هم سیاسی بر تشکیلات وجورده کتیردی.
82,0,کندیب حقوق مليەرینی مداعه وتوشيع ايچونقزاقلر بر قاچ دفعه پولونياليلره تعرض و هجوم ابتدىلر.,کندی حقوق مليەلرینی مدافعه وتوسيع ايچون قزاقلر بر قاچ دفعه پولونياليلره تعرض و هجوم ابتديلر.,کندی حقوق مليەرینی مداعه وتوشيع ايچون قزاقلر بر قاچ دفعه پولونياليلره تعرض و هجوم ابتدالر.
82,1,کندی حقوق مليەلرینی مدا فعه وتوسع ىيچون قزضقلر بر قا چ دفغه پولونياليلره تغرض و هجومىبتديلر.,کندی حقوق مليەلرینی مدافعه وتوسيع ايچون قزاقلر بر قاچ دفعه پولونياليلره تعرض و هجوم ابتديلر.,کندی حقوق مليەلرینی مدافعه وتوسع ايچون قرقلر بر قاچ دفغه پولونياليلره تغرض و هجوم ابتديلر.
82,2,کبدی حقوق ميەرینی مفدافعة وتوسکع ايچون قزاقلر بر قاچ دفعه پولضونياليلره تعرض و هجوم ابتديلز.,کندی حقوق مليەلرینی مدافعه وتوسيع ايچون قزاقلر بر قاچ دفعه پولونياليلره تعرض و هجوم ابتديلر.,کبدی حقوق متەرینی مفدافعه وتوسيع ايچون قزاقلر بر قاچ دفعه پولونياليلره تعرض و هجوم ابتديلر.
82,3,کندیحقوق مليەلرینی مدافعه ونوسكع ايچن قزاقلر بر قاچ دفعه پولونياليلره تعرض و هجوم ابتديلز.,کندی حقوق مليەلرینی مدافعه وتوسيع ايچون قزاقلر بر قاچ دفعه پولونياليلره تعرض و هجوم ابتديلر.,کندی حقوق مليەلرینی مدافعه ونوسكع ايچن قزاقلر بر قاچ دفعه پولونياليلره تعرض و هجوم ابتديلر.
82,4,کندطی حقوق مليەلرینیإ م دافعه وتوسيع ايچون قاقل بر ق اچ دفعه پولونياليلره تعرزض و هجوم انتديلر,کندی حقوق مليەلرینی مدافعه وتوسيع ايچون قزاقلر بر قاچ دفعه پولونياليلره تعرض و هجوم ابتديلر.,کندی حقوق مليەلرینی مدافعه وتوسيع ايچون قاقل بر قاچ دفعه پولونياليلره تعرز و هجوم انتديلر.
82,5,کتدی حقوق مليەلرینی مدافعه وتوسيع ايچون قزاقلر بر قاچ دعفعه پولوثيالكلره تغرض و هجوم ابتىلر.,کندی حقوق مليەلرینی مدافعه وتوسيع ايچون قزاقلر بر قاچ دفعه پولونياليلره تعرض و هجوم ابتديلر.,کتدی حقوق مليەلرینی مدافعه وتوسيع ايچون قزاقلر بر قاچ دعفعه پولونياليلره تغرض و هجوم ابتالر.
82,6,کند حقوقمليەلرینی مدافعة وتفوسيع ايچون قزاقلربر قاچ ذفعه پولونيىلل ره تعرض و ةجوم ابتديلر.,کندی حقوق مليەلرینی مدافعه وتوسيع ايچون قزاقلر بر قاچ دفعه پولونياليلره تعرض و هجوم ابتديلر.,کنده حقوق مليەلرینی مدافعه وتفوسيع ايچون قزاقلربر قاچ دفعه پولونياللره تعرض و هجوم ابتديلر.
82,7,كندی حفوق ميەلرینی مدافعه وتوسيع ايچون قزصافلر بر قاچ دفعه پولونياليلره تعرص و هجوم ايتديلر.,کندی حقوق مليەلرینی مدافعه وتوسيع ايچون قزاقلر بر قاچ دفعه پولونياليلره تعرض و هجوم ابتديلر.,كندی حفوق ميەلرینی مدافعه وتوسيع ايچون قزافلر بر قاچ دفعه پولونياليلره تعرص و هجوم ايتديلر.
82,8,کتدی حقوق مليەلرینی مدافعه وتوشيع اکچون قزاقلر بر قاچدفعه پولونىاليلره بعرضش و هنجوم ابتديلر.,کندی حقوق مليەلرینی مدافعه وتوسيع ايچون قزاقلر بر قاچ دفعه پولونياليلره تعرض و هجوم ابتديلر.,کتدی حقوق مليەلرینی مدافعه وتوشيع ايچون قزاقلر بر قاچدفعه پولوناليلره بعرش و هنجوم ابتديلر.
82,9,کندیظ حقوق ملكەلرینی مدافعه وتوس ىع ىيچون فزاقلر بري قاچ د فعه پ ولونياليلره تعر ض و هجوم ادبتدكلز.,کندی حقوق مليەلرینی مدافعه وتوسيع ايچون قزاقلر بر قاچ دفعه پولونياليلره تعرض و هجوم ابتديلر.,کندی حقوق ملکەلرینی مدافعه وتوساع ايچون فراقلر برينقاچ دفعه پولونياليلره تعرض و هجوم ادبتديلر.
82,10,کندی حقوق ملزيەلرینی مدافعه وتوسىع ايچون فرىقلر بر قا چ دقعه ولونياليلره تعرض و هجومک اتتديلر.,کندی حقوق مليەلرینی مدافعه وتوسيع ايچون قزاقلر بر قاچ دفعه پولونياليلره تعرض و هجوم ابتديلر.,کندی حقوق ملريەلرینی مدافعه وتوساع ايچون فراقلر بر قاچ دقعه ولونياليلره تعرض و هجومك اتتديلر.
82,11,کندی حقوق مليەلرینی مدفعه تويع ايچون قزىقلر بر قچ دفه پولونياليلره نعرض و هجم اتتديلز.,کندی حقوق مليەلرینی مدافعه وتوسيع ايچون قزاقلر بر قاچ دفعه پولونياليلره تعرض و هجوم ابتديلر.,کندی حقوق مليەلرینی مدفعه تويع ايچون قزاقلر بر قچدفه پولونياليلره نعرض و هجم اتتديلر.
82,12,کندی حقق مليەلرینی مداقعه وتوسيع يچون قراقلر ير قچ دفعه پولونياليلره تعرض و هجوظم ابتديلر.,کندی حقوق مليەلرینی مدافعه وتوسيع ايچون قزاقلر بر قاچ دفعه پولونياليلره تعرض و هجوم ابتديلر.,کندی حقق مليەلرینی مداقعه وتوسيع ايچون قراقلر ير قچ دفعه پولونياليلره تعرض و هجوظم ابتديلر.
82,13,کندی حقوق ملىەلرینی مدفعه وتوجسيع ايچون قزاقلر بر اچ دفعه پولونياليلزه تعرض و هو ابتذيلر.,کندی حقوق مليەلرینی مدافعه وتوسيع ايچون قزاقلر بر قاچ دفعه پولونياليلره تعرض و هجوم ابتديلر.,کندی حقوق ملاەلرینی مدفعه وتوجسيع ايچون قزاقلر بر اچ دفعه پولونياليلره تعرض و هو ابتديلر.
82,14,کندی حقوق ميەلرینی مدافأعه وتوشيع ايچون قزاقلر بر قاچ دفعه ولونياليره تعرض و هجوم ابتديلر.,کندی حقوق مليەلرینی مدافعه وتوسيع ايچون قزاقلر بر قاچ دفعه پولونياليلره تعرض و هجوم ابتديلر.,کندی حقوق ميەلرینی مدافعه وتوشيع ايچون قزاقلر بر قاچ دفعه ولونياليره تعرض و هجوم ابتديلر.
82,15,کندیحقوق مليەلرینی مدافعه وتوسغ ايچون قز اقلر برأ قاچدفه پولونيال يلره تعرض و هجوم ابتديلر,کندی حقوق مليەلرینی مدافعه وتوسيع ايچون قزاقلر بر قاچ دفعه پولونياليلره تعرض و هجوم ابتديلر.,کندی حقوق مليەلرینی مدافعه وتوسع ايچون قزاقلر بر قاچده پولونياليلره تعرض و هجوم ابتديلر.
82,16,کندی حقوق مليەلرنی مدافعه وتوسع ايچون قاقلر بر قاچ ذفعه پولونياليلره تغرضو هجوم ابتديلر.,کندی حقوق مليەلرینی مدافعه وتوسيع ايچون قزاقلر بر قاچ دفعه پولونياليلره تعرض و هجوم ابتديلر.,کندی حقوق مليەلرنی مدافعه وتوسع ايچون قاقلر بر قاچ دفعه پولونياليلره تغرو هجوم ابتديلر.
82,17,کنذی حقوق مليەلرینی مدافعه وتوسيغ ايچون قزاقلر بر قاچ قعه پولونياليلره تعرخض و هجوم ابتديلر,کندی حقوق مليەلرینی مدافعه وتوسيع ايچون قزاقلر بر قاچ دفعه پولونياليلره تعرض و هجوم ابتديلر.,کندی حقوق مليەلرینی مدافعه وتوسيع ايچون قزاقلر بر قاچ قعه پولونياليلره تعرخ و هجوم ابتديلر.
82,18,کندی حوق مليەلرینی مدافعه وبوسيع ايثچون قزافلر بر قاچ دفعه پولونياليلره تعرض و ةجوم ابتديلر.,کندی حقوق مليەلرینی مدافعه وتوسيع ايچون قزاقلر بر قاچ دفعه پولونياليلره تعرض و هجوم ابتديلر.,کندی حوق مليەلرینی مدافعه وبوسيع ايتچون قزافلر بر قاچ دفعه پولونياليلره تعرض و هجوم ابتديلر.
82,19,کندی حقوقمليەلریبی مدجافعه وتوشيع ايچون قزاقلر بر فاچ دفع پولونياليلرهک تعرضو هجوم ابثديلر.,کندی حقوق مليەلرینی مدافعه وتوسيع ايچون قزاقلر بر قاچ دفعه پولونياليلره تعرض و هجوم ابتديلر.,کندی حقوق مليەلری بی مدافعه وتوشيع ايچون قزاقلر بر فاچ دفع پولونياليلره تعرو هجوم ابثديلر.
72,0,بوجمعيتلره متر ت وظائف، حقوق ملكه وذديانت اصليەنك محافظەسنه وانکشافته خدمت واهالی آره سنه نورع معرفتینشر ايل ک خصوصانندن عبات بولیوردی.,بوجمعيتلره مترتب وظائف، حقوق مليه وديانت اصليەنك محافظەسنه وانكشافته خدمت واهالی آره سنه نور معرفتی نشر ايلمك خصوصانندن عبات بولیوردی.,بوجمعيتلره مترت وظائف، حقوق ملكه وديانت اصليەنك محافظەسنه وانكشافته خدمت واهالی آره سنه نور معرفتی نشر ايلك خصوصانندن عبات بولیوردی.
72,1,بآوجمعيتلره مترتب و ظائف، حقوق ملكيه وذيانت اصليەنك محىفظسنه وانكش اقته خدمت واهالی آره سثه نور معرفتی شرايلمك خصوضايندن عبات بولیوردی.,بوجمعيتلره مترتب وظائف، حقوق مليه وديانت اصليەنك محافظەسنه وانكشافته خدمت واهالی آره سنه نور معرفتی نشر ايلمك خصوصانندن عبات بولیوردی.,بوجمعيتلره مترتب و ظائف، حقوق ملكيه وذيانت اصليەنك محافسنه وانك شاقته خدمت واهالی آره سنه نور معرفتی شرايلمك خصوصايندن عبات بولیوردی.
72,2,بوجمعيتلره متربب وظ ائف، حقوق مليه وديانت اصليەنك محافظەنه وانك شافته خدمت واهالی آرة سنه نور معرفتی ثشر اكلمك خصوصىنفندن عبات بو لیوردی.,بوجمعيتلره مترتب وظائف، حقوق مليه وديانت اصليەنك محافظەسنه وانكشافته خدمت واهالی آره سنه نور معرفتی نشر ايلمك خصوصانندن عبات بولیوردی.,بوجمعيتلره متربب وظائف، حقوق مليه وديانت اصليەنك محافظەنه وانك شافته خدمت واهالی آره سنه نور معرفتی ثشر ايلمك خصوص انفندن عبات بولیوردی.
72,3,بوجمعىتلره مترتب وظائف، قوق مليه وديانت اصليەنك محافظەسنه وانشافته خدم تواةالی اره ن نور معرف نشر ايلمك خصوصانندن عبات ثولیوردی.,بوجمعيتلره مترتب وظائف، حقوق مليه وديانت اصليەنك محافظەسنه وانكشافته خدمت واهالی آره سنه نور معرفتی نشر ايلمك خصوصانندن عبات بولیوردی.,بوجمعاتلره مترتب وظائف، قوق مليه وديانت اصليەنك محافظەسنه وانشافته خدم توالی اره نور معرف نشر ايلمك خصوصانندن عبات بولیوردی.
72,4,بوجمعيتلره مترب وظاغف، هوق مليه وديانت اصليەنك محافظەسنة وانكشافته خدمت واةالی آر سنهنور معرفتی نشرايلمك خصوصانند ن عبات بولیوردی.,بوجمعيتلره مترتب وظائف، حقوق مليه وديانت اصليەنك محافظەسنه وانكشافته خدمت واهالی آره سنه نور معرفتی نشر ايلمك خصوصانندن عبات بولیوردی.,بوجمعيتلره مترب وظاغف، هوق مليه وديانت اصليەنك محافظەسنه وانكشافته خدمت واهالی آر سنه نور معرفتی نشرايلمك خصوصانندن عبات بولیوردی.
72,5,بوجمعيتلرة مترتب وظائف، حقوق مليه وديان ث اصليەنك محافظەشنه وايکشافته خدمث واها لی آره ستهنوعر معرفتی ن شر ايلمك خصوصاننذن عبات بولیوردی.,بوجمعيتلره مترتب وظائف، حقوق مليه وديانت اصليەنك محافظەسنه وانكشافته خدمت واهالی آره سنه نور معرفتی نشر ايلمك خصوصانندن عبات بولیوردی.,بوجمعيتلره مترتب وظائف، حقوق مليه وديان باصليەنك محافظەسنه وايکشافته خدم واهالی آره سته نوعر معرفتی نشر ايلمك خصوصانندن عبات بولیوردی.
72,6,بخمعيتلره مترثب وظائف، حقوق مليه وديىنت اصليەن ك حجافظەسيه وايكشافته خدمت واهالی آره سنه نور مغرقتی نشر اکلمك خصوصابندث عبت بولیوردی.,بوجمعيتلره مترتب وظائف، حقوق مليه وديانت اصليەنك محافظەسنه وانكشافته خدمت واهالی آره سنه نور معرفتی نشر ايلمك خصوصانندن عبات بولیوردی.,بخمعيتلره مترثب وظائف، حقوق مليه وديانت اصليەنك حجافەسيه وايكشافته خدمت واهالی آره سنه نور مغرقتی نشر ايلمك خصوصابندن عبت بولیوردی.
72,7,بوجمعيتلره منرتب وظائف، هقوق ملية وديانت ىصلەزثك محافظەسنة وانكشافته خد مت واهالی آره سنه نور معرفثی نشر المك خصصانندن عبات ب ویوردی.,بوجمعيتلره مترتب وظائف، حقوق مليه وديانت اصليەنك محافظەسنه وانكشافته خدمت واهالی آره سنه نور معرفتی نشر ايلمك خصوصانندن عبات بولیوردی.,بوجمعيتلره منرتب وظائف، هقوق مليه وديانت اصلەرنك محافظەسنه وانكشافته خدمت واهالی آره سنه نور معرفتی نشر المك خصصانندن عبات بویوردی.
72,8,بوجمعيتلره متفرتب وظائف،حقوق مليه وديانت ىصليەنك محافظەسيهوىنكشافته خدمت واهالی آرهخ سنره نور معرفتی نبشر اكلمك خصوصانندن عبات يولیوردی.,بوجمعيتلره مترتب وظائف، حقوق مليه وديانت اصليەنك محافظەسنه وانكشافته خدمت واهالی آره سنه نور معرفتی نشر ايلمك خصوصانندن عبات بولیوردی.,بوجمعيتلره متفرتب وظائف، حقوق مليه وديانت اصليەنك محافظەسيه وانك شافته خدمت واهالی آره سنره نور معرفتی نبشر ايلمك خصوصانندن عبات ايولیوردی.
72,9,بوجمعطيبلره مت رتب وظائف، حقوق مليه وديانت اليەنك محافظەسنه وانك شافته خدمت واهالیآره سنه نور معزفتی نسر يلمك خضوصانندن عبات بولیوردی.,بوجمعيتلره مترتب وظائف، حقوق مليه وديانت اصليەنك محافظەسنه وانكشافته خدمت واهالی آره سنه نور معرفتی نشر ايلمك خصوصانندن عبات بولیوردی.,بوجمع طيبلره مترتب وظائف، حقوق مليه وديانت اليەنك محافظەسنه وانك شافته خدمت واهالی آره سنه نور معزفتی نسر يلمك خوصانندن عبات بولیوردی.
72,10,بوجمعيتلره مترت وظاثئف، حقوقه مليية و ديانت اصليەنك محافظەسنه وانكشافبه خدمت واهالی آره سنه نور معقتی نشر ايلمك صوصانندن عبت بولیوزدی.,بوجمعيتلره مترتب وظائف، حقوق مليه وديانت اصليەنك محافظەسنه وانكشافته خدمت واهالی آره سنه نور معرفتی نشر ايلمك خصوصانندن عبات بولیوردی.,بوجمعيتلره مترت وظاثئف، حقوقه ملينه و ديانت اصليەنك محافظەسنه وانك شافبه خدمت واهالی آره سنه نور معقتی نشر ايلمك صوصانندن عبت بولیوردی.
72,11,بوجمعيتلره مترتب وظائف، حقوق مليه وديانت اصليەنك محافظ ەسنه وثكسافته خدمت واهالی ره سنه نور معرفتی نشر ايلم خصوصايندن عبا بولیوردی.,بوجمعيتلره مترتب وظائف، حقوق مليه وديانت اصليەنك محافظەسنه وانكشافته خدمت واهالی آره سنه نور معرفتی نشر ايلمك خصوصانندن عبات بولیوردی.,بوجمعيتلره مترتب وظائف، حقوق مليه وديانت اصليەنك محافظەسنه وتكسافته خدمت واهالیره سنه نور معرفتی نشر ايلم خصوص ايندن عبا بولیوردی.
72,12,وجمغيلره مثرتبج وظائف، حقوق مليه وديانت اص ليەنك محافظەسنه وانكشافته خدمت واهالی آره سنه نور معزفتی نشر ىيلمك خصوصايثدن عبات بولیوردی.,بوجمعيتلره مترتب وظائف، حقوق مليه وديانت اصليەنك محافظەسنه وانكشافته خدمت واهالی آره سنه نور معرفتی نشر ايلمك خصوصانندن عبات بولیوردی.,وجمعيلره مثرتبج وظائف، حقوق مليه وديانت اصليەنك محافظەسنه وانكشافته خدمت واهالی آره سنه نور معزفتی نشر ايلمك خصوص ايتدن عبات بولیوردی.
72,13,بوجمعيتلره مترتب وظائق، حزقوق مليه ويانت اصليەنك محافظەسنة وايكشافته خقدمب واهالی آره سنة بور م عرفتین نشر اأيلمك خصوصانندن عبات بولیوردی.,بوجمعيتلره مترتب وظائف، حقوق مليه وديانت اصليەنك محافظەسنه وانكشافته خدمت واهالی آره سنه نور معرفتی نشر ايلمك خصوصانندن عبات بولیوردی.,بوجمعيتلره مترتب وظائق، حزقوق مليه ويانت اصليەنك محافظەسنه وايكشافته خقدم واهالی آره سنه بورم عرفتین نشر ايلمك خصوصانندن عبات بولیوردی.
72,14,بوجمعيتلره مترتب وظائ، هقوف مليه ويانت ىصليەنك محافظەشنه وانكشافتهخدمت واهالی آره سنة نور معرفینشر ايلمك خصوصاننذن عبا بولیوردی.,بوجمعيتلره مترتب وظائف، حقوق مليه وديانت اصليەنك محافظەسنه وانكشافته خدمت واهالی آره سنه نور معرفتی نشر ايلمك خصوصانندن عبات بولیوردی.,بوجمعيتلره مترتب وظائ، هقوف مليه ويانت اصليەنك محافظەسنه وانك شافته خدمت واهالی آره سنه نور معرفی تشر ايلمك خصوصانندن عبا بولیوردی.
72,15,بوجمعيتلزهمترتب وظائف، حقوق ملية وديانت اصلي ەنک محافظەسنه وانكشافته خدمت ودا الی آره سه ور معرفتی بكسر ايلمك خصوصايندن عبت بولیوردی.,بوجمعيتلره مترتب وظائف، حقوق مليه وديانت اصليەنك محافظەسنه وانكشافته خدمت واهالی آره سنه نور معرفتی نشر ايلمك خصوصانندن عبات بولیوردی.,بوجمعيتلره مترتب وظائف، حقوق مليه وديانت اصليەنك محافظەسنه وانكشافته خدمت وداالی آره سهور معرفتی بكسر ايلمك خصوص ايندن عبت بولیوردی.
72,16,بوجمعيتلره مترتب وظائف، حقوق ليه وديانت اصليەنك محافظەسنه وىكشافته خدمت واهالی آره سنه نور معرفتی نشر اكيلمك خصإوصازنندن عبات ولوردی.,بوجمعيتلره مترتب وظائف، حقوق مليه وديانت اصليەنك محافظەسنه وانكشافته خدمت واهالی آره سنه نور معرفتی نشر ايلمك خصوصانندن عبات بولیوردی.,بوجمعيتلره مترتب وظائف، حقوق ليه وديانت اصليەنك محافظەسنه واكشافته خدمت واهالی آره سنه نور معرفتی نشر ايلمك خصوصارنندن عبات ولوردی.
72,17,بوجميتلره مترتب وظ اأئف، حقوق مليه وديانت اصليەنك محافظەسنه وانكشافته حدمت واهالی آره سنه تور معرفتینشر اىل مك خصوصىنندن عبات يولیورذی.,بوجمعيتلره مترتب وظائف، حقوق مليه وديانت اصليەنك محافظەسنه وانكشافته خدمت واهالی آره سنه نور معرفتی نشر ايلمك خصوصانندن عبات بولیوردی.,بوجميتلره مترتب وظائف، حقوق مليه وديانت اصليەنك محافظەسنه وانكشافته حدمت واهالی آره سنه تور معرفتی نشر ايلمك خصوصانندن عبات بولیوردی.
72,18,بومعيتلرة مترتب وائف، حقوق ملي وذاأنت اصلەآنمحافظەسنه وانكشافته خدمت واةىلی آره سنه نور مغرفتی نشر ايلمك خصصانندن ثا بولیوردی.,بوجمعيتلره مترتب وظائف، حقوق مليه وديانت اصليەنك محافظەسنه وانكشافته خدمت واهالی آره سنه نور معرفتی نشر ايلمك خصوصانندن عبات بولیوردی.,بومعيتلره مترتب وائف، حقوق ملى وذانت اصلەآن محافظەسنه وانكشافته خدمت واهالی آره سنه نور مغرفتی نشر ايلمك خصصانندن با بولیوردی.
72,19,بوجم عيتلره متر تب وظساك ئق، حقوق ملي ه وديى نت اصليەنك مهافظەسنه واتكشافته خد مت واهالی آر سنة نور معزفتكی نشر ايلمك خ صوضانندن عبات بولیوردی.,بوجمعيتلره مترتب وظائف، حقوق مليه وديانت اصليەنك محافظەسنه وانكشافته خدمت واهالی آره سنه نور معرفتی نشر ايلمك خصوصانندن عبات بولیوردی.,بوجمعيتلره مترتب وطساكئق، حقوق مليه وديانت اصليەنك مهافەسنه واتكشافته خدمت واهالی آرسنه نور معزفتكی نشر ايلمك خصوصانندن عبات بولیوردی.
