row_id,noisy,prediction,clean,cer_noisy,cer_prediction,cer_improvement,wer_noisy,wer_prediction,wer_improvement,noisy_len,prediction_len,clean_len
0,هی ئت استخلاصه لك باسه حقار مقله موظف وم كلف ىولدیغی وظائف فعليه وعاليده اوقدز مختلف ومتنوعدركة بنلر آنج عمةومی بر صورنده ایما و اضاح اولنەبىلير.,هیئت استخلاصه لك باسه حقار مقله موظف ومكلف اولدیغی وظائف فعليه وعاليده اوقردر مختلف ومتنوعدركه بنلر آنج عمومی بر صورنده ایما و اضاح اولنەبالير.,هیئت استخلاصه لك باشه حقار مقله موظف ومكلف اولدیغی وظائف فعليه وعاليه اوقدر مختلف ومتنوعدركه بونلر آنجق عمومی بر صورنده ایما و ايضاح اولنەبيلير.,0.08333333333333333,0.04861111111111111,0.03472222222222222,0.5833333333333334,0.2916666666666667,0.2916666666666667,145,143,144
1,هیئت استخلاصهر لك باشه حقار مقله موظف وكلف اولدیثغی وظائ ف فاعليه وعالي ه ىوقدر مختلف ومتنوعدركهغ بونلر آنجق عمومی بر صورآنده ایما و ايضاح اولنەبيليز.,هیئت استخلاصه رلك باشه حقار مقله موظف وكلف اولدیغی وظائف فاعليه وعاليه اوقدر مختلف ومتنوعدركه بونلر آنجق عمومی بر صورآنده ایما و ايضاح اولنەبيلير.,هیئت استخلاصه لك باشه حقار مقله موظف ومكلف اولدیغی وظائف فعليه وعاليه اوقدر مختلف ومتنوعدركه بونلر آنجق عمومی بر صورنده ایما و ايضاح اولنەبيلير.,0.06944444444444445,0.027777777777777776,0.04166666666666667,0.5,0.16666666666666666,0.33333333333333337,150,146,144
2,ةیئت استخلاصه لك باشه حقار مهقله موظف ومكلف اولدیغی وطائف فعليه وعاليه اوف در مختلف وتنوعدركه بونلر آنجف عمومی بر صورنده ا یما و ايضاح اولنەبيليز.,حیئت استخلاصه لك باشه حقار مهقله موظف ومكلف اولدیغی وطائف فعليه وعاليه اوقردر مختلف وتنوعدركه بونلر آنجف عمومی بر صورنده ایما و ايضاح اولنەبيلير.,هیئت استخلاصه لك باشه حقار مقله موظف ومكلف اولدیغی وظائف فعليه وعاليه اوقدر مختلف ومتنوعدركه بونلر آنجق عمومی بر صورنده ایما و ايضاح اولنەبيلير.,0.0625,0.041666666666666664,0.020833333333333336,0.4166666666666667,0.25,0.16666666666666669,146,145,144
3,هیئت استخلاصة لك بىشه حقار مقصله موظق ومكلف اولدیی وظائف فعلي وعاكه اوقدر مختلف ومتنوعدركصة بونلر آنجق عمومی بر ورنده ایما و ايضاح اولنەبيلير.,هیئت استخلاصه لك باشه حقار مقصله موظق ومكلف اولدیی وظائف فعلى وعاكه اوقدر مختلف ومتنوعدركصه بونلر آنجق عمومی بر ورنده ایما و ايضاح اولنەبيلير.,هیئت استخلاصه لك باشه حقار مقله موظف ومكلف اولدیغی وظائف فعليه وعاليه اوقدر مختلف ومتنوعدركه بونلر آنجق عمومی بر صورنده ایما و ايضاح اولنەبيلير.,0.0763888888888889,0.0625,0.013888888888888895,0.375,0.2916666666666667,0.08333333333333331,142,142,144
4,هیئتظ اس تخلاصه لك باشة حقار مفل موف ومكلف اولدیغی وظئف فعليه وعاليه اوقدر مسختلف ومنوعدركه بونلرآنجق عمومی بر صورنده ایماو اضاح ا ولنەبيلکر.,هیئت استخلاصه لك باشه حقار مفل موفومكلف اولدیغی وئف فعليه وعاليه اوقردر مستلف ومنوعدركه بونلر آنجق عمومی بر صورنده ایماو اضاح اولنەبيلير.,هیئت استخلاصه لك باشه حقار مقله موظف ومكلف اولدیغی وظائف فعليه وعاليه اوقدر مختلف ومتنوعدركه بونلر آنجق عمومی بر صورنده ایما و ايضاح اولنەبيلير.,0.09722222222222222,0.0763888888888889,0.02083333333333333,0.625,0.4166666666666667,0.20833333333333331,141,137,144
5,هیئت اتخلاصه لك باشه حقار مفله موظف ومكلف اولدیغی وظائف فعليه عالكه او قدز ختلف ومنوعذرکهبونلر آنجق عمومی بهر ورنده ایما و ايضاه اولنەبيلير.,هیئت اتخلاصه لك باشه حقار مفله موظف ومكلف اولدیغی وظائف فعليه عالكه او قدر ختلف ومنوعدركه بونلر آنجق عمومی بهر ورنده ایما و ايضاه اولنەبيلير.,هیئت استخلاصه لك باشه حقار مقله موظف ومكلف اولدیغی وظائف فعليه وعاليه اوقدر مختلف ومتنوعدركه بونلر آنجق عمومی بر صورنده ایما و ايضاح اولنەبيلير.,0.09722222222222222,0.06944444444444445,0.027777777777777776,0.4166666666666667,0.4166666666666667,0.0,140,141,144
6,هیئت استخلاصه لك باشه حقار مقله موظف ومكلف ىولدیغی وطائف فعليه وعالي ه اوقدر مختلق ومت نونعدركه ثونل ر آنجقعمومی بر صورنده ایما و يضاح اولنەبيلير.,هیئت استخلاصه لك باشه حقار مقله موظف ومكلف اولدیغی وطائف فعليه وعاليه اوقردر مختلق ومتنوندركه بونلر آنجق عمومی بر صورنده ایما و يضاح اولنەبيلير.,هیئت استخلاصه لك باشه حقار مقله موظف ومكلف اولدیغی وظائف فعليه وعاليه اوقدر مختلف ومتنوعدركه بونلر آنجق عمومی بر صورنده ایما و ايضاح اولنەبيلير.,0.06944444444444445,0.034722222222222224,0.034722222222222224,0.4583333333333333,0.20833333333333334,0.24999999999999997,146,144,144
7,هیئت استخاصه لك باسه حق ار مقلهم وظف ومكلف اولدیغی وظائف فعليه وغاليه اوقدر مختلف ومت نوعدرظكه بون لرآنتجق عمومی بر صورندهأ ایما و ايصاآح ىولنەبيلير.,هیئت استخاصه لك باسه حقار مقلهم وظف ومكلف اولدیغی وظائف فعليه وغاليه اوقردر مختلف ومتنوعدركه بونلر آنتجق عمومی بر صورنده ایما و ايصاح اولنەبيلير.,هیئت استخلاصه لك باشه حقار مقله موظف ومكلف اولدیغی وظائف فعليه وعاليه اوقدر مختلف ومتنوعدركه بونلر آنجق عمومی بر صورنده ایما و ايضاح اولنەبيلير.,0.10416666666666667,0.05555555555555555,0.04861111111111112,0.5833333333333334,0.3333333333333333,0.25000000000000006,149,145,144
8,هیئت استجلاصة لك باشة حقىر مقله موظ ق ومكلف ىولدیغی وظائف فغليه وعاليه اوقدر مختلف ومتنوعدركه بونلر آنجق عمومی بر صورندهآ یما و اياح اولنەبيلير.,هیئت استجلاصه لك باشه حقار مقله موقر ومكلف اولدیغی وظائف فعليه وعاليه اوقردر مختلف ومتنوعدركه بونلر آنجق عمومی بر صورنده یما و اياح اولنەبيلير.,هیئت استخلاصه لك باشه حقار مقله موظف ومكلف اولدیغی وظائف فعليه وعاليه اوقدر مختلف ومتنوعدركه بونلر آنجق عمومی بر صورنده ایما و ايضاح اولنەبيلير.,0.0763888888888889,0.041666666666666664,0.03472222222222223,0.4166666666666667,0.20833333333333334,0.20833333333333334,144,143,144
9,هیئت استخلاصه لك باشه حقا مقلة موطفومكلفاولدیغی وظائف فعليه وعال يه اوقدر ختلف ومکتنوعدركه بونلر آنجق غمومی بر صورده ایما و ايضاح اولبەبيليرک.,هیئت استخلاصه لك باشه حقا مقله موقومكلف اولدیغی وظائف فعليه وعاليه اوقردر ختلف ومکتنوعدركه بونلر آنجق غمومی بر صورده ایما و ايضاح اولبەبيلير.,هیئت استخلاصه لك باشه حقار مقله موظف ومكلف اولدیغی وظائف فعليه وعاليه اوقدر مختلف ومتنوعدركه بونلر آنجق عمومی بر صورنده ایما و ايضاح اولنەبيلير.,0.08333333333333333,0.06944444444444445,0.013888888888888881,0.5,0.375,0.125,142,141,144
10,هیئت استجخلاصه لك باشة حار مقه موظق ومكلف اولدیغی وظا ئف فعليه وعاليه اوقدر مختلف ومتنوعدركة بونلر آبجعمومی بز صورنده ایما و ايضاح اولنەبيليز.,هیئت استجخلاصه لك باشه حار مقه موظق ومكلف اولدیغی وظائف فعليه وعاليه اوقردر مختلف ومتنوعدركه بونلر آبجعمومی بر صورنده ایما و ايضاح اولنەبيلير.,هیئت استخلاصه لك باشه حقار مقله موظف ومكلف اولدیغی وظائف فعليه وعاليه اوقدر مختلف ومتنوعدركه بونلر آنجق عمومی بر صورنده ایما و ايضاح اولنەبيلير.,0.08333333333333333,0.05555555555555555,0.027777777777777776,0.5,0.2916666666666667,0.20833333333333331,142,142,144
11,هیئت ااشتخلاصهلك باشه حقار مقله موظف ومكلف اولدیغی وظائف فغليه وعايه اوقدر مختلف ومتنوعدركه بونلر آ نجق عمومی بر صوربده ایما و ايضاح اولنەبيلير.,هیئت اشتخلاصه لك باشه حقار مقله موظف ومكلف اولدیغی وظائف فعليه وعايه اوقردر مختلف ومتنوعدركه بونلر آنجق عمومی بر صوربده ایما و ايضاح اولنەبيلير.,هیئت استخلاصه لك باشه حقار مقله موظف ومكلف اولدیغی وظائف فعليه وعاليه اوقدر مختلف ومتنوعدركه بونلر آنجق عمومی بر صورنده ایما و ايضاح اولنەبيلير.,0.04861111111111111,0.027777777777777776,0.020833333333333336,0.2916666666666667,0.16666666666666666,0.12500000000000003,144,144,144
12,هیئت استخلازصه لك ياشة حقار مقله موظف ومكلف الدیغی وظائف فعلكه وعالي اوقدر مخ تلق متنوعةدركه ونلر آنجق عمومی بر صورنده ایما و اياح اولنەبيلير.,هیئت استخلاره لك ياشه حقار مقله موظف ومكلف الدیغی وظائف فعلكه وعالي اوقرادر مختلق متنوعه دركه ونلر آنجق عمومی بر صورنده ایما و اياح اولنەبيلير.,هیئت استخلاصه لك باشه حقار مقله موظف ومكلف اولدیغی وظائف فعليه وعاليه اوقدر مختلف ومتنوعدركه بونلر آنجق عمومی بر صورنده ایما و ايضاح اولنەبيلير.,0.08333333333333333,0.09027777777777778,-0.0069444444444444475,0.4166666666666667,0.4583333333333333,-0.04166666666666663,142,143,144
13,هیئت استخلاصه لكاشه حقار مقل موظف ومكلف او لدیغی وظائف فعليه وحع اليه اوقدر مختلفومتنوعذركه بو نلر آنجق عمومی بفر صور نده ایما و ايضشاح اولثەبيلکر.,هیئت استخلاصه لكاشه حقار مقل موظف ومكلف اولدیغی وظائف فعليه وحع اليه اوقردر مختلف ومتنوعدركه بونلر آنجق عمومی بفر صورنده ایما و ايشاح اولنەبيلير.,هیئت استخلاصه لك باشه حقار مقله موظف ومكلف اولدیغی وظائف فعليه وعاليه اوقدر مختلف ومتنوعدركه بونلر آنجق عمومی بر صورنده ایما و ايضاح اولنەبيلير.,0.09722222222222222,0.05555555555555555,0.04166666666666667,0.625,0.3333333333333333,0.2916666666666667,147,145,144
14,هیئت اشتخلاصه لك بشه حفار مقله موظف ومك ف اوةلدیغی وظائفن فعليه وعالية اوقدر مختلف ومتنوعدركه بونلر آنجق عمومی بز صو رنده ایما و ايضاح ولنەبىلکر.,هیئت اشتخلاصه لك بشه حفار مقله موظف ومكف اولدیغی وظائفن فعليه وعاليه اوقدر مختلف ومتنوعدركه بونلر آنجق عمومی بر صورنده ایما و ايضاح ولنەبالير.,هیئت استخلاصه لك باشه حقار مقله موظف ومكلف اولدیغی وظائف فعليه وعاليه اوقدر مختلف ومتنوعدركه بونلر آنجق عمومی بر صورنده ایما و ايضاح اولنەبيلير.,0.08333333333333333,0.04861111111111111,0.03472222222222222,0.5,0.25,0.25,145,142,144
15,هیئت استخلاصه لك باشه حقار مقلهموظف ومكلف اولدیغ وظاكئف فعليه وعاليه اوقدر مختلف ومتتوعدركه بونلر آنجق عموی بر صورنذه ایما و ايضاح اولنەبيليز.,هیئت استخلاصه لك باشه حقار مقله موظف ومكلف اولدیغ وظاكئف فعليه وعاليه اوقردر مختلف ومتتوعدركه بونلر آنجق عموی بر صورنده ایما و ايضاح اولنەبيلير.,هیئت استخلاصه لك باشه حقار مقله موظف ومكلف اولدیغی وظائف فعليه وعاليه اوقدر مختلف ومتنوعدركه بونلر آنجق عمومی بر صورنده ایما و ايضاح اولنەبيلير.,0.04861111111111111,0.034722222222222224,0.013888888888888888,0.3333333333333333,0.20833333333333334,0.12499999999999997,142,144,144
16,هیئت استخلاصه ك باشهحقار مقله موف وكلف اولذیغی وظائف فعليه وعاليه اوقدر مختلف ومتوعدر كه بوبلر آنجق عمومی بر صورنده ایما و ايضاح اولنرەبيلير.,هیئت استخلاصه ك باشه حقار مقله موفوكلف اولدیغی وظائف فعليه وعاليه اوقردر مختلف ومتوعدر كه بوبلر آنجق عمومی بر صورنده ایما و ايضاح اولنرەبيلير.,هیئت استخلاصه لك باشه حقار مقله موظف ومكلف اولدیغی وظائف فعليه وعاليه اوقدر مختلف ومتنوعدركه بونلر آنجق عمومی بر صورنده ایما و ايضاح اولنەبيلير.,0.0625,0.0625,0.0,0.4166666666666667,0.3333333333333333,0.08333333333333337,141,142,144
17,هیئتاستخلاصه لك باشه حقار مقلة موظف ومکلق اولدیغی وظائف فعليه وعاليه اوقدر مخ تلف ومتنوعذركه ثونلر آنج عمومی بر صورنده ایم و ايضاح اولنەبكلير.,هیئت استخلاصه لك باشه حقار مقله موظف ومکلق اولدیغی وظائف فعليه وعاليه اوقردر مختلف ومتنوعدركه بونلر آنج عمومی بر صورنده ایم و ايضاح اولنەبيلير.,هیئت استخلاصه لك باشه حقار مقله موظف ومكلف اولدیغی وظائف فعليه وعاليه اوقدر مختلف ومتنوعدركه بونلر آنجق عمومی بر صورنده ایما و ايضاح اولنەبيلير.,0.06944444444444445,0.034722222222222224,0.034722222222222224,0.4583333333333333,0.16666666666666666,0.29166666666666663,142,143,144
18,هیئت استخحلاصهلك باشه حقار مقله موظف ومكلف الذیغی وظائف فعلية وعالية ىوقدر مختلف ومتنوعدركه بونلر آنجق عمومی بر صورنده ایما و ايضاح اولنەبيل ير.,هیئت استخلاصهلك باشه حقار مقله موظف ومكلف الدیغی وظائف فعليه وعاليه اوقدر مختلف ومتنوعدركه بونلر آنجق عمومی بر صورنده ایما و ايضاح اولنەبيلير.,هیئت استخلاصه لك باشه حقار مقله موظف ومكلف اولدیغی وظائف فعليه وعاليه اوقدر مختلف ومتنوعدركه بونلر آنجق عمومی بر صورنده ایما و ايضاح اولنەبيلير.,0.05555555555555555,0.013888888888888888,0.041666666666666664,0.3333333333333333,0.125,0.20833333333333331,144,142,144
19,هیئت استخلاصه لك باشه حقار مقه موظف ومكلف اولذیغی وظائف فغلى ه وعالخيه اوق در خنلف ومتنوعدركه ثونلر آنجق عمومی بر صورن ده ایما و اکضاحالنەبيلير.,هیئت استخلاصه لك باشه حقار مقه موظف ومكلف اولدیغی وظائف فعلى هوعالخيه اوقردر خنلف ومتنوعدركه بونلر آنجق عمومی بر صورنده ایما و ايضاحالنەبيلير.,هیئت استخلاصه لك باشه حقار مقله موظف ومكلف اولدیغی وظائف فعليه وعاليه اوقدر مختلف ومتنوعدركه بونلر آنجق عمومی بر صورنده ایما و ايضاح اولنەبيلير.,0.09722222222222222,0.06944444444444445,0.027777777777777776,0.5416666666666666,0.2916666666666667,0.24999999999999994,144,142,144
20,بالاده تعاداولنان وقزاينا فرقەلر ندن بسشقه اوقراينا ترقييروران,بالاده تعاداولنان وقراينا فرقەلرندن بسقه اوقراينا ترقييروران,بالاده تعداداولنان اوقراينا فرقەلرندن بشقه «اوقراينا ترقييروران,0.09523809523809523,0.06349206349206349,0.031746031746031744,0.8571428571428571,0.5714285714285714,0.2857142857142857,62,60,63
21,بالاده تعدادالنان اوقراينا فرقەلرندنبشقه «اوقزاك نا ترقييروران,بالاده تعدادالنان اوقراينا فرقەلرندن بشقه «اوقراينا ترقييروران,بالاده تعداداولنان اوقراينا فرقەلرندن بشقه «اوقراينا ترقييروران,0.07936507936507936,0.015873015873015872,0.06349206349206349,0.5714285714285714,0.14285714285714285,0.42857142857142855,62,62,63
22,بالاده تعداداولنان اوقراينا فرەلرتدن بشقه اوقرداىنا ترقيييروران,بالاده تعداد اولنان اوقراينا فرەلرتدن بشقه اوقراينا ترقيييروران,بالاده تعداداولنان اوقراينا فرقەلرندن بشقه «اوقراينا ترقييروران,0.09523809523809523,0.07936507936507936,0.015873015873015872,0.42857142857142855,0.7142857142857143,-0.28571428571428575,63,63,63
23,بالاده تعداداو لنان اوقراينا فرقەلرندن بشقه «اوقرينا ثرقييروزان,بالاده تعداد اولنان اوقراينا فرقەلرندن بشقه «اوقراينا برقينيروزان,بالاده تعداداولنان اوقراينا فرقەلرندن بشقه «اوقراينا ترقييروران,0.06349206349206349,0.06349206349206349,0.0,0.5714285714285714,0.42857142857142855,0.14285714285714285,63,65,63
24,بالاده تعدىداولان اوقراةينا فقەلرندن ثشقه اوقرايبا ترفييروران,بالاده تعداد اولان اوقراينا فقەلرندن بشقه اوقراينا ترفييروران,بالاده تعداداولنان اوقراينا فرقەلرندن بشقه «اوقراينا ترقييروران,0.12698412698412698,0.07936507936507936,0.047619047619047616,0.8571428571428571,0.7142857142857143,0.1428571428571428,61,61,63
25,ىلاده تعغداداولنان اوفراينا فرقەلرندن بسقه «اوقراينا ترييروران,الاده تعداد اولنان اوقراينا فرقەلرندن بسقه «اوقراينا ترييروران,بالاده تعداداولنان اوقراينا فرقەلرندن بشقه «اوقراينا ترقييروران,0.09523809523809523,0.06349206349206349,0.031746031746031744,0.7142857142857143,0.7142857142857143,0.0,62,62,63
26,بالا ده ن عداداولنان اوقراين ا قرقەلرندن بشقة «اوقراينا تقييروران,بالا دها عداد اولنان اوقراينا قرقەلرندن بشقه «اوقراينا تقييروران,بالاده تعداداولنان اوقراينا فرقەلرندن بشقه «اوقراينا ترقييروران,0.1111111111111111,0.09523809523809523,0.015873015873015872,1.2857142857142858,0.8571428571428571,0.4285714285714287,65,64,63
27,بالاده تعداداولتان اوقزانا فرقەلندن بشفه «افوقرىينا ترقييروزان,بالاده تعداد اولتان اوقراينا فرقەلندن بشفه «افوقراينا ترقييروزان,بالاده تعداداولنان اوقراينا فرقەلرندن بشقه «اوقراينا ترقييروران,0.12698412698412698,0.09523809523809523,0.031746031746031744,0.8571428571428571,0.8571428571428571,0.0,62,64,63
28,بالاده تداداولنان اوقراينى فرقەلرندن بشقة «اوقراينا ترقييرفوران,بالاده تداد اولنان اوقراينا فرقەلرندن بشقه «اوقراينا ترقييرفوران,بالاده تعداداولنان اوقراينا فرقەلرندن بشقه «اوقراينا ترقييروران,0.06349206349206349,0.047619047619047616,0.015873015873015872,0.5714285714285714,0.42857142857142855,0.14285714285714285,63,64,63
29,بالاده تعد ادىولنان اقزايثا فزفەلرندن بشقه «اوقرايناترقييروران,بالاده تعد اداولنان اقزاينا فرقەلرندن بشقه «اوقراينا ترقييروران,بالاده تعداداولنان اوقراينا فرقەلرندن بشقه «اوقراينا ترقييروران,0.12698412698412698,0.047619047619047616,0.07936507936507936,0.8571428571428571,0.42857142857142855,0.42857142857142855,62,63,63
30,بالادهب تعداداولنات اوقراينا فرقەلرند بشقه «اوقراينا ترقييروران,بالاده تعداد اولنات اوقراينا فرقەلرنده بشقه «اوقراينا ترقييروران,بالاده تعداداولنان اوقراينا فرقەلرندن بشقه «اوقراينا ترقييروران,0.047619047619047616,0.047619047619047616,0.0,0.42857142857142855,0.42857142857142855,0.0,63,64,63
31,بالادهتعداداولنان اوقرىينا قرقەلرندن بشقه «وفراينى ترقييروظران,بالاده تعداد اولنان اوقراينا قرقەلرندن بشقه «وقراينا ترقيير وظران,بالاده تعداداولنان اوقراينا فرقەلرندن بشقه «اوقراينا ترقييروران,0.1111111111111111,0.07936507936507936,0.031746031746031744,0.8571428571428571,0.8571428571428571,0.0,62,65,63
32,بىلاده ت عداداولنان اوقراينا فرقەلنذسن بشقآه «اوقرينا ترفييرورا,بالاده تعداد اولنان اوقراينا فرقەلندن بشقه «اوقراينا ترفييرورا,بالاده تعداداولنان اوقراينا فرقەلرندن بشقه «اوقراينا ترقييروران,0.14285714285714285,0.06349206349206349,0.07936507936507936,1.0,0.5714285714285714,0.4285714285714286,63,62,63
33,بالادهتعداداولنانط اوقراينا فرقەلرندن بشق «اوقراينا ترقييروزان,بالاده تعداد اولنان اوقراينا فرقەلرندن بشق «اوقراينا ترقييروزان,بالاده تعداداولنان اوقراينا فرقەلرندن بشقه «اوقراينا ترقييروران,0.06349206349206349,0.047619047619047616,0.015873015873015872,0.5714285714285714,0.5714285714285714,0.0,62,63,63
34,بىلاذه تعداداولانق اوقراينا فرقەلرندن بسقه «اوقزانا رقييروراي,بالاده تعداد اولان اوقراينا فرقەلرندن بسقه «اوقرانا رقييروراي»,بالاده تعداداولنان اوقراينا فرقەلرندن بشقه «اوقراينا ترقييروران,0.14285714285714285,0.1111111111111111,0.031746031746031744,0.7142857142857143,0.7142857142857143,0.0,61,62,63
35,بالاده تعداداولنان اوقرانا فرقەلزندن بشقه «اوقرايغنا ترقييروران,بالاده تعداد اولنان اوقراينا فرقەلرندن بشقه «اوقراينا ترقييروران,بالاده تعداداولنان اوقراينا فرقەلرندن بشقه «اوقراينا ترقييروران,0.047619047619047616,0.015873015873015872,0.031746031746031744,0.42857142857142855,0.2857142857142857,0.14285714285714285,63,64,63
36,بالاده تغداداولنان اوقراينا فرقەلضرب دن بشفه «اوقراينا ترقيروران,بالاده تعداد اولنان اوقراينا فرقەلربدن بشفه «اوقراينا ترقيروران,بالاده تعداداولنان اوقراينا فرقەلرندن بشقه «اوقراينا ترقييروران,0.09523809523809523,0.06349206349206349,0.031746031746031744,0.7142857142857143,0.7142857142857143,0.0,64,63,63
37,بالاده تعداداولنان اوقرانى فرق ەلرندن بشق «اوقراينا ترقييروران,بالاده تعداد اولنان اوقراينا فرقەلرندن بشق «اوقراينا ترقييروران,بالاده تعداداولنان اوقراينا فرقەلرندن بشقه «اوقراينا ترقييروران,0.06349206349206349,0.031746031746031744,0.031746031746031744,0.5714285714285714,0.42857142857142855,0.14285714285714285,62,63,63
38,بالاده ثعدحاذاولنان اوقراينا فرقەلرندن بشقه «اوقراينا ترقييروران,بالاده بعداد اولنان اوقراينا فرقەلرندن بشقه «اوقراينا ترقييروران,بالاده تعداداولنان اوقراينا فرقەلرندن بشقه «اوقراينا ترقييروران,0.047619047619047616,0.031746031746031744,0.015873015873015872,0.14285714285714285,0.2857142857142857,-0.14285714285714285,64,64,63
39,بىلادة تعداداولنان اوقراينا رقەلرندن بقشق ه «اوكقرينا ترقييروران,بالاده تعداد اولنان اوقراينا رقەلرندن بقشقه «اوقراينا ترقييروران,بالاده تعداداولنان اوقراينا فرقەلرندن بشقه «اوقراينا ترقييروران,0.1111111111111111,0.047619047619047616,0.06349206349206349,0.7142857142857143,0.5714285714285714,0.1428571428571429,64,64,63
40,هیئت استخلاصیهشمدی به قدر صرف ايتديكي غيرتلرك وتشبثلري حقيقغت و عليته تحویل و تفلبی چارەلرینی آنجق و آنجق وسقوف چارلغنك دول متفقه طرقندن زمت هزي متة سرلمسنده كوريور.,هیئت استخلاصیه شمدی به قدر صرف ايتديكي غيرتلرك وتشبثلرى حقيقت و عليته تحویل و تفلبی چارەلرینی آنجق و آنجق وسقوف چارلغنك دول متفقه طرقندن زمت حزيمته سرلمسنده کوريور.,هیئت استخلاصیه شمدی به قدر صرف ايتديكي غيرتلرك وتشبثلرك حقيقت و فعلياته تحویل و تقلبی چارەلرینی آنجق و آنجق موسقوف چارلغنك دول متفقه طرقندن زمين هزيمته سرلمسنده كوريور.,0.06547619047619048,0.05357142857142857,0.011904761904761911,0.35714285714285715,0.25,0.10714285714285715,165,164,168
41,هیئت سخلاصیة شمدی به فدر صزق ايتديكي غيرتلرك وتشبثلرك حيقت و فعلياته تحویل و تقلبی چارەلرینی آنجق و آنجق موسقوذف چارلغنك دول متفقه طرفبدن زمين هزيمت ه سرلمسنده كوريور.,هیئت سخلاصیه شمدی به فدر صرق ايتديكي غيرتلرك وتشبثلرك حيقت و فعلياته تحویل و تقلبی چارەلرینی آنجق و آنجق موسقودف چارلغنك دول متفقه طرفبدن زمين هزيمته سرلمسنده کوريور.,هیئت استخلاصیه شمدی به قدر صرف ايتديكي غيرتلرك وتشبثلرك حقيقت و فعلياته تحویل و تقلبی چارەلرینی آنجق و آنجق موسقوف چارلغنك دول متفقه طرقندن زمين هزيمته سرلمسنده كوريور.,0.06547619047619048,0.05357142857142857,0.011904761904761911,0.2857142857142857,0.25,0.0357142857142857,167,166,168
42,هیئت استخلاصیه شمدی به قدر رف ايتدکكي غيرتلرك وتشبثلركج حقيقت و فعلياته تحویل وك تقلبی چارەلزینی آنجق و آنج ق موسف وف چارلغن دول متفقه رقن دن زمين هزيمته سرلمسنده كوريور.,هیئت استخلاصیه شمدی به قدر رف ايتدکيك غيرتلرك وتشبثلرك حقيقت و فعلياته تحویل وك تقلبی چارەلرینی آنجق و آنجق موسف وف چارلغن دول متفقه رقندن زمين حريمته سرلمسنده کوريور.,هیئت استخلاصیه شمدی به قدر صرف ايتديكي غيرتلرك وتشبثلرك حقيقت و فعلياته تحویل و تقلبی چارەلرینی آنجق و آنجق موسقوف چارلغنك دول متفقه طرقندن زمين هزيمته سرلمسنده كوريور.,0.06547619047619048,0.06547619047619048,0.0,0.42857142857142855,0.32142857142857145,0.1071428571428571,170,167,168
43,هیت استخلاصیه شمدی به قدر صرف ايتدكک غيتلرك وتشبثلرك حقيقت و فعلياته تهویل و تقلبی چاەلرینی آنجق و آنجق موسقوف چارلغنك دول متفقه طرقندنة زمين ةزکمته سرلمسنده كوريور.,هیت استخلاصیه شمدی به قدر صرف ايتدكك غيتلرك وتشبثلرك حقيقت و فعلياته تهویل و تقلبی چاەلرینی آنجق و آنجق موسقوف چارلغنك دول متفقه طرقندنه زمين هزيمته سرلمسنده کوريور.,هیئت استخلاصیه شمدی به قدر صرف ايتديكي غيرتلرك وتشبثلرك حقيقت و فعلياته تحویل و تقلبی چارەلرینی آنجق و آنجق موسقوف چارلغنك دول متفقه طرقندن زمين هزيمته سرلمسنده كوريور.,0.05357142857142857,0.047619047619047616,0.005952380952380952,0.25,0.25,0.0,165,165,168
44,هیئت استخلاصیه شمدی به قدر صرف ايتذيكک غيرتلرك وتشبثلر كد حقيفت قعلياته تحویل و تقلبی چارەلریيی نجق و آجقموسوف چارسلغنيذول متفه طرقندن رمين هزيمته سرلمسندة كوركعور.,هیئت استخلاصیه شمدی به قدر صرف ايتديكك غيرتلرك وتشبثلر كده حقيفت قعلياته تحویل و تقلبی چارەلری نجق و آجق موسوف چارسلغنيدول متفه طرقندن رمين هزيمته سرلمسنده كوركور.,هیئت استخلاصیه شمدی به قدر صرف ايتديكي غيرتلرك وتشبثلرك حقيقت و فعلياته تحویل و تقلبی چارەلرینی آنجق و آنجق موسقوف چارلغنك دول متفقه طرقندن زمين هزيمته سرلمسنده كوريور.,0.13095238095238096,0.1130952380952381,0.017857142857142863,0.5357142857142857,0.5,0.0357142857142857,164,163,168
45,هیئت استخلاصیه سمدی بة قدر صرف ايتديك ي غىرت لر ك وتصشبثلرك حىفت و فعلياتطة تحویل و تقلثی چارەلریتنی آنجق و آنجق موسقوف چارلغنك دول مفقه طرقندن رمين ةزيمتةسرسلمسنده كوريور.,هیئت استخلاصیه سمدی به قدر صرف ايتديك بر غارتلرك وتصشبثلرك حافت و فعلياته تحویل و تقلثی چارەلریتنی آنجق و آنجق موسقوف چارلغنك دول مفقه طرقندن رمين هزيمته سرسلمسنده كوريور.,هیئت استخلاصیه شمدی به قدر صرف ايتديكي غيرتلرك وتشبثلرك حقيقت و فعلياته تحویل و تقلبی چارەلرینی آنجق و آنجق موسقوف چارلغنك دول متفقه طرقندن زمين هزيمته سرلمسنده كوريور.,0.11904761904761904,0.08333333333333333,0.03571428571428571,0.5714285714285714,0.39285714285714285,0.17857142857142855,172,171,168
46,هیئت اةستلاصیه شمدی ب قدز صصرف اکتديكيغطيرتلرك وتشبلرك حفيقتو فعلياته تحویل و تقلبکی چارەلرین آنجق و آنجق موشقوف چازلغنك دول مبفقه طرقند زمين هزکمته سرلمسنده كوريور.,هیئت اهستلاصیه شمدی بو قدر صصرف ايتديكي غيرتلرك وتشبلرك حفيقت و فعلياته تحویل و تقلبکی چارەلرین آنجق و آنجق موشقوف چارلغنك دول مبفقه طرقنده زمين حرکمته سرلمسنده کوريور.,هیئت استخلاصیه شمدی به قدر صرف ايتديكي غيرتلرك وتشبثلرك حقيقت و فعلياته تحویل و تقلبی چارەلرینی آنجق و آنجق موسقوف چارلغنك دول متفقه طرقندن زمين هزيمته سرلمسنده كوريور.,0.10714285714285714,0.08928571428571429,0.01785714285714285,0.5714285714285714,0.42857142857142855,0.14285714285714285,165,168,168
47,هیئت اسكتخلایهسمدی بهغ ق در رف ايتذيكي غيرثلرك وتشبثلرك حقيقت و فعلياته تحویل وط تقلنی چرەلریىنی آنجق وآنجق مىوقوف چارلغنك دول متففه طضرقندن ميت هزيمته سرلمشنده كوريو.,هیئت استخلایه سمدی به غقر در رف ايتديكي غيرتلرك وتشبثلرك حقيقت و فعلياته تحویل وطتقلنی چرەلرینی آنجق وآنجق ماوقوف چارلغنك دول متففه طرقندن ميت هزيمته سرلمشنده کوريو.,هیئت استخلاصیه شمدی به قدر صرف ايتديكي غيرتلرك وتشبثلرك حقيقت و فعلياته تحویل و تقلبی چارەلرینی آنجق و آنجق موسقوف چارلغنك دول متفقه طرقندن زمين هزيمته سرلمسنده كوريور.,0.13095238095238096,0.10714285714285714,0.023809523809523822,0.6428571428571429,0.5357142857142857,0.1071428571428572,167,165,168
48,هیىت اسبخلایآه سمدی ته در صرف يتديكي غيرتلرك وتشبثلرك حقيقت و فعلياته تحویل و تقلبی چارەلرنی آنصج و آ نجق وسق وف چارلغنك دول متفقه طرقندن رمين هزيمته سرلمسنده كوريور.,هیات استخلایه سمدی ته در صرف يتديكي غيرتلرك وتشبثلرك حقيقت و فعلياته تحویل و تقلبی چارەلرنی آنجق و آنجق وسقوف چارلغنك دول متفقه طرقندن رمين هزيمته سرلمسنده کوريور.,هیئت استخلاصیه شمدی به قدر صرف ايتديكي غيرتلرك وتشبثلرك حقيقت و فعلياته تحویل و تقلبی چارەلرینی آنجق و آنجق موسقوف چارلغنك دول متفقه طرقندن زمين هزيمته سرلمسنده كوريور.,0.08928571428571429,0.05952380952380952,0.029761904761904767,0.4642857142857143,0.35714285714285715,0.10714285714285715,166,163,168
49,هیئت اشتخلاصیه شمدی بة فدر صرف ايتديكي غيرتلرك وتشبثرك حقيقت و فعلىاته تحویلا و نقلبی چارەلرینی آنجق و آنجق موسقوف چارلغسنك دل متفقه طرقندن زميبن هزيمته سرلمسنده كوريور.,هیئت اشتخلاصیه شمدی به فدر صرف ايتديكي غيرتلرك وتشبثرك حقيقت و فعلياته تحویلا و نقلبی چارەلرینی آنجق و آنجق موسقوف چارلسنك دل متفقه طرقندن زميبن هزيمته سرلمسنده کوريور.,هیئت استخلاصیه شمدی به قدر صرف ايتديكي غيرتلرك وتشبثلرك حقيقت و فعلياته تحویل و تقلبی چارەلرینی آنجق و آنجق موسقوف چارلغنك دول متفقه طرقندن زمين هزيمته سرلمسنده كوريور.,0.05952380952380952,0.05357142857142857,0.005952380952380952,0.35714285714285715,0.32142857142857145,0.0357142857142857,169,168,168
50,هیئت استخلاصیة شمدی به قدر صرف ايتديكي غکزتلرك تشبثلركحقيقت و فعياتة تحویل بقلبی چزەلرینی آنجق آنبفموسقوف چىرلغنك دل تفقه طرقندن زمينهزيمته سرلمشندة کوريور.,هیئت استخلاصیه شمدی به قدر صرف ايتديكي غيرتلرك تشبثلرك حقيقت و فعياته تحویل بقلبی چزەلرینی آنجق آنبق موسقوف چارلغنك دل تفقه طرقندن زمينه زيمته سرلمشنده کوريور.,هیئت استخلاصیه شمدی به قدر صرف ايتديكي غيرتلرك وتشبثلرك حقيقت و فعلياته تحویل و تقلبی چارەلرینی آنجق و آنجق موسقوف چارلغنك دول متفقه طرقندن زمين هزيمته سرلمسنده كوريور.,0.14285714285714285,0.09523809523809523,0.047619047619047616,0.6428571428571429,0.4642857142857143,0.1785714285714286,156,159,168
51,هئتاشتخلاصیه شمدی به قدر صرف ايتدييي غيريل رك وتشثثلرك حقيفت و فعلياته ندحویلآ و تقلبی چارەلریندی آنجق و آنجق موسققوف چارلغنك دول متفق طرقندن زمين ةزيغمته سرلمسنده كوريو ر.,هئت اشتخلاصیه شمدی به قدر صرف ايتدييك غيريلرك وتشثيلرك حقيفت و فعلياته بدویل و تقلبی چارەلریندی آنجق و آنجق موسقوف چارلغنك دول متفق طرقندن زمين هزيغمته سرلمسنده كوريور.,هیئت استخلاصیه شمدی به قدر صرف ايتديكي غيرتلرك وتشبثلرك حقيقت و فعلياته تحویل و تقلبی چارەلرینی آنجق و آنجق موسقوف چارلغنك دول متفقه طرقندن زمين هزيمته سرلمسنده كوريور.,0.10119047619047619,0.07738095238095238,0.023809523809523808,0.5,0.35714285714285715,0.14285714285714285,172,168,168
52,هیئتىستخلاصیة شمدی به قدر صرف اکتدکكي غيجرتلرك وتشتلرك حقيت و فعليته تحویل و تقلبی چىرەلرینی آنجق وآنجق موسقف چتارلنك دول متقه رقندن زمنهزيمته سرلمسنده ك ورو.,هیئت استخلاصیه شمدی به قدر صرف ايتدکيك غيرتلرك وتشتلرك حقيت و فعليته تحویل و تقلبی چارەلرینی آنجق وآنجق موسقف چتارلنك دول متقه رقندن زمنه زيمته سرلمسنده كورو.,هیئت استخلاصیه شمدی به قدر صرف ايتديكي غيرتلرك وتشبثلرك حقيقت و فعلياته تحویل و تقلبی چارەلرینی آنجق و آنجق موسقوف چارلغنك دول متفقه طرقندن زمين هزيمته سرلمسنده كوريور.,0.13095238095238096,0.10119047619047619,0.029761904761904767,0.6428571428571429,0.4642857142857143,0.1785714285714286,158,158,168
53,هیئت استخلاصیه شمشذی به قدر صرف ايتديكي عرتلرك وتشبثلرك حقيقت و فعلياته تحویل و ت قلبی چارە لرینی آنجق و آنجق موسقوفچارلغنك دول متققه طرقندنزمين هريمتة سرلمسنإدهغ كوريور.,هیئت استخلاصیه شمشدی به قدر صرف ايتديكي عرتلرك وتشبثلرك حقيقت و فعلياته تحویل و تقلبی چارەلرینی آنجق و آنجق موسقوف چارلغنك دول متققه طرقندن زمين هريمته سرلمسنده كوريور.,هیئت استخلاصیه شمدی به قدر صرف ايتديكي غيرتلرك وتشبثلرك حقيقت و فعلياته تحویل و تقلبی چارەلرینی آنجق و آنجق موسقوف چارلغنك دول متفقه طرقندن زمين هزيمته سرلمسنده كوريور.,0.07738095238095238,0.02976190476190476,0.04761904761904762,0.4642857142857143,0.14285714285714285,0.32142857142857145,170,168,168
54,هیئت استخلاصیه شمدی به قدر صرف ايتديكي غيرتلرك وتشنثلرك حقىفت و فعلياته تحویل وتقلبی چارەلرینی آنجق و آنجق موسققوف چارلغنك دو متفقه طرفندن زين هزيمته سرلمسنده كوريور.,هیئت استخلاصیه شمدی به قدر صرف ايتديكي غيرتلرك وتشنيلرك حقافت و فعلياته تحویل وتقلبی چارەلرینی آنجق و آنجق موسقوف چارلغنك دو متفقه طرفندن زين هزيمته سرلمسنده کوريور.,هیئت استخلاصیه شمدی به قدر صرف ايتديكي غيرتلرك وتشبثلرك حقيقت و فعلياته تحویل و تقلبی چارەلرینی آنجق و آنجق موسقوف چارلغنك دول متفقه طرقندن زمين هزيمته سرلمسنده كوريور.,0.047619047619047616,0.05357142857142857,-0.005952380952380952,0.2857142857142857,0.2857142857142857,0.0,166,165,168
55,هیئقت استخلاصیه شمدی ب قدر صرف ايتدييي غيزتلرك وتشنث لري حقيقت و فعليهته تحویل و تقلبی چرەلرینی آنجق وآنخق موسقو چىرلغنك دول متفقه طرقندن زميث هزيمثة سرلمسنذه كوريوز.,هیئقت استخلاصیه شمدی بو قدر صرف ايتدييك غيرتلرك وتشننلرك حقيقت و فعليهته تحویل و تقلبی چرەلرینی آنجق وآنخق موسقو چارلغنك دول متفقه طرقندن زمين هزيمنه سرلمسنده كوريور.,هیئت استخلاصیه شمدی به قدر صرف ايتديكي غيرتلرك وتشبثلرك حقيقت و فعلياته تحویل و تقلبی چارەلرینی آنجق و آنجق موسقوف چارلغنك دول متفقه طرقندن زمين هزيمته سرلمسنده كوريور.,0.10714285714285714,0.07142857142857142,0.03571428571428571,0.5714285714285714,0.35714285714285715,0.21428571428571425,166,166,168
56,هیئ اشتخلاصیه شمدی به قذر صرف ايتديكي غيرتلرک وتشبثلرك حقيقت و فعلياته تحویل و تقلبی چارەلرینی آنجق و آنجق موشفوف چارلغنك دول متفقه طرقندت زمين هريمته سرلمسندهكوريور.,هیئ اشتخلاصیه شمدی به قدر صرف ايتديكي غيرتلرك وتشبثلرك حقيقت و فعلياته تحویل و تقلبی چارەلرینی آنجق و آنجق موشفوف چارلغنك دول متفقه طرقندن زمين هريمته سرلمسنده كوريور.,هیئت استخلاصیه شمدی به قدر صرف ايتديكي غيرتلرك وتشبثلرك حقيقت و فعلياته تحویل و تقلبی چارەلرینی آنجق و آنجق موسقوف چارلغنك دول متفقه طرقندن زمين هزيمته سرلمسنده كوريور.,0.05357142857142857,0.02976190476190476,0.023809523809523808,0.32142857142857145,0.14285714285714285,0.1785714285714286,166,167,168
57,هیئت استخلاصیه شمدی بهقدر صرف ايتديكي يرلرك وتشبنلرك حق يقت و فغلياته تحویل و تقلبی چارەل ریيی آنجق و آنجق موسقوف چارل غنك ل متفقهطرقثدن رمين هزيمته سرلمسنده كوريور.,هیئت استخلاصیه شمدی به قدر صرف ايتديكييرلرك وتشبنلرك حق يقت و فعلياته تحویل و تقلبی چارەلری آنجق و آنجق موسقوف چارلغنك لمتفقه طرقندن رمين هزيمته سرلمسنده کوريور.,هیئت استخلاصیه شمدی به قدر صرف ايتديكي غيرتلرك وتشبثلرك حقيقت و فعلياته تحویل و تقلبی چارەلرینی آنجق و آنجق موسقوف چارلغنك دول متفقه طرقندن زمين هزيمته سرلمسنده كوريور.,0.08333333333333333,0.07142857142857142,0.011904761904761904,0.5,0.32142857142857145,0.17857142857142855,165,161,168
58,هیئت استخلاصیه شمذی به قدر صرق ايتديكي غيرتلرک وإتشبثلرك هقيقت و فعلياته تحویل و تقلبی چارەلزینی آنجق و آنجق موسفوف چارلغنك دصولثمتفقه طرقندب مي زيمته سرلمسنده كوريورف.,هیئت استخلاصیه شمدی به قدر صرق ايتديكي غيرتلرك وتشبثلرك هقيقت و فعلياته تحویل و تقلبی چارەلرینی آنجق و آنجق موسفوف چارلغنك دصول متفقه طرقندن ميزيمته سرلمسنده کوريورف.,هیئت استخلاصیه شمدی به قدر صرف ايتديكي غيرتلرك وتشبثلرك حقيقت و فعلياته تحویل و تقلبی چارەلرینی آنجق و آنجق موسقوف چارلغنك دول متفقه طرقندن زمين هزيمته سرلمسنده كوريور.,0.08333333333333333,0.05952380952380952,0.023809523809523808,0.4642857142857143,0.25,0.2142857142857143,168,166,168
59,هیئت استل اصیه شمدی به قدز صرف ايتديكي غيرتلرك وتشبيليرك حقيقت وفعلياته تحویل و تقلبی چارەلرینی آنجق و آنجق موسقوف چارلغن ك دول متفقة طرقندن زمين هريمته سرلمسنده كوريور.,هیئت استلاصیه شمدی به قدر صرف ايتديكي غيرتلرك وتشبيليرك حقيقت وفعلياته تحویل و تقلبی چارەلرینی آنجق و آنجق موسقوف چارلغنك دول متفقه طرقندن زمين حريمته سرلمسنده کوريور.,هیئت استخلاصیه شمدی به قدر صرف ايتديكي غيرتلرك وتشبثلرك حقيقت و فعلياته تحویل و تقلبی چارەلرینی آنجق و آنجق موسقوف چارلغنك دول متفقه طرقندن زمين هزيمته سرلمسنده كوريور.,0.05357142857142857,0.041666666666666664,0.011904761904761904,0.35714285714285715,0.21428571428571427,0.14285714285714288,169,167,168
60,١٩٠٢ سنەسنده او فره من اقصىی يمين هزبيآبيريلەرق «اوقرىين ملت فرقە شی» نایا مستقل بر پارتی ضورتنده بشک ایلدی.,١٩٠٢ سنەسنده او فره مناقصای يمين هزبي بيريلەرق «اوقراينا ملت فرقەسی» نایا مستقل بر پارتی صورتنده بشك ایلدی.,١٩٠٢ سنەسنده او فرقه من اقصای يمين حزبي آبيريلەرق «اوقراينا ملت فرقەسی» نامیاه مستقل بر پارتی صورتنده تشکل ایلدی.,0.11504424778761062,0.07964601769911504,0.035398230088495575,0.5263157894736842,0.3684210526315789,0.15789473684210525,108,107,113
61,١٩٠٢ سن ەسندة او فزقه من اقص ای يمين حربي آبيريلەرق «اوقزاين ملب فرقەشی» نا مظیاه مستقل بر پارتی صورتنده تشکل ایلدی.,١٩٠٢ سنەسنده او فرقه مناقص ایتمين حربي آبيريلەرق «اوقراينا ملب فرقەسی» نا مظیاه مستقل بر پارتی صورتنده تشکل ایلدی.,١٩٠٢ سنەسنده او فرقه من اقصای يمين حزبي آبيريلەرق «اوقراينا ملت فرقەسی» نامیاه مستقل بر پارتی صورتنده تشکل ایلدی.,0.09734513274336283,0.07079646017699115,0.02654867256637168,0.5789473684210527,0.3684210526315789,0.21052631578947373,116,114,113
62,١٩٠٢ سنە شنده او فرقه من افصای يمين حزني آبيريلەرق «اوقرىين ملت فرقەسی» نامی اه ستقل بر پارتی صورتندة تشکل ایلدی.,١٩٠٢ سنەسنده او فرقه منافصای يمين حزنك آبيريلەرق «اوقراينا ملت فرقەسی» نامی اهستقل بر پارتی صورتنده تشکل ایلدی.,١٩٠٢ سنەسنده او فرقه من اقصای يمين حزبي آبيريلەرق «اوقراينا ملت فرقەسی» نامیاه مستقل بر پارتی صورتنده تشکل ایلدی.,0.07964601769911504,0.061946902654867256,0.017699115044247787,0.47368421052631576,0.2631578947368421,0.21052631578947367,113,111,113
63,٩٠٢ سنەسدة ىو فزقه من اقصای يمين حزبي آبيريلەرق «اوقراينا ملت فرقەسی» نامیاطه مستفل بر پارتی صورتنثده تشکل ایلدی,٩٠٢ سنەسده او فرقه مناقصای يمين حزبي آبيريلەرق «اوقراينا ملت فرقەسی» نامیاطه مستفل بر پارتی صورتنده تشکل ایلدی.,١٩٠٢ سنەسنده او فرقه من اقصای يمين حزبي آبيريلەرق «اوقراينا ملت فرقەسی» نامیاه مستقل بر پارتی صورتنده تشکل ایلدی.,0.07964601769911504,0.04424778761061947,0.035398230088495575,0.42105263157894735,0.3157894736842105,0.10526315789473684,112,111,113
64,١٩٠٢ سنە سندة او فرقه من اقصای يمكن ح زبي آبىريلەغرق «اوقراينا ملت فأ رقەس» نامیا مستقل بر پارتی صورتنده تشکل ایلدی.ف,١٩٠٢ سنەسنده او فرقه مناقصای يمكن حزبي آباريلەغرق «اوقراينا ملت فرقەس» نامیا مستقل بر پارتی صورتنده تشکل ایلدی.,١٩٠٢ سنەسنده او فرقه من اقصای يمين حزبي آبيريلەرق «اوقراينا ملت فرقەسی» نامیاه مستقل بر پارتی صورتنده تشکل ایلدی.,0.09734513274336283,0.05309734513274336,0.04424778761061947,0.5263157894736842,0.3157894736842105,0.21052631578947367,117,111,113
65,١٩٠٢ سنەسنده او فرقه من اقصای يين حزبي آييکريلەق «اوقراينا ملت فرفەسی» نامیاه مستفل بر پاارتی صورتنده تشكل ایلدی.,١٩٠٢ سنەسنده او فرقه مناقصای يين حزبي آيييريلەق «اوقراينا ملت فرقەسی» نامیاه مستفل بر پارتی صورتنده تشکل ایلدی.,١٩٠٢ سنەسنده او فرقه من اقصای يمين حزبي آبيريلەرق «اوقراينا ملت فرقەسی» نامیاه مستقل بر پارتی صورتنده تشکل ایلدی.,0.07079646017699115,0.05309734513274336,0.017699115044247787,0.3157894736842105,0.2631578947368421,0.05263157894736842,113,111,113
66,١٩٠٢ سنەسنده او فزقه مث اقصای كين حربي آبي ريلەر «اوقراينا ملت فرقەسی» نىمیاه مستقل بر پارتی صورتبنده تشکل ایلدی.,١٩٠٢ سنەسنده او فرقه مثاقصای كين حربي آبيريلەر «اوقراينا ملت فرقەسی» نامیاه مستقل بر پارتی صورتبنده تشکل ایلدی.,١٩٠٢ سنەسنده او فرقه من اقصای يمين حزبي آبيريلەرق «اوقراينا ملت فرقەسی» نامیاه مستقل بر پارتی صورتنده تشکل ایلدی.,0.07964601769911504,0.061946902654867256,0.017699115044247787,0.42105263157894735,0.3157894736842105,0.10526315789473684,113,111,113
67,١٩٢ سنەسنده او فرقه من اقصای يمين حزبي آبيريلەرق «اوقراينا ملت فرقەسی» نامیاه مستل بر پارتی صورتنده بشکل ایلدی.,١٩٢ سنەسنده او فرقه مناقصای يمين حزبي آبيريلەرق «اوقراينا ملت فرقەسی» نامیاه مستل بر پارتی صورتنده بشکل ایلدی.,١٩٠٢ سنەسنده او فرقه من اقصای يمين حزبي آبيريلەرق «اوقراينا ملت فرقەسی» نامیاه مستقل بر پارتی صورتنده تشکل ایلدی.,0.02654867256637168,0.035398230088495575,-0.008849557522123894,0.15789473684210525,0.2631578947368421,-0.10526315789473684,111,110,113
68,١٩٠٢ سنەسندهاو فره من اقصىی يمين حزبي آبيريلەرف «اوقراينا ملت فرقەسی»نامیاه مستقل بر پارتی صورتنده تشکل ایلدی.,١٩٠٢ سنەسنده او فره مناقصای يمين حزبي آبيريلەرف «اوقراينا ملت فرقەسی» نامیاه مستقل بر پارتی صورتنده تشکل ایلدی.,١٩٠٢ سنەسنده او فرقه من اقصای يمين حزبي آبيريلەرق «اوقراينا ملت فرقەسی» نامیاه مستقل بر پارتی صورتنده تشکل ایلدی.,0.04424778761061947,0.02654867256637168,0.017699115044247787,0.3684210526315789,0.21052631578947367,0.15789473684210525,110,111,113
69,١٩٠٢ سنەنده او فرقه ن اقصای يمي هزبي آبيريلصەرق «ىوقاينا ملت فرقەسی» نامیاه مستقل بر پارتی صورتنده تشکل ا یلی.,١٩٠٢ سنەنده او فرقه ناقصای يمك هزبي آبيريلرەرق «اوقراينا ملت فرقەسی» نامیاه مستقل بر پارتی صورتنده تشکل ایلی.,١٩٠٢ سنەسنده او فرقه من اقصای يمين حزبي آبيريلەرق «اوقراينا ملت فرقەسی» نامیاه مستقل بر پارتی صورتنده تشکل ایلدی.,0.07964601769911504,0.07079646017699115,0.008849557522123894,0.42105263157894735,0.3684210526315789,0.05263157894736842,110,109,113
70,١٩٠٢ سنضەسند ه او قرقهت من افصای ىمين هزبي آبيريلەيرق «اوقرايا ملت فرفەسی» نامیاه مستقل بر پارتی صورتنده تشکل ایلدی.,١٩٠٢ سنەسنده او قرقه منافصای امين هزبي آبيريلەيرق «اوقراينا ملت فرقەسی» نامیاه مستقل بر پارتی صورتنده تشکل ایلدی.,١٩٠٢ سنەسنده او فرقه من اقصای يمين حزبي آبيريلەرق «اوقراينا ملت فرقەسی» نامیاه مستقل بر پارتی صورتنده تشکل ایلدی.,0.08849557522123894,0.05309734513274336,0.035398230088495575,0.47368421052631576,0.3157894736842105,0.15789473684210525,116,113,113
71,١٩٠٢ سبەسنده ا فرقه من اقصای مين حزيي آبيريلرق «اوقرىنا ملت فرقەشقی» نامیىهس مستقل تر پاربی صوربنده تشکل ایلدی.,١٩٠٢ سبەسنده افرقه مناقصای مين حزين آبيريلرق «اوقرانا ملت فرقەسی» نامیاه مستقل تر پاربی صوربنده تشکل ایلدی.,١٩٠٢ سنەسنده او فرقه من اقصای يمين حزبي آبيريلەرق «اوقراينا ملت فرقەسی» نامیاه مستقل بر پارتی صورتنده تشکل ایلدی.,0.12389380530973451,0.10619469026548672,0.017699115044247787,0.5789473684210527,0.631578947368421,-0.05263157894736836,111,107,113
72,١٩٠٢ سنەستده او فرقه مي اقصىی يميىن حزبي آبيريلەرق «اوقراينا ملتفرقەتسی» نامیاه مستق ل برپارتی صور تثده تجشيل ایلدی.,١٩٠٢ سنەستده او فرقه مناقصای يميان حزبي آبيريلەرق «اوقراينا ملتفرقەتسی» نامیاه مستقل برپارتی صور تثده تجشيل ایلدی.,١٩٠٢ سنەسنده او فرقه من اقصای يمين حزبي آبيريلەرق «اوقراينا ملت فرقەسی» نامیاه مستقل بر پارتی صورتنده تشکل ایلدی.,0.10619469026548672,0.08849557522123894,0.017699115044247787,0.631578947368421,0.5263157894736842,0.10526315789473684,116,114,113
73,١٩٠٢ سنەسده او فرقه من اقصای يين حزبي آبيريضلەرق « اوقراينا ملت فرقەسی» نامیا مسق بز پىرتی صورند تشکل ایلذی.,١٩٠٢ سنەسده او فرقه مناقصای يين حزبي آبيريلەرق «اوقراينا ملت فرقەسی» نامیا مسق بر پارتی صورنده تشکل ایلدی.,١٩٠٢ سنەسنده او فرقه من اقصای يمين حزبي آبيريلەرق «اوقراينا ملت فرقەسی» نامیاه مستقل بر پارتی صورتنده تشکل ایلدی.,0.10619469026548672,0.061946902654867256,0.04424778761061947,0.5789473684210527,0.3684210526315789,0.21052631578947373,108,106,113
74,١٩٠٢ س نەسنده او فرقآة من ا قصای يمين حزبي ابيريل ەرق «عاوقراينا ملت فرقەشی» نامیاه مشتق ب پارتی صورتنده تشکل ایلدی.,١٩٠٢ سنەسنده او فرقه مناقصای يمين حزبي ابيريلەرق «عاوقراينا ملت فرقەسی» نامیاه مشتقب پارتی صورتنده تشکل ایلدی.,١٩٠٢ سنەسنده او فرقه من اقصای يمين حزبي آبيريلەرق «اوقراينا ملت فرقەسی» نامیاه مستقل بر پارتی صورتنده تشکل ایلدی.,0.09734513274336283,0.061946902654867256,0.035398230088495575,0.5789473684210527,0.3157894736842105,0.26315789473684215,116,110,113
75,١٩٠٢ شنەسنده او فرقه من افصای يمين حربي آبيريلەرق «اوفراينا لت رقەسی» نایاه مستقل بر پارتی صورتنده تشکل ایلدی.,١٩٠٢ سنەسنده او فرقه منافصای يمين حربي آبيريلەرق «اوقراينالت رقەسی» نایاه مستقل بر پارتی صورتنده تشکل ایلدی.,١٩٠٢ سنەسنده او فرقه من اقصای يمين حزبي آبيريلەرق «اوقراينا ملت فرقەسی» نامیاه مستقل بر پارتی صورتنده تشکل ایلدی.,0.061946902654867256,0.061946902654867256,0.0,0.3684210526315789,0.3684210526315789,0.0,110,108,113
76,١٩٠٢ سنەسنذهص او فرقه من اقصای مين حزبي آيريلەرق «اوقراينا ملت فرقەسی» نامسیاه مستلبر پار تی صورتندد ه تشکل ایلدی.,١٩٠٢ سنەسنده او فرقه مناقصای مين حزبي آيريلەرق «اوقراينا ملت فرقەسی» نامسیاه مستلبر پارتی صورتنده تشکل ایلدی.,١٩٠٢ سنەسنده او فرقه من اقصای يمين حزبي آبيريلەرق «اوقراينا ملت فرقەسی» نامیاه مستقل بر پارتی صورتنده تشکل ایلدی.,0.08849557522123894,0.05309734513274336,0.035398230088495575,0.47368421052631576,0.3684210526315789,0.10526315789473684,114,109,113
77,١٩٠٢ سنەسده انو فرقه من اقصای يمينا حزبي آبريلەرق «اوقراذكنا ملت فرقەسی» نىمیاه مستقل بر پارتی صورتندة تشکل ایلدی.,١٩٠٢ سنەسده انوف فرقه مناقصای يمينا حزبي آبريلەرق «اوقراينا ملت فرقەسی» نامیاه مستقل بر پارتی صورتنده تشکل ایلدی.,١٩٠٢ سنەسنده او فرقه من اقصای يمين حزبي آبيريلەرق «اوقراينا ملت فرقەسی» نامیاه مستقل بر پارتی صورتنده تشکل ایلدی.,0.07079646017699115,0.05309734513274336,0.017699115044247787,0.3684210526315789,0.3157894736842105,0.05263157894736842,114,113,113
78,١ة٩٠٢ سنەسيده او فره من اقصای يمين هربي آنکريلەرق «اوقراينا ملت فرقەسی» نامیاه مستقل بر پارتی صوزرتنده تشکل ایلدی.,١٩٠٢ سنەسيده او فره مناقصای يمين هربي آنيريلەرق «اوقراينا ملت فرقەسی» نامیاه مستقل بر پارتی صورتنده تشکل ایلدی.,١٩٠٢ سنەسنده او فرقه من اقصای يمين حزبي آبيريلەرق «اوقراينا ملت فرقەسی» نامیاه مستقل بر پارتی صورتنده تشکل ایلدی.,0.07079646017699115,0.05309734513274336,0.017699115044247787,0.3157894736842105,0.3157894736842105,0.0,114,111,113
79,١٩٠٢ سنەسنده ىو فرقه من اقصای ييحزبي آبيريلەرق «اوقراينا ملت فرقەسی» يامیاه مستقلب پارتی ضورتند تشکل ىیلدی.,١٩٠٢ سنەسنده او فرقه مناقصای ييحزبي آبيريلەرق «اوقراينا ملت فرقەسی» يامیاه مستقلب پارتی صورتنده تشکل ایلدی.,١٩٠٢ سنەسنده او فرقه من اقصای يمين حزبي آبيريلەرق «اوقراينا ملت فرقەسی» نامیاه مستقل بر پارتی صورتنده تشکل ایلدی.,0.08849557522123894,0.061946902654867256,0.02654867256637168,0.42105263157894735,0.3684210526315789,0.05263157894736842,107,107,113
80,ه ر شيئك قيمتي اساسلی بر صورندەده کیشذی.,هر شيئك قيمتى اساسلی بر صورندەده کیشدی.,هر شيئك قيمتى اساسلی بر صورندەده کیشدی.,0.07692307692307693,0.0,0.07692307692307693,0.5714285714285714,0.0,0.5714285714285714,40,39,39
81,هر شيئك قيمتى استاسلی بر صورندەده کیشدی.,هر شيئك قيمتى استاسلی بر صورندەده کیشدی.,هر شيئك قيمتى اساسلی بر صورندەده کیشدی.,0.02564102564102564,0.02564102564102564,0.0,0.14285714285714285,0.14285714285714285,0.0,40,40,39
82,ه شيئك قکمتى اساسلی بر صورنذەدة کیشذی.,ه سيئك قکمتى اساسلی بر صورندەده کیشدی.,هر شيئك قيمتى اساسلی بر صورندەده کیشدی.,0.1282051282051282,0.07692307692307693,0.051282051282051266,0.5714285714285714,0.42857142857142855,0.14285714285714285,38,38,39
83,ة ر شيئك قيمتى اس اسلی بر صورندەده کیشدی.,حر شيئك قيمتى اساسلی بر صورندەده کیشدی.,هر شيئك قيمتى اساسلی بر صورندەده کیشدی.,0.07692307692307693,0.02564102564102564,0.05128205128205129,0.5714285714285714,0.14285714285714285,0.42857142857142855,41,39,39
84,هر شيئك قىمتي ىساسلی تر صوزندەده کیشذی.,هر شيئك قامتي اساسلی تر صورندەده کیشدی.,هر شيئك قيمتى اساسلی بر صورندەده کیشدی.,0.15384615384615385,0.07692307692307693,0.07692307692307693,0.7142857142857143,0.2857142857142857,0.4285714285714286,39,39,39
85,هر شکئك قيمتى اساسلی بر صورتدەده کیشدیى.,هر شکئك قيمتى اساسلی بر صورتدەده کیشدی.,هر شيئك قيمتى اساسلی بر صورندەده کیشدی.,0.07692307692307693,0.05128205128205128,0.025641025641025647,0.42857142857142855,0.2857142857142857,0.14285714285714285,40,39,39
86,هر شيئك قيمتى اساسلی ر صورندذەده كشدی.,هر شيئك قيمتى اساسلی ر صورندەده كشدی.,هر شيئك قيمتى اساسلی بر صورندەده کیشدی.,0.10256410256410256,0.07692307692307693,0.025641025641025633,0.42857142857142855,0.2857142857142857,0.14285714285714285,38,37,39
87,هر شيئك قيمتى اساسلی بر صورندەده کیشدی.,هر شيئك قيمتى اساسلی بر صورندەده کیشدی.,هر شيئك قيمتى اساسلی بر صورندەده کیشدی.,0.0,0.0,0.0,0.0,0.0,0.0,39,39,39
88,هر شيئك قيمتى اساسلی بر صورنثدەد کیشی.,هر شيئك قيمتى اساسلی بر صورندەده کیسی.,هر شيئك قيمتى اساسلی بر صورندەده کیشدی.,0.07692307692307693,0.05128205128205128,0.025641025641025647,0.2857142857142857,0.14285714285714285,0.14285714285714285,38,38,39
89,هر شيئك قيمتى اساسی بز صورندەده کیشدی.,هر شيئك قيمتى اساسی بر صورندەده کیشدی.,هر شيئك قيمتى اساسلی بر صورندەده کیشدی.,0.05128205128205128,0.02564102564102564,0.02564102564102564,0.2857142857142857,0.14285714285714285,0.14285714285714285,38,38,39
90,هر شيئك قيمتا اساسلی بر صورندەدة کیشدی.,هر شيئك قيمت اساسلی بر صورندەده کیشدی.,هر شيئك قيمتى اساسلی بر صورندەده کیشدی.,0.05128205128205128,0.02564102564102564,0.02564102564102564,0.2857142857142857,0.14285714285714285,0.14285714285714285,39,38,39
91,هر شيئك قکمتى اساسلی بر ورندە ده کیشدی.,هر شيئك قکمتى اساسلی بر ورندەده کیشدی.,هر شيئك قيمتى اساسلی بر صورندەده کیشدی.,0.07692307692307693,0.05128205128205128,0.025641025641025647,0.42857142857142855,0.2857142857142857,0.14285714285714285,39,38,39
92,هر شيئك قيمتى اساسلی بر صوردەدثهکیشدی.,هر شيئك قيمتى اساسلی بر صوردەده کیشدی.,هر شيئك قيمتى اساسلی بر صورندەده کیشدی.,0.07692307692307693,0.02564102564102564,0.05128205128205129,0.2857142857142857,0.14285714285714285,0.14285714285714285,38,38,39
93,هر شيئك قيمت اساسلی ر صهوأزندەده کیشدی.ي,هر شيئك قيمت اساسلی ر صهورندەده کیشدی.,هر شيئك قيمتى اساسلی بر صورندەده کیشدی.,0.15384615384615385,0.07692307692307693,0.07692307692307693,0.5714285714285714,0.42857142857142855,0.14285714285714285,40,38,39
94,هر سيئك قيمتى اسسلی بر صورندەده کیشدی.,هر سيئك قيمتى اسسلی بر صورندەده کیشدی.,هر شيئك قيمتى اساسلی بر صورندەده کیشدی.,0.05128205128205128,0.05128205128205128,0.0,0.2857142857142857,0.2857142857142857,0.0,38,38,39
95,هر شيئك قىمتى اساسلی نر صورندەده کیشدی.,هر شيئك قامتى اساسلی نر صورندەده کیشدی.,هر شيئك قيمتى اساسلی بر صورندەده کیشدی.,0.05128205128205128,0.05128205128205128,0.0,0.2857142857142857,0.2857142857142857,0.0,39,39,39
96,هر شيئك قيمتيى ىشاسل ی بر صورندەده کیشدی.,هر شيئك قيمتيى اشاسلی بر صورندەده کیشدی.,هر شيئك قيمتى اساسلی بر صورندەده کیشدی.,0.10256410256410256,0.05128205128205128,0.05128205128205128,0.42857142857142855,0.2857142857142857,0.14285714285714285,41,40,39
97,هر شيئكقيمت ى اساسلی بر صورندەده کیشدی.,هر شيئك قيمتى اساسلی بر صورندەده کیشدی.,هر شيئك قيمتى اساسلی بر صورندەده کیشدی.,0.05128205128205128,0.0,0.05128205128205128,0.2857142857142857,0.0,0.2857142857142857,39,39,39
98,هر کئك قيمتى اساسلی بر صوزندەده کیشدی.,هر کئك قيمتى اساسلی بر صورندەده کیشدی.,هر شيئك قيمتى اساسلی بر صورندەده کیشدی.,0.07692307692307693,0.05128205128205128,0.025641025641025647,0.2857142857142857,0.14285714285714285,0.14285714285714285,38,38,39
99,هرى شيئك قيمتى اساسلی بر صورندەده کیشدی.,هرى سيئك قيمتى اساسلی بر صورندەده کیشدی.,هر شيئك قيمتى اساسلی بر صورندەده کیشدی.,0.02564102564102564,0.05128205128205128,-0.02564102564102564,0.14285714285714285,0.2857142857142857,-0.14285714285714285,40,40,39
100,واقعاج، قوليشقویسکی، آنطونوویچ و ائرەکی اوقراينى جمات خادلرينك غاليچىا اوقرانالیلیله اولان مناسباتى ذراغومانوفدن دها اول باسلامشدی؛,واقعاج، قوليشقویسکی، آنطونوویچ و ائرەکی اوقراينا جمات خادلرينك غاليچا اوقرانالیلیله اولان مناسباتى ذراغومانوفدن دها اول باسلامشدی؛,واقعا، قوليش قونیسکی، آنطونوویچ و سائرەکی اوقراينا جماعت خادملرينك غاليچيا اوقراینالیلریله اولان مناسباتى دراغومانوفدن دها اول باشلامشدی؛,0.08759124087591241,0.08029197080291971,0.007299270072992706,0.6470588235294118,0.5882352941176471,0.05882352941176472,131,130,137
101,وقعا، قوليش قونیسکی، آنطونووبیچ و سائرەکحی اوق زايسنا جماعت جادملزينك غىليچا اوراینالیلزیل ه اولان مناباتى دراغوماثوفدن دها اول باشلامشذی؛,وقعا، قوليش قونیسکی، آنطونووبیچ و سائرەکی اوقراينا جماعت جادملرينك غاليچا اوراینالیلریله اولان مناباتى دراغومانوفدن دها اول باشلامشدی؛,واقعا، قوليش قونیسکی، آنطونوویچ و سائرەکی اوقراينا جماعت خادملرينك غاليچيا اوقراینالیلریله اولان مناسباتى دراغومانوفدن دها اول باشلامشدی؛,0.11678832116788321,0.043795620437956206,0.072992700729927,0.7058823529411765,0.35294117647058826,0.35294117647058826,138,134,137
102,واقعا، قولکش قونیسکی،ر آنطونوویچ و سائرەکی اوقراينا جماعت خاذملرين غاليچيا اوقراینالیلریله اوثلان مناسبات درازغومانوفدن دها اول باشلامشدی؛,واقعا، قوليش قونیسکی، رآنطونوویچ و سائرەکی اوقراينا جماعت خادملرين غاليچيا اوقراینالیلریله اولان مناسبات درارغومانوفدن دها اول باشلامشدی؛,واقعا، قوليش قونیسکی، آنطونوویچ و سائرەکی اوقراينا جماعت خادملرينك غاليچيا اوقراینالیلریله اولان مناسباتى دراغومانوفدن دها اول باشلامشدی؛,0.051094890510948905,0.029197080291970802,0.021897810218978103,0.35294117647058826,0.23529411764705882,0.11764705882352944,138,137,137
103,اقعا، قولکش قونیسکی، انطونوویچ و سائرەکی اوقراينا جماعت خادملرينك غالىچيا اوقراینىلیلریله اولح ان مناسباتى دراعمانوفدن دها اول باشلامشدی؛,اقعا، قوليش قونیسکی، انطونوویچ و سائرەکی اوقراينا جماعت خادملرينك غالاچيا اوقراینالیلریله اولحان مناسباتى دراعمانوفدن دها اول باشلامشدی؛,واقعا، قوليش قونیسکی، آنطونوویچ و سائرەکی اوقراينا جماعت خادملرينك غاليچيا اوقراینالیلریله اولان مناسباتى دراغومانوفدن دها اول باشلامشدی؛,0.06569343065693431,0.043795620437956206,0.021897810218978103,0.47058823529411764,0.29411764705882354,0.1764705882352941,137,136,137
104,واقعا، قوليش قونیسکی، آنطوبوویچ و شائةرەکی اوقزاينا جماعت خادملرأينك غ اليچيا اوقراینالیلریله اولان منابطاتى دراغمنوفدن دصها اول باشلامشدی؛,واقعا، قوليش قونیسکی، آنطوبوویچ و شائرەکی اوقراينا جماعت خادملرينك غاليچيا اوقراینالیلریله اولان منابطاتى دراغمنوفدن دها اول باشلامشدی؛,واقعا، قوليش قونیسکی، آنطونوویچ و سائرەکی اوقراينا جماعت خادملرينك غاليچيا اوقراینالیلریله اولان مناسباتى دراغومانوفدن دها اول باشلامشدی؛,0.08029197080291971,0.043795620437956206,0.0364963503649635,0.5294117647058824,0.23529411764705882,0.29411764705882354,139,135,137
105,وقعا، فوليش قونیسکی، آنطونبوویچ و سىئرەکی اوقراينا جمىعت حادملرينك غاليچيا اوقرینالیلریله اولان مناسباتى دراغومابوفدث دها ىول باشلامشد,وقعا، فوليش قونیسکی، آنطون بوویچ و سائرەکی اوقراينا جماعت حادملرينك غاليچيا اوقراینالیلریله اولان مناسباتى دراغوما بوفدن دها اول باشلامشدر.,واقعا، قوليش قونیسکی، آنطونوویچ و سائرەکی اوقراينا جماعت خادملرينك غاليچيا اوقراینالیلریله اولان مناسباتى دراغومانوفدن دها اول باشلامشدی؛,0.08759124087591241,0.06569343065693431,0.021897810218978103,0.5882352941176471,0.47058823529411764,0.11764705882352944,134,139,137
106,واقعا، ق وليش قونیسکی،نطون وویچ وسارەکی اقراين ا جماعت خىدملرينك غليچكا اوقراینالیلرله اولان مناسباتى دراعومانوفدن ده اول بالامشذ؛,واقعا، قوليش قونیسکی، نطون وویچ وسارەکی اقراينا جماعت خادملرينك غليچك اوقراینالیلرله اولان مناسباتى دراعومانوفدن ده اول بالامشد؛,واقعا، قوليش قونیسکی، آنطونوویچ و سائرەکی اوقراينا جماعت خادملرينك غاليچيا اوقراینالیلریله اولان مناسباتى دراغومانوفدن دها اول باشلامشدی؛,0.12408759124087591,0.0948905109489051,0.02919708029197081,0.7647058823529411,0.5294117647058824,0.23529411764705876,130,128,137
107,واقعا، قوليش قونیسکی، آنظونوویچ و سائرەکی اوقراينا جماعت خادملرينك غاهليچيا اوقراینالیلرعیله اول ان مناسبىتى دراغومانوفدن دهااول باشلامشدی؛,واقعا، قوليش قونیسکی، آنون وویچ و سائرەکی اوقراينا جماعت خادملرينك غاليچيا اوقراینالیلریله اولان مناسباتى دراغومانوفدن دها اول باشلامشدی؛,واقعا، قوليش قونیسکی، آنطونوویچ و سائرەکی اوقراينا جماعت خادملرينك غاليچيا اوقراینالیلریله اولان مناسباتى دراغومانوفدن دها اول باشلامشدی؛,0.043795620437956206,0.014598540145985401,0.029197080291970805,0.47058823529411764,0.11764705882352941,0.3529411764705882,139,137,137
108,وىقعان، قوليش قونیسکی، آنطونوویچ و سائ رەکيی ىوقراينا جماعن خادملرينك غاليچيا اوراینالیلریله اولان مناسباتى دزاغومىنوفدن ده ا اول باشلامس دی؛,واقعان، قوليش قونیسکی، آنطونوویچ و سائرەکيی اوقراينا جماعن خادملرينك غاليچيا اوراینالیلریله اولان مناسباتى دراغومانوفدن ده اول باشلامسدی؛,واقعا، قوليش قونیسکی، آنطونوویچ و سائرەکی اوقراينا جماعت خادملرينك غاليچيا اوقراینالیلریله اولان مناسباتى دراغومانوفدن دها اول باشلامشدی؛,0.08759124087591241,0.043795620437956206,0.043795620437956206,0.6470588235294118,0.35294117647058826,0.29411764705882354,141,137,137
109,واقعا، ق وليش قونیسکی، آنطونوویچ و سىئرەکی اوقرايناجمات خادمهلرنك غاليچي ا وقرایناخلیلریله اولان منسناتى دراغوم انوفدن دها اول باشلامشدی؛,واقعا، قوليش قونیسکی، آنطونوویچ و سائرەکی اوقرايناجمات خادمهلرنك غاليچي اوقرایناخلیلریله اولان منسناتى دراغوم انوفدن دها اول باشلامشدی؛,واقعا، قوليش قونیسکی، آنطونوویچ و سائرەکی اوقراينا جماعت خادملرينك غاليچيا اوقراینالیلریله اولان مناسباتى دراغومانوفدن دها اول باشلامشدی؛,0.08759124087591241,0.06569343065693431,0.021897810218978103,0.6470588235294118,0.47058823529411764,0.17647058823529416,137,135,137
110,واقعا، قولش قونیسکی، آتطونووچ و سائرەکی اوقراينفا حماعت حىدملرينك عاليچيا اوقراینالیلریله اولان مناسباتى درىغومانوفدن دها اول باشلامش دی؛,واقعا، قولش قونیسکی، آتونووچ و سائرەکی اوقراينا حماعت حادملرينك عاليچيا اوقراینالیلریله اولان مناسباتى دراغومانوفدن دها اول باشلامشدی؛,واقعا، قوليش قونیسکی، آنطونوویچ و سائرەکی اوقراينا جماعت خادملرينك غاليچيا اوقراینالیلریله اولان مناسباتى دراغومانوفدن دها اول باشلامشدی؛,0.072992700729927,0.051094890510948905,0.021897810218978096,0.5294117647058824,0.29411764705882354,0.23529411764705882,137,134,137
111,واعا، قوليس ونیسكی، آنطونوو یچ و سائرەکی اوقراين جماعت خادملرينك غاليچىا او قراینالیلریلة اولان مناسباتى دراغومانوفدن دها اول باسلامشدی؛,واعا، قوليس ونیسکی، آنطونوو یچ و سائرەکی اوقراينا جماعت خادملرينك غاليچا او قراینالیلریله اولان مناسباتى دراغومانوفدن دها اول باسلامشدی؛,واقعا، قوليش قونیسکی، آنطونوویچ و سائرەکی اوقراينا جماعت خادملرينك غاليچيا اوقراینالیلریله اولان مناسباتى دراغومانوفدن دها اول باشلامشدی؛,0.072992700729927,0.051094890510948905,0.021897810218978096,0.5882352941176471,0.5294117647058824,0.05882352941176472,136,136,137
112,وىقعا، وليشقونیسکی، آثطونوویچ و سازەکی اوقراينا جما عت خادملينك غاليچيا اوقرانالیلریله اولان مناسبابى دراعومىنوفدن دها اول ناشامشدی؛,واقعا، وليشقونیسکی، آثونوویچ و سارەکی اوقراينا جماعت خادملينك غاليچيا اوقرانالیلریله اولان مناسبابى دراعومانوفدن دها اولناشامشدی؛,واقعا، قوليش قونیسکی، آنطونوویچ و سائرەکی اوقراينا جماعت خادملرينك غاليچيا اوقراینالیلریله اولان مناسباتى دراغومانوفدن دها اول باشلامشدی؛,0.10218978102189781,0.08759124087591241,0.014598540145985398,0.7058823529411765,0.5882352941176471,0.11764705882352944,132,129,137
113,وىقذعا،فولي قونیسکی، آ نطونوویچ و سئرەکی اوقراينا جماعت خادملرينك غاليچيا ىوقزایثالیلریله اولان مناسباتى دراغومانوقدن د اول باشلىمشدی؛,واقدا، فولي قونیسکی، آنطونوویچ و سئرەکی اوقراينا جماعت خادملرينك غاليچيا اوقراینالیلریله اولان مناسباتى دراغومانوقدن داول باشلامشدی؛,واقعا، قوليش قونیسکی، آنطونوویچ و سائرەکی اوقراينا جماعت خادملرينك غاليچيا اوقراینالیلریله اولان مناسباتى دراغومانوفدن دها اول باشلامشدی؛,0.10218978102189781,0.058394160583941604,0.043795620437956206,0.5294117647058824,0.35294117647058826,0.1764705882352941,134,132,137
114,واقعا، قوليش ونیسکی، آنطونوویچ و شائرەکی اوراينا جماعت خاذملرينك غاليچيا اوقرینا لیلریله اولان مناسباتزى دراغومانوفذن دها اول باشلامدی؛,واقعا، قوليش ونیسکی، آنطونوویچ و شائرەکی اوراينا جماعت خادملرينك غاليچيا اوقراینالیلریله اولان مناسباترى دراغومانوفدن دها اول باشلامدی؛,واقعا، قوليش قونیسکی، آنطونوویچ و سائرەکی اوقراينا جماعت خادملرينك غاليچيا اوقراینالیلریله اولان مناسباتى دراغومانوفدن دها اول باشلامشدی؛,0.06569343065693431,0.0364963503649635,0.02919708029197081,0.5294117647058824,0.29411764705882354,0.23529411764705882,135,135,137
115,واقعى قوليش قونیسسکی، آنطونوویچ و سائرەی اقرأاينا جماعت خادملرينک غاليچخيا اوقراین الیلریله اولان مناسباتى دزاغومانوفدن دها ىو ل بساشلامشدی؛,واقعى قوليش قونیسکی، آنطونوویچ و سائرەی اوقراينا جماعت خادملرينك غاليچيا اوقراینالیلریله اولان مناسباتى دراغومانوفدن دها اول بساشلامشدی؛,واقعا، قوليش قونیسکی، آنطونوویچ و سائرەکی اوقراينا جماعت خادملرينك غاليچيا اوقراینالیلریله اولان مناسباتى دراغومانوفدن دها اول باشلامشدی؛,0.0948905109489051,0.029197080291970802,0.06569343065693431,0.7058823529411765,0.17647058823529413,0.5294117647058824,140,136,137
116,واقعا، قوليش قونیسکی،آنونوویچ و سائرەکی اوقرايثا جماعت خادملرينك غاليچيا اوقراینالیلریله اولان مناسباتى دراغومانو فدن دهاص ىول باشلامشدی,واقعا، قوليش قونیسکی، آنونوویچ و سائرەکی اوقراينا جماعت خادملرينك غاليچيا اوقراینالیلریله اولان مناسباتى دراغومانوفدن دها اول باشلامشدی.,واقعا، قوليش قونیسکی، آنطونوویچ و سائرەکی اوقراينا جماعت خادملرينك غاليچيا اوقراینالیلریله اولان مناسباتى دراغومانوفدن دها اول باشلامشدی؛,0.051094890510948905,0.014598540145985401,0.0364963503649635,0.47058823529411764,0.11764705882352941,0.3529411764705882,136,136,137
117,واقع، قولىش قونیسيی آنطونووچ سائرەکی اوقراينا جماعت خادملرينك غاليچيا اوتقكراینالیریله اولان مناسباتى درىغومانوفدن دها اول باشلامشدی؛,واقع، قولاش قونیسیی آنطونووچ سائرەکی اوقراينا جماعت خادملرينك غاليچيا اوتقيراینالیریله اولان مناسباتى دراغومانوفدن دها اول باشلامشدی؛,واقعا، قوليش قونیسکی، آنطونوویچ و سائرەکی اوقراينا جماعت خادملرينك غاليچيا اوقراینالیلریله اولان مناسباتى دراغومانوفدن دها اول باشلامشدی؛,0.08029197080291971,0.072992700729927,0.007299270072992706,0.4117647058823529,0.35294117647058826,0.05882352941176466,133,133,137
118,واقعا، فولىش قنیرسک، آنطونویچ و سائرەكی اوفراين جماعث خادملرينكد غاليچکا وقراینالیلریله اوان مناسباتى دراغومانوفدن ده اول باشلامشإدی؛,واقعا، فولاش قنیرسک، آنطونویچ و سائرەکی اوقراينا جماعت خادملرينك غاليچکا وقراینالیلریله اوان مناسباتى دراغومانوفدن ده اول باشلامشدی؛,واقعا، قوليش قونیسکی، آنطونوویچ و سائرەکی اوقراينا جماعت خادملرينك غاليچيا اوقراینالیلریله اولان مناسباتى دراغومانوفدن دها اول باشلامشدی؛,0.11678832116788321,0.072992700729927,0.043795620437956206,0.7058823529411765,0.4117647058823529,0.2941176470588236,133,132,137
119,اقعا،قوليش قونیسکی، آنطونوویچ و سائرەکی اوقرزاينا مات خادملرينك غىليخچکا اوقراینالیلریله اولان مناسباتى دراغومانوفدن دها ىوأ ل باشلامشدی؛,اقعا، قوليش قونیسکی، آنطونوویچ و سائرەکی اوقراينا مات خادملرينك غاليخچك اوقراینالیلریله اولان مناسباتى دراغومانوفدن دها اول باشلامشدی؛,واقعا، قوليش قونیسکی، آنطونوویچ و سائرەکی اوقراينا جماعت خادملرينك غاليچيا اوقراینالیلریله اولان مناسباتى دراغومانوفدن دها اول باشلامشدی؛,0.08029197080291971,0.043795620437956206,0.0364963503649635,0.4117647058823529,0.17647058823529413,0.2352941176470588,137,134,137
120,بوتورکیه ایله اذوقرینلیلر آرد سنده سنه لرجەدوام ایدن بر ممادی محاربا دوره سی اولدى.,بوتورکیه ایله ادوقرینلیلر آردسنده سنه لرجەدوام ایدن بر ممادی محاربا دوره سی اولدى.,بوتورکیه ایله اوقراینالیلر آرد سنده سنه لرجەدوام ایدن بر متمادی محاربات دوره سی اولدى.,0.05813953488372093,0.06976744186046512,-0.011627906976744186,0.21428571428571427,0.35714285714285715,-0.14285714285714288,83,82,86
121,بوتورکیه ا یله اوقراینالیلر آرد سجنده سنه لرەدوطام ایدن نر متمادی محاربات دوره سیق اولدى.,بوتورکیه ایله اوقراینالیلر آردسنده سنه لرەدوطام ایدن نر متمادی محاربات دوره سیق اولدى.,بوتورکیه ایله اوقراینالیلر آرد سنده سنه لرجەدوام ایدن بر متمادی محاربات دوره سی اولدى.,0.06976744186046512,0.05813953488372093,0.011627906976744186,0.42857142857142855,0.35714285714285715,0.0714285714285714,89,86,86
122,توتورکیه ایلة اوقرىینالیل آرد سنده سنه لرجەدوىم ایدن بر متمادی محاربات دوزة شی اودىخ.,توتورکیه ایله اوقراینالیلر آرده سنده سنه لرجەدوام ایدن بر متمادی محاربات دوزه سی اوداخ.,بوتورکیه ایله اوقراینالیلر آرد سنده سنه لرجەدوام ایدن بر متمادی محاربات دوره سی اولدى.,0.11627906976744186,0.06976744186046512,0.046511627906976744,0.5,0.2857142857142857,0.2142857142857143,85,87,86
123,بوتورکیه ىیله اوقراینالی لر آرد سنده سنه لرجەدوام ایدن بر متمادی محارباب دره شی ا ولدى.,بوتورکیه ایله اوقراینالیلر آردسنده سنه لرجەدوام ایدن بر متمادی محاربات دره سی اولدى.,بوتورکیه ایله اوقراینالیلر آرد سنده سنه لرجەدوام ایدن بر متمادی محاربات دوره سی اولدى.,0.06976744186046512,0.023255813953488372,0.046511627906976744,0.5714285714285714,0.21428571428571427,0.3571428571428571,87,84,86
124,وتورکیهایله اوقرنایيالیلر ازد سنده شنه لرجەدوام یدن بر متمادی محازبات دوره سیاولدى.,وتورکیه ایله اوقراینالیلر ازدسنده سنه لرجەدوام یدن بر متمادی محازبات دوره سی اولدى.,بوتورکیه ایله اوقراینالیلر آرد سنده سنه لرجەدوام ایدن بر متمادی محاربات دوره سی اولدى.,0.11627906976744186,0.06976744186046512,0.046511627906976744,0.6428571428571429,0.35714285714285715,0.28571428571428575,83,83,86
125,بو توركیه ایله اوقزاینالیلر آر سنده سنه لرجەدوام این برمتمادی محاربات دره سی اولدى.,بو تورکیه ایله اوقراینالیلر آرسنده سنه لرجەدوام این برمتمادی محاربات دره سی اولدى.,بوتورکیه ایله اوقراینالیلر آرد سنده سنه لرجەدوام ایدن بر متمادی محاربات دوره سی اولدى.,0.08139534883720931,0.06976744186046512,0.011627906976744193,0.5714285714285714,0.5714285714285714,0.0,83,82,86
126,ثوتورکیة ایل ه وقزاینلیلر آرد سندهع سنه لزجەوام ایدث بر متادیمحاربات دوره سیاولدي.,بوتورکیه ایله وقراینلیلر آردسنده سنه لرجەوام ایدن بر متادی محاربات دوره سیاولدى.,بوتورکیه ایله اوقراینالیلر آرد سنده سنه لرجەدوام ایدن بر متمادی محاربات دوره سی اولدى.,0.16279069767441862,0.06976744186046512,0.0930232558139535,0.7857142857142857,0.5,0.2857142857142857,82,80,86
127,بتويرکیه ایله اخوقراینالیلر آرد سنده سنه لرجەدوام ىیدن بر ممادی محاربات دوره سی اولدى.,بويرکیه ایله اخوقراینالیلر آردسنده سنه لرجەدوام ایدن بر ممادی محاربات دوره سی اولدى.,بوتورکیه ایله اوقراینالیلر آرد سنده سنه لرجەدوام ایدن بر متمادی محاربات دوره سی اولدى.,0.05813953488372093,0.05813953488372093,0.0,0.2857142857142857,0.35714285714285715,-0.07142857142857145,86,84,86
128,بوتورکیه ایله اوقراینالیلر آرد سنده سنه لرجەدوام ایدي بر مثمادی محغاربات دوره سی اولدى.,بوتورکیه ایله اوقراینالیلر آردسنده سنه لرجەدوام ایدى بر مثمادی محاربات دوره سی اولدى.,بوتورکیه ایله اوقراینالیلر آرد سنده سنه لرجەدوام ایدن بر متمادی محاربات دوره سی اولدى.,0.03488372093023256,0.03488372093023256,0.0,0.21428571428571427,0.2857142857142857,-0.07142857142857142,87,85,86
129,بوتذورکیهیله اوقراخینىلیلر آرد سنده سنه لرجەدامج ىیذن بر متمادی محاربات دوره سی اولدي.,بوتدورکی هیله اوقراینالیلر آردسنده سنه لرجەدام ایدن بر متمادی محاربات دوره سی اولدى.,بوتورکیه ایله اوقراینالیلر آرد سنده سنه لرجەدوام ایدن بر متمادی محاربات دوره سی اولدى.,0.11627906976744186,0.05813953488372093,0.05813953488372093,0.42857142857142855,0.35714285714285715,0.0714285714285714,86,84,86
130,بوثوزکیه ایله اقزاینالیلر آرد سنده سنه لرخەدوام ای دن بر متمادی محارتات دور سی اولدى.,بونورکیه ایله اقزاینالیلر آردسنده سنه لرخەدوام ایدن بر متمادی محارتات دورسی اولدى.,بوتورکیه ایله اوقراینالیلر آرد سنده سنه لرجەدوام ایدن بر متمادی محاربات دوره سی اولدى.,0.09302325581395349,0.09302325581395349,0.0,0.5,0.5714285714285714,-0.0714285714285714,85,82,86
131,بوتورکیه ایله اقراینالیلر آ رد سنذه شنه لرجەدوام ای دن بز متماد محارب ات دوةره سی اولدى.,بوتورکیه ایله اقراینالیلر آردسنده سنه لرجەدوام ایدن بر متماد محاربات دوهره سی اولدى.,بوتورکیه ایله اوقراینالیلر آرد سنده سنه لرجەدوام ایدن بر متمادی محاربات دوره سی اولدى.,0.10465116279069768,0.046511627906976744,0.058139534883720936,0.8571428571428571,0.35714285714285715,0.49999999999999994,88,84,86
132,بوتورکیغه ایله اوقراینالیلر آرد سنده سنه لرجەدوام ایدن بر متمادی محاربات دوره شی اولد ى,بوتورکیغه ایله اوقراینالیلر آردسنده سنه لرجەدوام ایدن بر متمادی محاربات دوره سی اولدى.,بوتورکیه ایله اوقراینالیلر آرد سنده سنه لرجەدوام ایدن بر متمادی محاربات دوره سی اولدى.,0.046511627906976744,0.023255813953488372,0.023255813953488372,0.2857142857142857,0.21428571428571427,0.07142857142857142,87,86,86
133,بوتورکی ه ایله اوقراینالیلررد سند ه سنه لرجەدوام ایدن بر متمادی محاربات دوره سی اولدى.,بوتورکیه ایله اوقراینالیلرده سنده سنه لرجەدوام ایدن بر متمادی محاربات دوره سی اولدى.,بوتورکیه ایله اوقراینالیلر آرد سنده سنه لرجەدوام ایدن بر متمادی محاربات دوره سی اولدى.,0.046511627906976744,0.046511627906976744,0.0,0.35714285714285715,0.14285714285714285,0.2142857142857143,86,84,86
134,نوتورکیه ایله اوقایالیلر آرد سنده سنه لرجەدوام ایدن بر متمادی محازبخات دوره سیاولدى.,نوتورکیه ایله اوقراینالیلر آردسنده سنه لرجەدوام ایدن بر متمادی محاربخات دوره سی اولدى.,بوتورکیه ایله اوقراینالیلر آرد سنده سنه لرجەدوام ایدن بر متمادی محاربات دوره سی اولدى.,0.06976744186046512,0.03488372093023256,0.03488372093023256,0.35714285714285715,0.2857142857142857,0.07142857142857145,84,86,86
135,بوثورکیه ایله اوقراینالیلر آرد سنده سنه لرجەدوام اید بر متمادی محاربات دوره سی اولدى.,بوتورکیه ایله اوقراینالیلر آردسنده سنه لرجەدوام اید بر متمادی محاربات دوره سی اولدى.,بوتورکیه ایله اوقراینالیلر آرد سنده سنه لرجەدوام ایدن بر متمادی محاربات دوره سی اولدى.,0.023255813953488372,0.023255813953488372,0.0,0.14285714285714285,0.21428571428571427,-0.07142857142857142,85,84,86
136,بوتورکیه ایله اوقررياینالیلر آضرد سنده سه لرجەذوام اید برمتمادی محاربا دوره سی اولدى.,بوتورکیه ایله اوقراینالیلر آضرد سنده سه لرجەدوام اید برمتمادی محاربا دوره سی اولدى.,بوتورکیه ایله اوقراینالیلر آرد سنده سنه لرجەدوام ایدن بر متمادی محاربات دوره سی اولدى.,0.09302325581395349,0.05813953488372093,0.03488372093023256,0.5714285714285714,0.42857142857142855,0.14285714285714285,85,83,86
137,بوتورکیه ایله اوقراینلیلر آر سنه سنه لرجەدوام ایدن بر متمادی محاربات دوزه ی اولدى.,بوتورکیه ایله اوقراینالیلر آر سنه سنه لرجەدوام ایدن بر متمادی محاربات دوره ی اولدى.,بوتورکیه ایله اوقراینالیلر آرد سنده سنه لرجەدوام ایدن بر متمادی محاربات دوره سی اولدى.,0.05813953488372093,0.03488372093023256,0.023255813953488372,0.35714285714285715,0.21428571428571427,0.14285714285714288,82,83,86
138,بوتورکیه ایلهاوقراینالیر آرد سن ده سيه لرحجەذوام ایدن بر متمادید محاربات دوره سی اودى.,بوتورکیه ایله اوقراینالیر آردسنده سيه لرجەدوام ایدن بر متمادید محاربات دوره سی اودى.,بوتورکیه ایله اوقراینالیلر آرد سنده سنه لرجەدوام ایدن بر متمادی محاربات دوره سی اولدى.,0.09302325581395349,0.05813953488372093,0.03488372093023256,0.5714285714285714,0.42857142857142855,0.14285714285714285,86,84,86
139,بوتوزکیه ایل اوقرایبالیلر آرد سنده سنة لرخەدوام ىیدن بر متمادی محاربات دوره سی اولدى.,بوتورکیه ایل اوقراینالیلر آردسنده سنه لرخەدوام ایدن بر متمادی محاربات دوره سی اولدى.,بوتورکیه ایله اوقراینالیلر آرد سنده سنه لرجەدوام ایدن بر متمادی محاربات دوره سی اولدى.,0.06976744186046512,0.03488372093023256,0.03488372093023256,0.42857142857142855,0.2857142857142857,0.14285714285714285,85,84,86
140,بو نماىشلر ینة، روس حکوم تنك، بويوكملت شاعری (شەوچەنقونك كوزنجى سنۀ دوحیەسی شنلکلرینه مساعده اكتثه مسندن ایلری کلمشدر.,بو نماشلرینه، روس حکومتنك، بويوك ملت شاعری (شەوچەنقونك كوزنجى سنۀ دوحیەسی سنلکلرینه مساعده اكتنه مسندن ایلری کلمشدر.,بو نمايشلرینه، روس حكومتنك، بويوك ملت شاعری (شەوچەنقو)نك يوزنجى سنۀ دوریەسی شنلکلرینه مساعده ايتمه مسندن ایلری کلمشدر.,0.09322033898305085,0.06779661016949153,0.025423728813559324,0.5294117647058824,0.4117647058823529,0.11764705882352944,118,116,118
141,بو بمايشلرینه، روس حكومتنكغ بويوك ملت شاعری (شەوچەنقو)نك يوزجى سنۀ دوریەسی شلکلرینه مساعده ايتمه مشدن یلی کلمشدر.,بو بمايشلرینه، روس حكومتنك بويوك ملت شاعری (شەوچەنقو)نك يوزجى سنۀ دوریەسی شلکلرینه مساعده ايتمه مشدن یلی کلمشدر.,بو نمايشلرینه، روس حكومتنك، بويوك ملت شاعری (شەوچەنقو)نك يوزنجى سنۀ دوریەسی شنلکلرینه مساعده ايتمه مسندن ایلری کلمشدر.,0.06779661016949153,0.06779661016949153,0.0,0.35294117647058826,0.35294117647058826,0.0,113,112,118
142,بو نمايشلینه، روش حكوغمتنك، بويوك ملت اعری (شەوچەنقو)نك يوزنجى سنۀ دوریەسی سنلكلرین مساعده ايتمه مسندن اخیلری کلمغشدشز.,بو نمايشلینه، روس حكوغمتنك، بويوك ملت اعری (شەوچەنقو)نك يوزنجى سنۀ دوریەسی سنلكلرین مساعده ايتمه مسندن اخیلری کلمشدشر.,بو نمايشلرینه، روس حكومتنك، بويوك ملت شاعری (شەوچەنقو)نك يوزنجى سنۀ دوریەسی شنلکلرینه مساعده ايتمه مسندن ایلری کلمشدر.,0.09322033898305085,0.06779661016949153,0.025423728813559324,0.4117647058823529,0.35294117647058826,0.05882352941176466,119,118,118
143,بو نمايشلریطنه، روس حكومينك، بويوك مت شاعری (شە وچەنقو)نك يوزنجى سنۀ دوریەس شنلکلرینه مساغده ايتعمه مسهندن ایلری کلمشدر.,بو نمايشلرینه، روس حكومينك، بويوك متشاعری (شەوچەنقو)نك يوزنجى سنۀ دوریەسنلکلرینه مساعده ايتعمه مسهندن ایلری کلمشدر.,بو نمايشلرینه، روس حكومتنك، بويوك ملت شاعری (شەوچەنقو)نك يوزنجى سنۀ دوریەسی شنلکلرینه مساعده ايتمه مسندن ایلری کلمشدر.,0.06779661016949153,0.06779661016949153,0.0,0.5294117647058824,0.4117647058823529,0.11764705882352944,120,115,118
144,بو نمصايشلرینه، روس حكمتنك، نيوکملت شاعری(شەوچەنقو)نك يوزنغجى سنۀ دوریەسی شنلکلرینه مساعده ايتمه مسندن ایلری کلمشدر.,بو نمايشلرینه، روس حكمتنك، نيوك ملت شاعری(شەوچەنقو)نك يوزنجى سنۀ دوریەسی سنلکلرینه مساعده ايتمه مسندن ایلری کلمشدر.,بو نمايشلرینه، روس حكومتنك، بويوك ملت شاعری (شەوچەنقو)نك يوزنجى سنۀ دوریەسی شنلکلرینه مساعده ايتمه مسندن ایلری کلمشدر.,0.06779661016949153,0.0423728813559322,0.025423728813559324,0.4117647058823529,0.29411764705882354,0.11764705882352938,116,115,118
145,بو نماىشل رینه، روس حكومبنك، بويوك ملتشاعری (جشەوچەنقو)فنك يورنجى سنۀ دخوریەشی شنلکلرینه مساعدة ايتمه مسذندن ایلری کلمشدر,بو نماشلرینه، روس حكومتنك، بويوك ملتشاعری (جشەوچەنقو)فنك يورنجى سنۀ دخوریەسی سنلکلرینه مساعده ايتمه مسدندن ایلری کلمشدر.,بو نمايشلرینه، روس حكومتنك، بويوك ملت شاعری (شەوچەنقو)نك يوزنجى سنۀ دوریەسی شنلکلرینه مساعده ايتمه مسندن ایلری کلمشدر.,0.1016949152542373,0.06779661016949153,0.03389830508474577,0.6470588235294118,0.47058823529411764,0.17647058823529416,121,120,118
146,بو نمايشلری نة، روس حكومتنك، بغويوك ملت شاعری (سەوچەنقو)نك کوزنجى تۀ دوزیسەسی شنلکلرینه مساةعده ايتمه مسندن ایلری کلمشدر.,بو نمايشلرینه، روس حكومتنك، بعويوك ملت شاعری (سەوچەنقو)نك کوزنجى تۀ دوریسەسی سنلکلرینه مساعده ايتمه مسندن ایلری کلمشدر.,بو نمايشلرینه، روس حكومتنك، بويوك ملت شاعری (شەوچەنقو)نك يوزنجى سنۀ دوریەسی شنلکلرینه مساعده ايتمه مسندن ایلری کلمشدر.,0.0847457627118644,0.059322033898305086,0.025423728813559317,0.47058823529411764,0.35294117647058826,0.11764705882352938,121,119,118
147,بو نمايشلرینه، روس هكومتحك، بويوك ملت شاعری (شەوچەنقو)ن ك يوزنجا ستۀ دوریەسی شنلکلرینة شاعدة ايتمه مسندن ایلر کلمشدر,بو نمايشلرینه، روس هكومتحك، بويوك ملت شاعری (شەوچەنقو)نك يوزنجاستۀ دوریەسی سنلکلرینه شاعده ايتمه مسندن ایلر کلمشدر.,بو نمايشلرینه، روس حكومتنك، بويوك ملت شاعری (شەوچەنقو)نك يوزنجى سنۀ دوریەسی شنلکلرینه مساعده ايتمه مسندن ایلری کلمشدر.,0.09322033898305085,0.07627118644067797,0.016949152542372878,0.5294117647058824,0.35294117647058826,0.1764705882352941,116,115,118
148,بو نميشلرینه روس حكومتنك،ص بذويوك ملتساعری (سەوچە نقو)تكيوزنجى سنۀ دریەسی شنلکلرینه مشاعده ايتمه مسندن ىیلری کلصمشدرك,بو نميشلرینه روس حكومتنك، بدويوك ملتساعری (سەوچەنقو) تكيورنجى سنۀ دریەسی سنلکلرینه مشاعده ايتمه مسندن ایلری کلصمشدرك,بو نمايشلرینه، روس حكومتنك، بويوك ملت شاعری (شەوچەنقو)نك يوزنجى سنۀ دوریەسی شنلکلرینه مساعده ايتمه مسندن ایلری کلمشدر.,0.1271186440677966,0.1271186440677966,0.0,0.6470588235294118,0.5882352941176471,0.05882352941176472,117,116,118
149,بو نمايشلینه، روس حكومتنك، بويوك ملت شاعری (شەوچەنقو)نك يوزنجي سنۀدوریەسی شنلکلرینه مساعده ايتمه مسندن ایلری کلمشدر.,بو نمايشلینه، روس حكومتنك، بويوك ملت شاعری (شەوچەنقو)نك يوزنجى سنۀدوریەسی سنلکلرینه مساعده ايتمه مسندن ایلری کلمشدر.,بو نمايشلرینه، روس حكومتنك، بويوك ملت شاعری (شەوچەنقو)نك يوزنجى سنۀ دوریەسی شنلکلرینه مساعده ايتمه مسندن ایلری کلمشدر.,0.025423728813559324,0.025423728813559324,0.0,0.23529411764705882,0.23529411764705882,0.0,116,116,118
150,بو نمايشلظریثه، روس حكومتنك، بويوك ملت شاعری (ەوچەنقو)نك يوزن جىسنۀ دوریەسی شنلکلرینهمساعه اىتمه مسندن ایلری کلمشدر.,بو نمايشلرینه، روس حكومتنك، بويوك ملت شاعری (ەوچەنقو)نك يوزن جاسنۀ دوریەسی سنلکلرینه مساعه ايتمه مسندن ایلری کلمشدر.,بو نمايشلرینه، روس حكومتنك، بويوك ملت شاعری (شەوچەنقو)نك يوزنجى سنۀ دوریەسی شنلکلرینه مساعده ايتمه مسندن ایلری کلمشدر.,0.06779661016949153,0.05084745762711865,0.016949152542372878,0.4117647058823529,0.29411764705882354,0.11764705882352938,116,116,118
151,بخو نمايشلرینه، روس حكومبنك، بوکوي ملطت شىعری (شەوچەنقو)ك يوزنجي سنۀ دوزیەسی نلإکلرینه معساعده ىيتمة مسبدن ایلری کلمشدر.,بو نمايشلرینه، روس حكومتنك، بوکون ملطت شاعری (شەوچەنقو)ك يوزنجي سنۀ دوزیەسی نليلرینه معساعده ايتمه مسبدن ایلری کلمشدر.,بو نمايشلرینه، روس حكومتنك، بويوك ملت شاعری (شەوچەنقو)نك يوزنجى سنۀ دوریەسی شنلکلرینه مساعده ايتمه مسندن ایلری کلمشدر.,0.1271186440677966,0.0847457627118644,0.0423728813559322,0.7058823529411765,0.47058823529411764,0.23529411764705888,120,118,118
152,بو نمايشل رینه، روس حكومتناك، بويو ملت شاةعری شەوچەنقو)نك يوزنجىسنۀدوریەسی شن لکلزیيه مساعده اتمه مسند ایلری کلشدر.,بو نمايشلرینه، روس حكومتناك، بويوملت شاعری شەوچەنقو)نك يوزنجى سنۀ دوریەسی سنلکلرینه مساعده اتمه مسنده ایلری کلشدر.,بو نمايشلرینه، روس حكومتنك، بويوك ملت شاعری (شەوچەنقو)نك يوزنجى سنۀ دوریەسی شنلکلرینه مساعده ايتمه مسندن ایلری کلمشدر.,0.11016949152542373,0.06779661016949153,0.0423728813559322,0.7647058823529411,0.47058823529411764,0.2941176470588235,115,114,118
153,ثو نمايشرین، رو حكومتنك، ثويوك ملت شاعری (شەوچەنقو)نك يوزنجى سنۀ دوریەسی شنلکلرینه مساعده اکتمه مسندن اهلری کلمشدر,بو نمايشرین، رو حكومتنك، بويوك ملت شاعری (شەوچەنقو)نك يوزنجى سنۀ دوریەسی سنلکلرینه مساعده ايتمه مسندن اهلری کلمشدر.,بو نمايشلرینه، روس حكومتنك، بويوك ملت شاعری (شەوچەنقو)نك يوزنجى سنۀ دوریەسی شنلکلرینه مساعده ايتمه مسندن ایلری کلمشدر.,0.06779661016949153,0.0423728813559322,0.025423728813559324,0.4117647058823529,0.23529411764705882,0.1764705882352941,114,115,118
154,تو ثماكشذلزینة، روسحكومتنك، بوىوك ملت شاعری (شەوچەنقو)نك ىوزنجا سنۀ دوریەسی شنلکلرینه مساعده يته مسندن ایلری ک لمشدر.,توبماكشدلرینه، روس حكومتنك، بواوك ملت شاعری (شەوچەنقو)نك اوزنجا سنۀ دوریەسی سنلکلرینه مساعده بته مسندن ایلری کلمشدر.,بو نمايشلرینه، روس حكومتنك، بويوك ملت شاعری (شەوچەنقو)نك يوزنجى سنۀ دوریەسی شنلکلرینه مساعده ايتمه مسندن ایلری کلمشدر.,0.11016949152542373,0.1016949152542373,0.008474576271186432,0.5294117647058824,0.35294117647058826,0.1764705882352941,117,116,118
155,بو نمايشلرینه، روس حكومتنك، بويو ملت شاعری (شەوچەنقو)نك يوزنجى سنۀ دوریەسی شنلکلرته مساعده ايتمه مسهندن ایلری كلمشدر.,بو نمايشلرینه، روس حكومتنك، بويوملت شاعری (شەوچەنقو)نك يوزنجى سنۀ دوریەسی سنلکلرته مساعده ايتمه مسهندن ایلری كلمشدر.,بو نمايشلرینه، روس حكومتنك، بويوك ملت شاعری (شەوچەنقو)نك يوزنجى سنۀ دوریەسی شنلکلرینه مساعده ايتمه مسندن ایلری کلمشدر.,0.0423728813559322,0.059322033898305086,-0.016949152542372885,0.23529411764705882,0.29411764705882354,-0.05882352941176472,117,116,118
156,بو نمىيشلرینة، روس حكومتنك،بويوك ملت شاعری (شەوچەنقو)نك يوزنجى سنۀ ذوریەسی شنلکلرینه مساعده اىتمه مسندن ایلری کلمشدر.,بو نمايشلرینه، روس حكومتنك، بويوك ملت شاعری (شەوچەنقو)نك يوزنجى سنۀ دوریەسی سنلکلرینه مساعده ايتمه مسندن ایلری کلمشدر.,بو نمايشلرینه، روس حكومتنك، بويوك ملت شاعری (شەوچەنقو)نك يوزنجى سنۀ دوریەسی شنلکلرینه مساعده ايتمه مسندن ایلری کلمشدر.,0.0423728813559322,0.00847457627118644,0.03389830508474576,0.29411764705882354,0.058823529411764705,0.23529411764705882,117,118,118
157,بو نما کشلرینه، روس حكوتنک،بويوك ملت شاعری (شەوچەن قو)نك يوزنجى سنۀدوریەسی شنليلرینة مساعدة ايتمه مسن ن ایلزی کلمشدر.,بو نماکشلرینه، روس حكوتنك، بويوك ملت شاعری (شەوچەنقو)نك يوزنجى سنۀدوریەسی سنليلرینه مساعده ايتمه مسنن ایلری کلمشدر.,بو نمايشلرینه، روس حكومتنك، بويوك ملت شاعری (شەوچەنقو)نك يوزنجى سنۀ دوریەسی شنلکلرینه مساعده ايتمه مسندن ایلری کلمشدر.,0.1016949152542373,0.05084745762711865,0.05084745762711865,0.7647058823529411,0.35294117647058826,0.41176470588235287,117,115,118
158,بو نمايسلزینه، روس حكومتنك، بويوک ملت شاعری (شەوچە نفو)نك يوزنجى سنۀ دوریەسی شنلکلرینة مشاعتده ايتمه مشندن ىیلری کلمشدر.,بو نمايسلرینه، روس حكومتنك، بويوك ملت شاعری (شەوچەنفو)نك يوزنجى سنۀ دوریەسی سنلکلرینه مشاعتده ايتمه مشندن ایلری کلمشدر.,بو نمايشلرینه، روس حكومتنك، بويوك ملت شاعری (شەوچەنقو)نك يوزنجى سنۀ دوریەسی شنلکلرینه مساعده ايتمه مسندن ایلری کلمشدر.,0.0847457627118644,0.05084745762711865,0.033898305084745756,0.47058823529411764,0.29411764705882354,0.1764705882352941,120,119,118
159,بو نماکشلرینه، روس حكومتنك، بوکوک ملت شاعری (شەوچەقو)نك يوزنجى سنۀ دوریەشی شنلکلرینه مساع ة ايتمه مسندب ایلری کلمشدر.,بو نماکشلرینه، روس حكومتنك، بوکوك ملت شاعری (شەوچەقو)نك يوزنجى سنۀ دوریەسی سنلکلرینه مساعة ايتمه مسندن ایلری کلمشدر.,بو نمايشلرینه، روس حكومتنك، بويوك ملت شاعری (شەوچەنقو)نك يوزنجى سنۀ دوریەسی شنلکلرینه مساعده ايتمه مسندن ایلری کلمشدر.,0.06779661016949153,0.05084745762711865,0.016949152542372878,0.4117647058823529,0.29411764705882354,0.11764705882352938,117,116,118
160,(شمەلتیتسك) پولونی ا اردوسی مطلق وقطعی بز ا نةزامه اوعراتەرق پولويیالیلی اوقراینادن تایلة طزدوتبعيدايلدي.,(شمەلتیتسك) پولونی ااردوسی مطلق وقطعی بر انهزامه اوعراتەرق پولونیالیلی اوقراینادن تایله طردوتبعيد ايلدى.,(شمەلنیتسکی) پولونیا اردوسنی مطلق وقطعی بر انهزامه اوغراتەرق پولونیالیلری اوقراینادن تمامیله طرد وتبعيدايلدى.,0.1559633027522936,0.11009174311926606,0.045871559633027525,0.9230769230769231,0.6153846153846154,0.3076923076923077,105,104,109
161,(شمەلنیتشکی) پولذونیا اردوسنی مظلق وقظعیبر انهزامه اوعراتەرق پولونیالیلری اوقراتادن تمامله طرد وتبعيىكلدي.,(شمەلنیتشکی) پولدونیا اردوسنی مظلق وقعی بر انهزامه اوعراتەرق پولونیالیلری اوقراتادن تمامله طرده وتبعيالدى.,(شمەلنیتسکی) پولونیا اردوسنی مطلق وقطعی بر انهزامه اوغراتەرق پولونیالیلری اوقراینادن تمامیله طرد وتبعيدايلدى.,0.11926605504587157,0.10091743119266056,0.01834862385321101,0.6923076923076923,0.6923076923076923,0.0,106,106,109
162,(شمەليیتسکی ) پولونیا اردوسنی مطلق وفطعی بر انةرامه اوغراتەزق پولویالیلری اخوقراینىدن تيمامیله طر د وتبيديلدى.,(شمەليیتسکی) پولونیا اردوسنی مطلق وفطعی بر انهرامه اوغراتەرق پولویالیلری اخوقراینادن تيمامیله طرده وتبيديلدى.,(شمەلنیتسکی) پولونیا اردوسنی مطلق وقطعی بر انهزامه اوغراتەرق پولونیالیلری اوقراینادن تمامیله طرد وتبعيدايلدى.,0.11926605504587157,0.08256880733944955,0.03669724770642202,0.8461538461538461,0.6153846153846154,0.23076923076923073,110,109,109
163,(شمەليیتسکی) پولو نیا ازدو سنی مط لق وقطغی بر انه ز امه اوعرشاتەرعق پولونیالیلری اوقراینادن تمامیله طرد وببعيداكلدى.,(شمەليیتسکی) پولونیا ازدوسنی مطلق وقطعی بر انه زامه اوعرشاتەرق پولونیالیلری اوقراینادن تمامیله طرده وبعيد ايلدى.,(شمەلنیتسکی) پولونیا اردوسنی مطلق وقطعی بر انهزامه اوغراتەرق پولونیالیلری اوقراینادن تمامیله طرد وتبعيدايلدى.,0.11926605504587157,0.07339449541284404,0.045871559633027525,1.0,0.6153846153846154,0.3846153846153846,116,112,109
164,(شمەلنیتسکی) پولونیعا اردوسنی مطلق وقطعی بر انهزامه اوغراتەرق پولونیالیلری اوقراینان ثمامیله طرد وتبعيداكلدا.,(شمەلنیتسکی) پولونیا اردوسنی مطلق وقطعی بر انهزامه اوغراتەرق پولونیالیلری اوقراینان ثمامیله طرده وتبعيد ايلدى.,(شمەلنیتسکی) پولونیا اردوسنی مطلق وقطعی بر انهزامه اوغراتەرق پولونیالیلری اوقراینادن تمامیله طرد وتبعيدايلدى.,0.045871559633027525,0.03669724770642202,0.009174311926605505,0.3076923076923077,0.38461538461538464,-0.07692307692307693,109,110,109
165,شمەلنیتسکی و لنیا ادوسنی ملق وقطعیبر انهزامه اوغراتەرق پولونیالیلری اوقرایتادي تمامیله طرد وتنعيدالدى.,شمەلنیتسکی و لنیا ادوسنی ملق وقطعی بر انهزامه اوغراتەرق پولونیالیلری اوقراینادي تمامیله طرده وتنعيدالدى.,(شمەلنیتسکی) پولونیا اردوسنی مطلق وقطعی بر انهزامه اوغراتەرق پولونیالیلری اوقراینادن تمامیله طرد وتبعيدايلدى.,0.11009174311926606,0.10091743119266056,0.009174311926605505,0.6153846153846154,0.6153846153846154,0.0,102,104,109
166,(شمەلنیت سکی) پولونیا ارذوسنی مصطف وقطعی بر انهزىمه اوغزابەرق پولونیالیذلزی اقراینادن تمامیله طرد وتبعيدىيلدى.,(شمەلنیت سکی) پولونیا اردوسنی مصطف وقطعی بر انهزامه اوغرابەرق پولونیالیدلری اقراینادن تمامیله طرده وتبعيديلدى.,(شمەلنیتسکی) پولونیا اردوسنی مطلق وقطعی بر انهزامه اوغراتەرق پولونیالیلری اوقراینادن تمامیله طرد وتبعيدايلدى.,0.11009174311926606,0.08256880733944955,0.027522935779816515,0.6923076923076923,0.6153846153846154,0.07692307692307687,110,110,109
167,(شمەلتیتسکی) پولونیا اردوسنی مطلق وقط عی بر اهزامه اوغراتەرق پولونیالیلری اوقزاینىادن ثممیله طرد وتعيدايلذى.,(شمەلتیتسکی) پولونیا اردوسنی مطلق وقطعی بر اهزامه اوغراتەرق پولونیالیلری اوقراینادن بممیله طرده وتعيد ايلدى.,(شمەلنیتسکی) پولونیا اردوسنی مطلق وقطعی بر انهزامه اوغراتەرق پولونیالیلری اوقراینادن تمامیله طرد وتبعيدايلدى.,0.08256880733944955,0.06422018348623854,0.01834862385321101,0.5384615384615384,0.46153846153846156,0.07692307692307687,108,108,109
168,(شمەلنیتسکی) پولونیا اردوسنی طل وقط عی بر انزامه اوغراتەرق پول ونیالیلری اوقراینادن تمامیلة طرد وتبعي دايلدى.,(شمەلنیتسکی) پولونیا اردوسنی طل وقطعی بر انزامه اوغراتەرق پولونیالیلری اوقراینادن تمامیله طرده وتبعي دايلدى.,(شمەلنیتسکی) پولونیا اردوسنی مطلق وقطعی بر انهزامه اوغراتەرق پولونیالیلری اوقراینادن تمامیله طرد وتبعيدايلدى.,0.06422018348623854,0.045871559633027525,0.01834862385321101,0.6923076923076923,0.38461538461538464,0.30769230769230765,109,108,109
169,(شمەلنیتشکی) پولونیى اردوسنی مطلق وقطعی بر ىنهزامه اوغرىتەرق پولونیالیلری اوقرىینادن تمىمیل طرد وتبع يدايلدى.,(شمەلنیتشکی) پولونیا اردوسنی مطلق وقطعی بر انهزامه اوغراتەرق پولونیالیلری اوقراینادن تمامیل طرده وتبع يدايلدى.,(شمەلنیتسکی) پولونیا اردوسنی مطلق وقطعی بر انهزامه اوغراتەرق پولونیالیلری اوقراینادن تمامیله طرد وتبعيدايلدى.,0.07339449541284404,0.03669724770642202,0.03669724770642202,0.6153846153846154,0.38461538461538464,0.23076923076923078,109,110,109
170,(شمەلنیتسکی) پولونیا اردوسنیمطلق وقطعی بر انهمه اوغ اتەزق پوونیالیلری اوقاینادن تمامیله طرد وتبيدايلذى.,(شمەلنیتسکی) پولونیا اردوسنی مطلق وقطعی بر انهمه اوغاتەرق پوونیالیلری اوقراینادن تمامیله طرده وتبيدايلدى.,(شمەلنیتسکی) پولونیا اردوسنی مطلق وقطعی بر انهزامه اوغراتەرق پولونیالیلری اوقراینادن تمامیله طرد وتبعيدايلدى.,0.08256880733944955,0.05504587155963303,0.027522935779816515,0.6153846153846154,0.38461538461538464,0.23076923076923078,103,105,109
171,(شمەلنیتسکی) پولونیا اردوسنی مطلق وقطعی بر انهزامه ا وغراتەرق پولونیالیلری اوزایناي تممیله طرد وتبعيدىىلدى.,(شمەلنیتسکی) پولونیا اردوسنی مطلق وقطعی بر انهزامه اوغراتەرق پولونیالیلری اوزاینا تممیله طرده وتبعيديالدى.,(شمەلنیتسکی) پولونیا اردوسنی مطلق وقطعی بر انهزامه اوغراتەرق پولونیالیلری اوقراینادن تمامیله طرد وتبعيدايلدى.,0.07339449541284404,0.07339449541284404,0.0,0.38461538461538464,0.3076923076923077,0.07692307692307693,107,106,109
172,(شمە لنیتسکی) پولهوثیا اردوشنی مطق وقطعی بر انهزامه اوغتراتەرق پولونیالیری اوقراینادن تمامیله طرذ وت بعيدايلذى.,(شمەلنیتسکی) پولهوتیا اردوسنی مطق وقطعی بر انهزامه اوغتراتەرق پولونیالیری اوقراینادن تمامیله طردوت بعيد ايلدى.,(شمەلنیتسکی) پولونیا اردوسنی مطلق وقطعی بر انهزامه اوغراتەرق پولونیالیلری اوقراینادن تمامیله طرد وتبعيدايلدى.,0.09174311926605505,0.07339449541284404,0.01834862385321101,0.7692307692307693,0.5384615384615384,0.23076923076923084,111,110,109
173,(شمەلنیتسکی) پ ولونیا اردوسن ی مطلق وقطغی بر انهزامه اوغراتەزق پولونیالیلری اوقراینادن تمامیله طرد وتبعيداکلدى.,(شمەلنیتسکی) پولونیا اردوسنی مطلق وقطعی بر انهزامه اوغراتەرق پولونیالیلری اوقراینادن تمامیله طرده وتبعيد ايلدى.,(شمەلنیتسکی) پولونیا اردوسنی مطلق وقطعی بر انهزامه اوغراتەرق پولونیالیلری اوقراینادن تمامیله طرد وتبعيدايلدى.,0.045871559633027525,0.01834862385321101,0.027522935779816515,0.5384615384615384,0.23076923076923078,0.30769230769230765,111,111,109
174,(شمەلنیتسيی) پولویا ار دوسنی م طل ق وقطغی بر ا نهزامه ورايەرق پولونیالیلری اوقرایتادن بمىمیله طرذ وتبعيدايلدى.,(شمەلنیتسی) پولویا اردوسنی مطلق وقطعی بر انهزامه ورايەرق پولونیالیلری اوقراینادن بمامیله طرده وتبعيد ايلدى.,(شمەلنیتسکی) پولونیا اردوسنی مطلق وقطعی بر انهزامه اوغراتەرق پولونیالیلری اوقراینادن تمامیله طرد وتبعيدايلدى.,0.12844036697247707,0.07339449541284404,0.05504587155963303,1.0769230769230769,0.5384615384615384,0.5384615384615384,110,107,109
175,(شملنیتسکی) پولونیا اردوسنی مطلت وقطعی بر انهزىمه اوغر اتەرق پولونیالیلری اوراینا دن تمامیله طرد وتبعيدا يلدى.,(شملنیتسکی) پولونیا اردوسنی مطلت وقطعی بر انهزامه اوغراتەرق پولونیالیلری اوراینادن تمامیله طرده وتبعيدا يلدى.,(شمەلنیتسکی) پولونیا اردوسنی مطلق وقطعی بر انهزامه اوغراتەرق پولونیالیلری اوقراینادن تمامیله طرد وتبعيدايلدى.,0.06422018348623854,0.045871559633027525,0.01834862385321101,0.6923076923076923,0.46153846153846156,0.23076923076923073,110,109,109
176,(شم ەليتشکی)پولونیا اردوسن مطلطق وقطعی بز انهزامه اوغراتەرق پولونیالیلری اوقزاینىدن تمامیله طرد وتبعيداىلذ.,(شمەليتشکی) پولونیا اردوسنه مطلطق وقطعی بر انهزامه اوغراتەرق پولونیالیلری اوقراینادن تمامیله طرده وتبعيدايلد.,(شمەلنیتسکی) پولونیا اردوسنی مطلق وقطعی بر انهزامه اوغراتەرق پولونیالیلری اوقراینادن تمامیله طرد وتبعيدايلدى.,0.11926605504587157,0.06422018348623854,0.05504587155963303,0.5384615384615384,0.38461538461538464,0.1538461538461538,107,109,109
177,(تشمەلنیتکی) پولونیا ردوسنی مطلق وقطعی بر انةزامه اوغراتەزق پولونیالیلریغ ىوقراینادت تمامیله طرد و تبعيدايلدى.,(تشمەلنیتکی) پولونیا ردوسنی مطلق وقطعی بر انهزامه اوغراتەرق پولونیالیلری اوقراینادن تمامیله طرده و تبعيد ايلدى.,(شمەلنیتسکی) پولونیا اردوسنی مطلق وقطعی بر انهزامه اوغراتەرق پولونیالیلری اوقراینادن تمامیله طرد وتبعيدايلدى.,0.08256880733944955,0.05504587155963303,0.027522935779816515,0.6153846153846154,0.46153846153846156,0.15384615384615385,110,111,109
178,(مەلنیتسکی) پولونیا اردوسنی مطلق وقطعی بر انهزامه اوغراتەرق پولونالیلری اوقراینادن تمامیله طرد وتب عيدايلدي.,(مەلنیتسکی) پولونیا اردوسنی مطلق وقطعی بر انهزامه اوغراتەرق پولونالیلری اوقراینادن تمامیله طرده وتب عيد ايلدى.,(شمەلنیتسکی) پولونیا اردوسنی مطلق وقطعی بر انهزامه اوغراتەرق پولونیالیلری اوقراینادن تمامیله طرد وتبعيدايلدى.,0.03669724770642202,0.045871559633027525,-0.009174311926605505,0.3076923076923077,0.46153846153846156,-0.15384615384615385,108,110,109
179,(شمەلنیتسکی) پولونیا اردونی مطلق وقطعی بىر انهزاه اوغراتەرق پولونیالیلریاوقراینادن يمامیله طرد وتبعيداكلدى.,(شمەلنیتسکی) پولونیا اردونی مطلق وقطعی بار انهزاه اوغراتەرق پولونیالیلری اوقراینادن يمامیله طرده وتبعيد ايلدى.,(شمەلنیتسکی) پولونیا اردوسنی مطلق وقطعی بر انهزامه اوغراتەرق پولونیالیلری اوقراینادن تمامیله طرد وتبعيدايلدى.,0.05504587155963303,0.05504587155963303,0.0,0.5384615384615384,0.5384615384615384,0.0,107,110,109
180,بوملوك اوقرينالتيلرك عادات و آداب معاشرتنه طإوقنمق شـويلة طورسون بالعكس اوفراينىکليلرك لسانا، قوان ين ومدنيتنى بىله قبول ابيديلر.,بوملوك اوقراينالتيلرك عادات و آداب معاشرتنه طوقنمق شـويله طورسون بالعكس اوقرايناليلرك لسانا، قوان ين ومدنيتنى باله قبول ايديلر.,بوملوك اوقرايناليلرك عادات و آداب معاشرتنه طوقنمق شـويله طورسون بالعكس اوقرايناليلرك لسانى، قوانين ومدنيتنى بيله قبول ابتديلر.,0.0873015873015873,0.047619047619047616,0.03968253968253968,0.5294117647058824,0.35294117647058826,0.1764705882352941,129,127,126
181,بوملوك اوقرايناليلرك عادات و آداب معاشرتنة طوقيمق سـويأله طورسن بىلغكس اوقرايبليلك لسانى، قوانين ودنکتنى بيله فبو ابتديلز.,بوملوك اوقرايناليلرك عادات و آداب معاشرتنه طوقيمق سـويله طورسنه بالغكس اوقرايناليلك لسانى، قوانين ودنيتنى بيله فبو ابتديلر.,بوملوك اوقرايناليلرك عادات و آداب معاشرتنه طوقنمق شـويله طورسون بالعكس اوقرايناليلرك لسانى، قوانين ومدنيتنى بيله قبول ابتديلر.,0.11904761904761904,0.07142857142857142,0.047619047619047616,0.5294117647058824,0.4117647058823529,0.11764705882352944,122,123,126
182,بوملوآك ىوقرايناليلرك عادات و آدابمعاشرتنة طوقنمق ويلة طورسوث بى لعيزس اوقرايناليلرك لسانى، قوانين ومدنيتبى بيلهقبول ابتدلر.,بوملوك اوقرايناليلرك عادات و آداب معاشرتنه طوقنمق ويله طورسون بى لعير اوقرايناليلرك لسانى، قوانين ومدنيتنى بيله قبول ابتدلر.,بوملوك اوقرايناليلرك عادات و آداب معاشرتنه طوقنمق شـويله طورسون بالعكس اوقرايناليلرك لسانى، قوانين ومدنيتنى بيله قبول ابتديلر.,0.11904761904761904,0.05555555555555555,0.06349206349206349,0.7058823529411765,0.23529411764705882,0.4705882352941177,124,124,126
183,بوملوك وقرايناليلرك عادات و آد اب معاشرظت نه طوقنمق شـويله طورسون بالعكش اوقرايناليلرك لسانى، قونين ومدنيتنى بيله قبول ابديلر.,بوملوك وقرايناليلرك عادات و آداب معاشرتنه طوقنمق شـويله طورسون بالعكش اوقرايناليلرك لسانى، قونين ومدنيتنى بيله قبول ابديلر.,بوملوك اوقرايناليلرك عادات و آداب معاشرتنه طوقنمق شـويله طورسون بالعكس اوقرايناليلرك لسانى، قوانين ومدنيتنى بيله قبول ابتديلر.,0.05555555555555555,0.031746031746031744,0.023809523809523808,0.47058823529411764,0.23529411764705882,0.23529411764705882,126,123,126
184,بواملك اوقرايناليلرك عادت وآداب معاشرتنه طوقنمق شـويه طورسون بالغك اوقرايناليلرك لسانى، قوانين ومدنيتنى بيله قبول ابتديلر.,بواملك اوقرايناليلرك عادت وآداب معاشرتنه طوقنمق شـويه طورسون بالغك اوقرايناليلرك لسانى، قوانين ومدنيتنى بيله قبول ابتديلر.,بوملوك اوقرايناليلرك عادات و آداب معاشرتنه طوقنمق شـويله طورسون بالعكس اوقرايناليلرك لسانى، قوانين ومدنيتنى بيله قبول ابتديلر.,0.05555555555555555,0.05555555555555555,0.0,0.35294117647058826,0.35294117647058826,0.0,122,122,126
185,بوملوك اوقرايناليلرك غادا ت و آداب مغشرتنه طوقنمق شـويله ظورسون بالعكس اوقرايناليلرك لسانى، قوانين ومدنيييى بيله قبول ابديلر.,بوملوك اوقرايناليلرك غادات و آداب معشرتنه طوقنمق شـويله ظورسون بالعكس اوقرايناليلرك لسانى، قوانين ومدنيييى بيله قبول ابديلر.,بوملوك اوقرايناليلرك عادات و آداب معاشرتنه طوقنمق شـويله طورسون بالعكس اوقرايناليلرك لسانى، قوانين ومدنيتنى بيله قبول ابتديلر.,0.06349206349206349,0.047619047619047616,0.015873015873015872,0.35294117647058826,0.29411764705882354,0.05882352941176472,125,124,126
186,بومل وك اورايتاليلزكصعاداتح و آاب معاشتنه طوقنم ق شـويله ظورشون بالعك اوقرطايناكليلرك لسانى، قوانين ومدنيتثى بيله قبول ابتدهيلر.,بوملوك اورايناليلرك صعادات و آاب معاشتنه طوقنمق شـويله ظورشون بالعك اوقرايناليلرك لسانى، قوانين ومدنيتنى بيله قبول ابتدهيلر.,بوملوك اوقرايناليلرك عادات و آداب معاشرتنه طوقنمق شـويله طورسون بالعكس اوقرايناليلرك لسانى، قوانين ومدنيتنى بيله قبول ابتديلر.,0.12698412698412698,0.06349206349206349,0.06349206349206349,0.7058823529411765,0.4117647058823529,0.2941176470588236,128,124,126
187,بوملوك اوقرايناليلرک عادات و آداب معاشرتنه طوقنمق شـويله طوزسون بالعكس اوقرايناليلرك لسانى، قوانين ومدنيتنى بيله قبول ابتدىلر.,بوملوك اوقرايناليلرك عادات و آداب معاشرتنه طوقنمق شـويله طورسون بالعكس اوقرايناليلرك لسانى، قوانين ومدنيتنى بيله قبول ابتدالر.,بوملوك اوقرايناليلرك عادات و آداب معاشرتنه طوقنمق شـويله طورسون بالعكس اوقرايناليلرك لسانى، قوانين ومدنيتنى بيله قبول ابتديلر.,0.023809523809523808,0.007936507936507936,0.015873015873015872,0.17647058823529413,0.058823529411764705,0.11764705882352942,126,126,126
188,ب وملوك اوفرىيناليلرك عادات و آداب معاشرتنه طوقنمق شـو يلهطورسونع ب العكس اوقرايناليلرك لسانى، قوانين ومدنيتنى بيهقبول ابتديلز.,بوملوك اوقرايناليلرك عادات و آداب معاشرتنه طوقنمق شـويله طورسونع بالعكس اوقرايناليلرك لسانى، قوانين ومدنيتنى بيهق بول ابتديلر.,بوملوك اوقرايناليلرك عادات و آداب معاشرتنه طوقنمق شـويله طورسون بالعكس اوقرايناليلرك لسانى، قوانين ومدنيتنى بيله قبول ابتديلر.,0.07936507936507936,0.031746031746031744,0.047619047619047616,0.5882352941176471,0.17647058823529413,0.4117647058823529,127,126,126
189,بوملوك او فراىنياليلزرك عاذات و آذاب معاشرتنه طوقنمق شـويله طورسون بالعك اوقراينالكلزرك لشانى، قوانين ومذنيتنى بيةله قبولش ابتديلر.,بوملوك او قرايناليلرك عادات و آداب معاشرتنه طوقنمق شـويله طورسون بالعك اوقرايناليلرك لشانى، قوانين ومدنيتنى بيله قبولش ابتديلر.,بوملوك اوقرايناليلرك عادات و آداب معاشرتنه طوقنمق شـويله طورسون بالعكس اوقرايناليلرك لسانى، قوانين ومدنيتنى بيله قبول ابتديلر.,0.1111111111111111,0.031746031746031744,0.07936507936507936,0.5882352941176471,0.29411764705882354,0.29411764705882354,131,127,126
190,بوملوك اوفراينالي لرك غادات و آداب معاشرتنة طوقنمق شـويله طورسون بالعكس ىوقرايناليلرك لسانى، قوانين ومدنيتنى بيله قبول ابتديلز.,بوملوك اوقرايناليلرك غادات و آداب معاشرتنه طوقنمق شـويله طورسون بالعكس اوقرايناليلرك لسانى، قوانين ومدنيتنى بيله قبول ابتديلر.,بوملوك اوقرايناليلرك عادات و آداب معاشرتنه طوقنمق شـويله طورسون بالعكس اوقرايناليلرك لسانى، قوانين ومدنيتنى بيله قبول ابتديلر.,0.047619047619047616,0.007936507936507936,0.03968253968253968,0.35294117647058826,0.058823529411764705,0.29411764705882354,127,126,126
191,بوملوك اوقراي ناليلركعا دات و آداب معاشرتنه طوقنمق شـويلهطورسون بالعكس اوقراىثباليلرك لسانى، قوانىن ومدنيتنى بىله قبو ابتد يلر.,بوملوك اوقرايناليلرك عادات و آداب معاشرتنه طوقنمق شـويله طورسون بالعكس اوقرايناليلرك لسانى، قوانان ومدنيتنى باله قبو ابتديلر.,بوملوك اوقرايناليلرك عادات و آداب معاشرتنه طوقنمق شـويله طورسون بالعكس اوقرايناليلرك لسانى، قوانين ومدنيتنى بيله قبول ابتديلر.,0.0873015873015873,0.023809523809523808,0.06349206349206349,0.6470588235294118,0.17647058823529413,0.47058823529411764,127,125,126
192,بو ملوك اوقرايناليلرك عادات و آداب معاشرتنة طوقنمق شـويله طورسوث بالعکس اوقرايناليلرك لسانى، قوانيت ومدنيتنى بكله قبول ابتديل.,بو ملوك اوقرايناليلرك عادات و آداب معاشرتنه طوقنمق شـويله طورسوت بالعکس اوقرايناليلرك لسانى، قوانيت ومدنيتنى بكله قبول ابتديلر.,بوملوك اوقرايناليلرك عادات و آداب معاشرتنه طوقنمق شـويله طورسون بالعكس اوقرايناليلرك لسانى، قوانين ومدنيتنى بيله قبول ابتديلر.,0.05555555555555555,0.03968253968253968,0.015873015873015872,0.47058823529411764,0.35294117647058826,0.11764705882352938,126,127,126
193,بوملكوك اوقركانيناليلرك عادات و آداب معاشرتنه طوقنمق شـويله طورسون بالعكس او قراناليلركلشانى،قوانين ومنيتنى بيلهقبول ابندىلر.,بوملكوك اوقرايناليلرك عادات و آداب معاشرتنه طوقنمق شـويله طورسون بالعكس او قراناليلرك لشانى، قوانين ومنيتنى بيله قبول ابنديلر.,بوملوك اوقرايناليلرك عادات و آداب معاشرتنه طوقنمق شـويله طورسون بالعكس اوقرايناليلرك لسانى، قوانين ومدنيتنى بيله قبول ابتديلر.,0.09523809523809523,0.047619047619047616,0.047619047619047616,0.5294117647058824,0.35294117647058826,0.1764705882352941,125,126,126
194,بوملوك اوقرايناليلرك عاداي و ادب معاش رتنه طوقيمف شـويل ة طورسوت بالعكش اوق رايناليلرك لسانى، قوان ين ومنيت نى بکله قبول ابتدلر.,بوملوك اوقرايناليلرك عاداي و ادب معاشرتنه طوقيمف شـويله طورسوت بالعكش اوقرايناليلرك لسانى، قوانين ومنيتنى بيله قبول ابتدلر.,بوملوك اوقرايناليلرك عادات و آداب معاشرتنه طوقنمق شـويله طورسون بالعكس اوقرايناليلرك لسانى، قوانين ومدنيتنى بيله قبول ابتديلر.,0.12698412698412698,0.07142857142857142,0.05555555555555555,1.0,0.4117647058823529,0.5882352941176471,128,123,126
195,بملوك اوقراکناليلرك عادت و آدا معضاشرتنه طوقيمق شوله طورسون بالعكس اوقرايناليلرك لسىبى، قوانين ومدنيتنى بيله قبول ابنديلر.,بملوك اوقرايناليلرك عادت و آدا معضارتنه طوقيمق شوله طورسون بالعكس اوقرايناليلرك لسابى، قوانين ومدنيتنى بيله قبول اونديلر.,بوملوك اوقرايناليلرك عادات و آداب معاشرتنه طوقنمق شـويله طورسون بالعكس اوقرايناليلرك لسانى، قوانين ومدنيتنى بيله قبول ابتديلر.,0.0873015873015873,0.0873015873015873,0.0,0.5294117647058824,0.47058823529411764,0.05882352941176472,122,121,126
196,بوملوک اوقراي نالکلرك ع ادات و آداب معاشرت نه وقنق ـوييل ه طورسون بالعش اوقراکناليلرك لسانى، قوانين ومدنيتنى بيله قبول ابتدير.,بوملوك اوقرايناليلرك عادات و آداب معاشرتنه وقنق ـوييله طورسون بالعش اوقرايناليلرك لسانى، قوانين ومدنيتنى بيله قبول ابتدير.,بوملوك اوقرايناليلرك عادات و آداب معاشرتنه طوقنمق شـويله طورسون بالعكس اوقرايناليلرك لسانى، قوانين ومدنيتنى بيله قبول ابتديلر.,0.1111111111111111,0.05555555555555555,0.05555555555555555,0.7647058823529411,0.23529411764705882,0.5294117647058822,126,122,126
197,بوملوك اوفرايياليلرك عادات و آداب معاشرته طوفنمق شويلهطورسو بالعكس اوقرايتاليلرك لسانى، قوانين ومدنكتنى ثيله قبو ابتديلر.,بوملوك اوقرايناليلرك عادات و آداب معاشرته طوفنمق شويله طورسو بالعكس اوقرايناليلرك لسانى، قوانين ومدنكتنى ثيله قبو ابتديلر.,بوملوك اوقرايناليلرك عادات و آداب معاشرتنه طوقنمق شـويله طورسون بالعكس اوقرايناليلرك لسانى، قوانين ومدنيتنى بيله قبول ابتديلر.,0.0873015873015873,0.05555555555555555,0.031746031746031744,0.5294117647058824,0.4117647058823529,0.11764705882352944,121,122,126
198,بوملوك ىوقرايناليرك غادات و آدأاب معاشرتنه طوفنمق شـويله طورسون بلعكس اوقرايناليلرك لسانى، قوانين ودنيتن بيله قثول ابتديلر.,بوملوك اوقرايناليرك غادات و آداب معاشرتنه طوفنمق شـويله طورسون بلعكس اوقرايناليلرك لسانى، قوانين ودنيتنه بيله قثول ابتديلر.,بوملوك اوقرايناليلرك عادات و آداب معاشرتنه طوقنمق شـويله طورسون بالعكس اوقرايناليلرك لسانى، قوانين ومدنيتنى بيله قبول ابتديلر.,0.07142857142857142,0.05555555555555555,0.015873015873015872,0.4117647058823529,0.35294117647058826,0.05882352941176466,123,123,126
199,بوملوك اوق رايناليلرك عىدات و آذاب معاشرتنه طوقنمق شـويله طورسون بالغكس اوقرايناليلرك لسنى فوانين ومدنيتنى بيلة قول ابتديلر.,بوملوك اوقرايناليلرك عادات و آداب معاشرتنه طوقنمق شـويله طورسون بالغكس اوقرايناليلرك لسنى فوانين ومدنيتنى بيله قول ابتديلر.,بوملوك اوقرايناليلرك عادات و آداب معاشرتنه طوقنمق شـويله طورسون بالعكس اوقرايناليلرك لسانى، قوانين ومدنيتنى بيله قبول ابتديلر.,0.07142857142857142,0.03968253968253968,0.031746031746031744,0.5294117647058824,0.23529411764705882,0.29411764705882354,124,123,126
200,روسيەنك يقين بر آتیدة پارچةلنمسنی شدتله آرزو ای دن بر چوق اوقرا ناليلر كدرك ١٨٦٣ سنەسدەکی پولونیا اختلالتة وكرك ر وساختلا لكاز فرقه لرينک ترتيبىت وتشكيلاننه فعلاً اشثراك ايديلر.,روسيەنك يقين بر آتیده پارچه لنمسنی شدتله آرزو ایدن بر چوق اوقرايناليلر كدرك ١٨٦٣ سنەسدەکی پولونیا اختلالته وكرك روس اختلالته وكرك روس اختلالته وكرك روس اختلالياز فرقه لرينك ترتيبيت وتشكيلاننه فعلاً اشثراك ايديلر.,روسيەنك يقين بر آتیده پارچه لنمسنی شدتله آرزو ایدن بر چوق اوقرايناليلر كرك ١٨٦٣ سنەسندەکی پولونیا اختلالته وكرك روس اختلالكار فرقه لرينك ترتيبات وتشكيلاتنه فعلاً اشتراك ايلديلر.,0.096045197740113,0.23728813559322035,-0.14124293785310735,0.6666666666666666,0.48148148148148145,0.18518518518518517,177,212,177
201,روسينرك يقىن برآتیده پارچه نمسنی شدتيله آرزو ا یدن ب چوق اوقرايناليلر كرك ١٨٦٣ سنەسندەکی پولونیا اختلالته ويزك روس ىختلالكکار فرقه لرينكي تييباث وتشكيىتنه ف عل اً ايراك ايلديلر.,روسينرك يقان برآتیده پارچه نمسنی شدتيله آرزو ایدن بچوق اوقرايناليلر كرك ١٨٦٣ سنەسندەکی پولونیا اختلالته ويرك روس اختلالكکار فرقه لرينك تييبات وتشكياتنه فعلاً ايراك ايلديلر.,روسيەنك يقين بر آتیده پارچه لنمسنی شدتله آرزو ایدن بر چوق اوقرايناليلر كرك ١٨٦٣ سنەسندەکی پولونیا اختلالته وكرك روس اختلالكار فرقه لرينك ترتيبات وتشكيلاتنه فعلاً اشتراك ايلديلر.,0.12429378531073447,0.0847457627118644,0.03954802259887007,0.6666666666666666,0.48148148148148145,0.18518518518518517,177,172,177
202,روسيەنک يقيي ر آتیذه پارچه لنمسنی شدتلهززو ایدن ر چوق اوقايياليلر كرک ١٨٦٣ سنەسندەکی پولونیا اختلالته وكرکروس اختلالكار فرقة لرينك ترتيبات ونشكيلاتنه فعلاً استراك کلدي لرف.,روسيەنك يقيير آتیده پارچه لنمسنی شدتله روس ایدن رچوق اوقرايناليلر كرك ١٨٦٣ سنەسندەکی پولونیا اختلالته وكريروس اختلالكار فرقه لرينك ترتيبات ونشكيلاتنه فعلاً استراك کلديلر.,روسيەنك يقين بر آتیده پارچه لنمسنی شدتله آرزو ایدن بر چوق اوقرايناليلر كرك ١٨٦٣ سنەسندەکی پولونیا اختلالته وكرك روس اختلالكار فرقه لرينك ترتيبات وتشكيلاتنه فعلاً اشتراك ايلديلر.,0.11299435028248588,0.07909604519774012,0.033898305084745756,0.5925925925925926,0.37037037037037035,0.2222222222222222,172,170,177
203,روسيەنك يقين بر آتیده پارچه لنمسنی شدتله ارزو ایدن بر چوق اوفرايناليلر كرك ١٨٦٣ سنەسندەکی پولونیا اختل التة وكرك روس اخت لالكارفرقه لركنك ترتيبات وتشكيلاتنه فعلً اشتراك اکلديلر.,روسيەنك يقين بر آتیده پارچه لنمسنی شدتله ارزو ایدن بر چوق اوقرايناليلر كرك ١٨٦٣ سنەسندەکی پولونیا اختلالته وكرك روس اختلالكارفرقه لركنك ترتيبات وتشكيلاتنه فعلً اشتراك ايلديلر.,روسيەنك يقين بر آتیده پارچه لنمسنی شدتله آرزو ایدن بر چوق اوقرايناليلر كرك ١٨٦٣ سنەسندەکی پولونیا اختلالته وكرك روس اختلالكار فرقه لرينك ترتيبات وتشكيلاتنه فعلاً اشتراك ايلديلر.,0.05084745762711865,0.022598870056497175,0.028248587570621472,0.3333333333333333,0.18518518518518517,0.14814814814814814,177,175,177
204,روسيەنك قين بر آتیده پارچه لنمسنی شدثله آرزو ایدن بر چوق اوقرايناليلر ري ١٨٦٣ سنەسندەکی پولونیا اختلالته وكرك رو س اختثلالكىر فرقه لرينك ترتيباتوبشكيلاتنه فعلى اشتراك ايلديلر.,روسيەنك قين بر آتیده پارچه لنمسنی شدنله آرزو ایدن بر چوق اوقرايناليلرك ١٨٦٣ سنەسندەکی پولونیا اختلالته وكرك روس اختثلالكار فرقه لرينك ترتيبات وبشكيلاتنه فعلى اشتراك ايلديلر.,روسيەنك يقين بر آتیده پارچه لنمسنی شدتله آرزو ایدن بر چوق اوقرايناليلر كرك ١٨٦٣ سنەسندەکی پولونیا اختلالته وكرك روس اختلالكار فرقه لرينك ترتيبات وتشكيلاتنه فعلاً اشتراك ايلديلر.,0.062146892655367235,0.05084745762711865,0.011299435028248588,0.3333333333333333,0.25925925925925924,0.07407407407407407,175,173,177
205,روسيەنك يفين برآتیده پاره لنم سنی شذتله آرزو ایدن بر چوق اوقزانالىلر كرک ١٨٦٣ سنەسندەيی پولونیا اختلالته وحكرك روس اختللكار فرقه رينك ترتکبات وتشكيلاتنه قعلاً اشتراك ايلديلر.,روسيەنك يفين برآتیده پاره لنمسنی شدتله آرزو ایدن بر چوق اوقرايناليلر كرك ١٨٦٣ سنەسندەيی پولونیا اختلالته وحكرك روس اختللكار فرقه رينك ترتکبات وتشكيلاتنه قعلاً اشتراك ايلديلر.,روسيەنك يقين بر آتیده پارچه لنمسنی شدتله آرزو ایدن بر چوق اوقرايناليلر كرك ١٨٦٣ سنەسندەکی پولونیا اختلالته وكرك روس اختلالكار فرقه لرينك ترتيبات وتشكيلاتنه فعلاً اشتراك ايلديلر.,0.0847457627118644,0.05084745762711865,0.033898305084745756,0.5185185185185185,0.37037037037037035,0.14814814814814814,174,174,177
206,روسيەنك يقين بر آتیذه پارچه لن مسنی شدتله آررو ایدن بر چوق اوقرايناليلر كرك ١٨٦٣ سەسندەيی پولونیا اجتلالته وكرطك روس اختکلالكار فزفه لرىنك ترتيبا ونشكيلابنه فعلاً اشتراك ايلآديلر.,روسيەنك يقين بر آتیده پارچه لن مسنی شدتله آررو ایدن بر چوق اوقرايناليلر كرك ١٨٦٣ سەسندەيی پولونیا اجتلالته وكرك روس اختيلالكار فرقه لرينك ترتيب اونشكيلابنه فعلاً اشتراك ايلديلر.,روسيەنك يقين بر آتیده پارچه لنمسنی شدتله آرزو ایدن بر چوق اوقرايناليلر كرك ١٨٦٣ سنەسندەکی پولونیا اختلالته وكرك روس اختلالكار فرقه لرينك ترتيبات وتشكيلاتنه فعلاً اشتراك ايلديلر.,0.0847457627118644,0.062146892655367235,0.022598870056497168,0.48148148148148145,0.2962962962962963,0.18518518518518517,179,177,177
207,رودسيەنك يقين بر آتیده پا رچة لثمسنی شدتله آرزو ایدن بر چوق او قراينالکلر كرك ١٨ذ ٦٣ سنەسندەکی پولونیا اختلالبه وكركن روس اختلالكار فرقه لرىنك ترتيبات وتشكيلاتنه فعلا اشتراك ايلديل.,روديەنك يقين بر آتیده پارچه لمسنی شدتله آرزو ایدن بر چوق او قرايناليلر كرك ١٨د٦٣ سنەسندەکی پولونیا اختلالنه وكرين روس اختلالكار فرقه لرينك ترتيبات وتشكيلاتنه فعلا اشتراك ايلديلر.,روسيەنك يقين بر آتیده پارچه لنمسنی شدتله آرزو ایدن بر چوق اوقرايناليلر كرك ١٨٦٣ سنەسندەکی پولونیا اختلالته وكرك روس اختلالكار فرقه لرينك ترتيبات وتشكيلاتنه فعلاً اشتراك ايلديلر.,0.07344632768361582,0.04519774011299435,0.028248587570621472,0.48148148148148145,0.2962962962962963,0.18518518518518517,181,178,177
208,روسيەنك يقيثبر آتیده پارچه نمسنی شدتله آرزو ایدن بر چ اوقراينايلر كرک ١٨٦٣ سيەسبدەكی پولونا ىختلالته وكرك روس اختلالك ر فرقه لريني ترتيبات وتشكيلاته فعلاً اشتراي ايلديلر.,روسيەنك يقيت بر آتیده پارچه نمسنی شدتله آرزو ایدن بر چچ اوقرايناليلر كرك ١٨٦٣ سيەسندەکی پولونا اختلالته وكرك روس اختلالك رفرقه لرينك ترتيبات وتشكيلاته فعلاً اشتراي ايلديلر.,روسيەنك يقين بر آتیده پارچه لنمسنی شدتله آرزو ایدن بر چوق اوقرايناليلر كرك ١٨٦٣ سنەسندەکی پولونیا اختلالته وكرك روس اختلالكار فرقه لرينك ترتيبات وتشكيلاتنه فعلاً اشتراك ايلديلر.,0.0903954802259887,0.05649717514124294,0.03389830508474576,0.5185185185185185,0.3333333333333333,0.18518518518518517,170,172,177
209,روسيەن يقن بر آتیدة پارچه لنمسن شدتلهن آرزو ایدن برص چوق اوقرايناليلر كرك ١٨٦٣ سنەستدەکی پولونیااختلالته و كرك روس اختلالكار فرقه لرينك ترتيبات تشكىلاتنه فعلاً اشتزاكاىلدىلطر.,روسيەنك يقن بر آتیده پارچه لنمسنه شدتله آرزو ایدن بر چوق اوقرايناليلر كرك ١٨٦٣ سنەستدەکی پولونیا اختلالته و كرك روس اختلالكار فرقه لرينك ترتيبات تشكيلاتنه فعلاً اشتراك ايلديلر.,روسيەنك يقين بر آتیده پارچه لنمسنی شدتله آرزو ایدن بر چوق اوقرايناليلر كرك ١٨٦٣ سنەسندەکی پولونیا اختلالته وكرك روس اختلالكار فرقه لرينك ترتيبات وتشكيلاتنه فعلاً اشتراك ايلديلر.,0.0903954802259887,0.02824858757062147,0.06214689265536723,0.48148148148148145,0.2222222222222222,0.25925925925925924,175,176,177
210,روسينك يقين ب آيیده پارچه لنمسنی شدثرله آ رزو ایدن بز چوق اوقراکناليلر كرك ١٨٦٣ نەسنەکی پولونیا اختلالتته ورك روکس اخ تلالك ارفرقه لرينك ترتيباتص وتشكيلاينه فعلاً اشتراك ايلديلر.,روسينك يقين بر آيیده پارچه لنمسنی شدرله آرزو ایدن بر چوق اوقرايناليلر كرك ١٨٦٣ نەسنەکی پولونیا اختلالته ورك روکس اختلالك ارفرقه لرينك ترتيبات وتشكيلاينه فعلاً اشتراك ايلديلر.,روسيەنك يقين بر آتیده پارچه لنمسنی شدتله آرزو ایدن بر چوق اوقرايناليلر كرك ١٨٦٣ سنەسندەکی پولونیا اختلالته وكرك روس اختلالكار فرقه لرينك ترتيبات وتشكيلاتنه فعلاً اشتراك ايلديلر.,0.1016949152542373,0.05649717514124294,0.04519774011299436,0.6296296296296297,0.3333333333333333,0.29629629629629634,178,174,177
211,روسيەن يقين بر آتیده ار چه لبمسنی شدتثله آزز یدن بر چوق اوقراکناليلر كرك ١٨٦٣ شنەسندەكی پولون یا اختلالته وكرك روس اختلالكار فقة لريك ترتيبات ويشكيلاتشنةض فع لاً اشتراک ايلديلر.,روسيەنك يقين بر آتیده ارچه لبمسنی شدتله آرزیدن بر چوق اوقرايناليلر كرك ١٨٦٣ سنەسندەکی پولونیا اختلالته وكرك روس اختلالكار فقه لريك ترتيبات ويشكيلاتشنه فعلاً اشتراك ايلديلر.,روسيەنك يقين بر آتیده پارچه لنمسنی شدتله آرزو ایدن بر چوق اوقرايناليلر كرك ١٨٦٣ سنەسندەکی پولونیا اختلالته وكرك روس اختلالكار فرقه لرينك ترتيبات وتشكيلاتنه فعلاً اشتراك ايلديلر.,0.11864406779661017,0.05084745762711865,0.06779661016949153,0.6296296296296297,0.25925925925925924,0.3703703703703704,177,172,177
212,زوسيەنك يقين بر آيیده پارچه لنمسنی شدتله آرزو ایدن ب ر چوف اوقراينالکلر كك ١٨٦٣ سنەسندەی پولونیى اختلىلته وكرك روس اختلالكىر فرقه لرنك ترتيبات وتشككلاتنه فعلاً اشتراك ايلديلر.,زوسيەنك يقين بر آيیده پارچه لنمسنی شدتله آرزو ایدن بر چوف اوقرايناليلر كك ١٨٦٣ سنەسندەی پولونیا اختلالته وكرك روس اختلالكار فرقه لرنك ترتيبات وتشكيلاتنه فعلاً اشتراك ايلديلر.,روسيەنك يقين بر آتیده پارچه لنمسنی شدتله آرزو ایدن بر چوق اوقرايناليلر كرك ١٨٦٣ سنەسندەکی پولونیا اختلالته وكرك روس اختلالكار فرقه لرينك ترتيبات وتشكيلاتنه فعلاً اشتراك ايلديلر.,0.06779661016949153,0.03389830508474576,0.03389830508474576,0.48148148148148145,0.2222222222222222,0.25925925925925924,175,174,177
213,روسيەنك يقين بر آتیده پازچ لنمسنی شدتله آززوایدن بر چوق اوقزايناليلر كرك ١٨٦٣ سنەستدەکی پولوتیا اختلالتة ورك روس اختىلكاز فرقة لرينك ترتيات وتشکيلاتنة فعلاًاشتراك ايلديلر.,روسيەنك يقين بر آتیده پارچلنمسنی شدتله آرزوایدن بر چوق اوقرايناليلر كرك ١٨٦٣ سنەستدەکی پولوتیا اختلالته ورك روس اختالكاز فرقه لرينك ترتيات وتشکيلاتنه فعلاً اشتراك ايلديلر.,روسيەنك يقين بر آتیده پارچه لنمسنی شدتله آرزو ایدن بر چوق اوقرايناليلر كرك ١٨٦٣ سنەسندەکی پولونیا اختلالته وكرك روس اختلالكار فرقه لرينك ترتيبات وتشكيلاتنه فعلاً اشتراك ايلديلر.,0.096045197740113,0.05649717514124294,0.03954802259887006,0.5185185185185185,0.37037037037037035,0.14814814814814814,171,171,177
214,روسيەنك يقين ر آتیده پارچه لنمسنی شدتلة آرزو ایدن بر چوق اوقرايناليلر كرك ١٨٦٣ سنەشندەکی پول ونیا ا ختلالته وكرك روس اختصلالكار فرقه لرينك ترتيبات وتشكکلاتنه فعلً ىشراك ايل ديلر.,روسيەنك يقين رآتیده پارچه لنمسنی شدتله آرزو ایدن بر چوق اوقرايناليلر كرك ١٨٦٣ سنەسندەکی پولونیا اختلالته وكرك روس اختصلالكار فرقه لرينك ترتيبات وتشكيلاتنه فعلً اشراك ايلديلر.,روسيەنك يقين بر آتیده پارچه لنمسنی شدتله آرزو ایدن بر چوق اوقرايناليلر كرك ١٨٦٣ سنەسندەکی پولونیا اختلالته وكرك روس اختلالكار فرقه لرينك ترتيبات وتشكيلاتنه فعلاً اشتراك ايلديلر.,0.062146892655367235,0.02824858757062147,0.03389830508474577,0.48148148148148145,0.18518518518518517,0.2962962962962963,178,174,177
215,روسيەنك يقين ير آتیده پارچه لنمستی شظدتله آرزو یدن بر چوق اوقرانىليلر كرك ١٨٦٣ سنەسندەکی پولونیااختلالته وكرك روس اختلالكار فرقه لرينك ترتيبات وتشكيلاينه فعلاً اشتراك ايلكديلر.,روسيەنك يقين ير آتیده پارچه لنمستی سطدتله آرزویدن بر چوق اوقرايناليلر كرك ١٨٦٣ سنەسندەکی پولونیا اختلالته وكرك روس اختلالكار فرقه لرينك ترتيبات وتشكيلاينه فعلاً اشتراك ايليديلر.,روسيەنك يقين بر آتیده پارچه لنمسنی شدتله آرزو ایدن بر چوق اوقرايناليلر كرك ١٨٦٣ سنەسندەکی پولونیا اختلالته وكرك روس اختلالكار فرقه لرينك ترتيبات وتشكيلاتنه فعلاً اشتراك ايلديلر.,0.05084745762711865,0.04519774011299435,0.005649717514124297,0.3333333333333333,0.25925925925925924,0.07407407407407407,176,177,177
216,روسكەني يقين بر آتیدة پارچه لنمسنی شدتله آرزو ایدن بر چوق اوقرايناليل كرك ١٨٦٣ سنەسندەکی پولونی ا ىختلالته وكرك روس اختألالكار فرقه لرينك ترتيىت وتشكيلاين ه فعلاً اشتراك ايديلر.,روسيەنك يقين بر آتیده پارچه لنمسنی شدتله آرزو ایدن بر چوق اوقرايناليلكرك ١٨٦٣ سنەسندەکی پولونی اختلالته وكرك روس اختلالكار فرقه لرينك ترتيات وتشكيلاينه فعلاً اشتراك ايديلر.,روسيەنك يقين بر آتیده پارچه لنمسنی شدتله آرزو ایدن بر چوق اوقرايناليلر كرك ١٨٦٣ سنەسندەکی پولونیا اختلالته وكرك روس اختلالكار فرقه لرينك ترتيبات وتشكيلاتنه فعلاً اشتراك ايلديلر.,0.06779661016949153,0.03389830508474576,0.03389830508474576,0.4074074074074074,0.2222222222222222,0.18518518518518517,177,172,177
217,روسيەنك يقين بر آتیده پارچه لنمسنی شدتله آرزو ادن بر چوق اوقراىناليزلثر كرك ١٨٦٣ سنشندەکی پولونا ىختلالت وکك روس اختلالكىر فر قه لرىنك ترتيبات وتشکيلاتنه فعلاً استراك ايلديلر.,روسيەنك يقين بر آتیده پارچه لنمسنی شدتله آرزوادن بر چوق اوقرايناليزلر كرك ١٨٦٣ سنسندەکی پولونا اختلالت وكك روس اختلالكار فرقه لرينك ترتيبات وتشکيلاتنه فعلاً استراك ايلديلر.,روسيەنك يقين بر آتیده پارچه لنمسنی شدتله آرزو ایدن بر چوق اوقرايناليلر كرك ١٨٦٣ سنەسندەکی پولونیا اختلالته وكرك روس اختلالكار فرقه لرينك ترتيبات وتشكيلاتنه فعلاً اشتراك ايلديلر.,0.0903954802259887,0.05084745762711865,0.03954802259887005,0.4444444444444444,0.3333333333333333,0.1111111111111111,175,172,177
218,روسيەنك يقين بر آتیده پارچة لنمسنی شدتلسه آرز ان ر چوق اوقاكناليلر كزك ١٨٦٣ شنەسندەکی پولونی ا ىتلالته وفكرک روس اختل الكار فرقة لرينكتزتيبى وتسكيلاتنه علاً اشتراك ايلديلر.,روسيەنك يقين بر آتیده پارچه لنمسنی شدتلسه آرزان رچوق اوقرايناليلر كزك ١٨٦٣ سنەسندەکی پولونی ااتلالته وفكرك روس اختلالكار فرقه لرينك ترتيبى وتسكيلاتنه علاً اشتراك ايلديلر.,روسيەنك يقين بر آتیده پارچه لنمسنی شدتله آرزو ایدن بر چوق اوقرايناليلر كرك ١٨٦٣ سنەسندەکی پولونیا اختلالته وكرك روس اختلالكار فرقه لرينك ترتيبات وتشكيلاتنه فعلاً اشتراك ايلديلر.,0.12994350282485875,0.0847457627118644,0.04519774011299435,0.6666666666666666,0.4444444444444444,0.2222222222222222,172,170,177
219,روسيەنك يقين بر آتیده پارچه لنمسنی شدتله آرزو ایدن بر چوقاوقرايناليلر كر ٨٦ سنەسندەکی پولونیا اخبلالته وكرك روس اختلالکىر فرقه لرينك ترتكبات وتشكيلاتنه فعلاً استراک ايلديلر.,روسيەنك يقين بر آتیده پارچه لنمسنی شدتله آرزو ایدن بر چوق اوقرايناليلر كر ٨٦ سنەسندەکی پولونیا اختلالته وكرك روس اختلالير فرقه لرينك ترتكبات وتشكيلاتنه فعلاً استراك ايلديلر.,روسيەنك يقين بر آتیده پارچه لنمسنی شدتله آرزو ایدن بر چوق اوقرايناليلر كرك ١٨٦٣ سنەسندەکی پولونیا اختلالته وكرك روس اختلالكار فرقه لرينك ترتيبات وتشكيلاتنه فعلاً اشتراك ايلديلر.,0.05649717514124294,0.03954802259887006,0.016949152542372878,0.2962962962962963,0.18518518518518517,0.1111111111111111,173,173,177
220,(لتیوانی) پرنسلری (غىليچيا - وولهينىا) حکومنی ایله یقی همجوارىق روابطني ت أسيس وادامه ایتديل.,(لتیوانی) پرنسلری (غاليچيا - وولهينا) حکومنی ایله یقی همجواراق روابطنيت أسيس وادامه ایتديلر.,(لتیوانی) پرنسلری (غاليچيا - وولهينيا) حکومتی ایله صیقی همجواراق روابطنى تأسيس وادامه ایتديلر.,0.0851063829787234,0.06382978723404255,0.021276595744680854,0.6923076923076923,0.38461538461538464,0.30769230769230765,93,92,94
221,(لتیوانی) پرنسلریف (غاليچيا - وولهينيا) حکومتی ایله صیقی همجواراق روابطنى تاسىس واامه ایتديلر.,(لتیوانی) پرنسلریف (غاليچيا - وولهينيا) حکومتی ایله صیقی همجواراق روابطنى تاساس واامه ایتديلر.,(لتیوانی) پرنسلری (غاليچيا - وولهينيا) حکومتی ایله صیقی همجواراق روابطنى تأسيس وادامه ایتديلر.,0.0425531914893617,0.0425531914893617,0.0,0.23076923076923078,0.23076923076923078,0.0,94,94,94
222,(لتیوانی) پزنسلری (غاليچيا - وولهينىا) حکومتی ایله صیقی همجزواراق رابطخث تأسيس وىدام ه ایتديلر.,(لتیوانی) پرنسلری (غاليچيا - وولهينا) حکومتی ایله صیقی همجرواراق رابطت تأسيس وادامه ایتديلر.,(لتیوانی) پرنسلری (غاليچيا - وولهينيا) حکومتی ایله صیقی همجواراق روابطنى تأسيس وادامه ایتديلر.,0.0851063829787234,0.05319148936170213,0.031914893617021274,0.46153846153846156,0.23076923076923078,0.23076923076923078,95,92,94
223,( لتیوانی) پرثسلری (غالکچيا - ووهينيا) حکومتی ایله صیقی همجوااق ر وابطنى تأسيس وادامه ایتديلر.,(لتیوانی) پرنسلری (غالکچيا - ووهينيا) حکومتی ایله صیقی همجواقر وابطنى تأسيس وادامه ایتديلر.,(لتیوانی) پرنسلری (غاليچيا - وولهينيا) حکومتی ایله صیقی همجواراق روابطنى تأسيس وادامه ایتديلر.,0.06382978723404255,0.06382978723404255,0.0,0.6153846153846154,0.3076923076923077,0.3076923076923077,94,91,94
224,(لتیوانی) پنسذلری (غاليچيا - وولهينيا) حکومتی ایله صیقی هجواراق روبطنطى تأسيس وادامه ایتذيلر.,(لتیوانی) پنسدلری (غاليچيا - وولهينيا) حکومتی ایله صیقی هجواراق روبطنطى تأسيس وادامه ایتديلر.,(لتیوانی) پرنسلری (غاليچيا - وولهينيا) حکومتی ایله صیقی همجواراق روابطنى تأسيس وادامه ایتديلر.,0.06382978723404255,0.05319148936170213,0.01063829787234042,0.3076923076923077,0.23076923076923078,0.07692307692307693,93,93,94
225,(لتیوان ) پرنلری (غاليچيا - وولهينيا) کومتی ایله صیقی همجوىراغق روابطنى تأسيس وادامه ایتدي لر.,(لتیوان) پرنلری (غاليچيا - وولهينيا) کومتی ایله صیقی همجواراغق روابطنى تأسيس وادامه ایتديلر.,(لتیوانی) پرنسلری (غاليچيا - وولهينيا) حکومتی ایله صیقی همجواراق روابطنى تأسيس وادامه ایتديلر.,0.06382978723404255,0.0425531914893617,0.021276595744680847,0.5384615384615384,0.3076923076923077,0.23076923076923073,94,92,94
226,(لتیوانی) پرنسلزی غاليچيا وولهکني)حکومتی ایله صیقی همجواراق روابطنى تأسيس وادامه ایتديلر.,(لتیوانی) پرنسلری غاليچيا وولهکنى) حکومتی ایله صیقی همجواراق روابطنى تأسيس وادامه ایتديلر.,(لتیوانی) پرنسلری (غاليچيا - وولهينيا) حکومتی ایله صیقی همجواراق روابطنى تأسيس وادامه ایتديلر.,0.07446808510638298,0.06382978723404255,0.010638297872340427,0.38461538461538464,0.23076923076923078,0.15384615384615385,89,90,94
227,(لتیواغنی) پرنسلری (غالىچيا -وولةيني) حکومتی ایله صیقی همجواراق روابطيي تأسىس واظدامه ایتديلر.,(لتیواغنی) پرنسلری (غالاچيا - وولهيني) حکومتی ایله صیقی همجواراق روابطين تأسيس واظدامه ایتديلر.,(لتیوانی) پرنسلری (غاليچيا - وولهينيا) حکومتی ایله صیقی همجواراق روابطنى تأسيس وادامه ایتديلر.,0.09574468085106383,0.06382978723404255,0.03191489361702128,0.5384615384615384,0.38461538461538464,0.1538461538461538,94,95,94
228,(لتیوانی) پرنسلری (غاليچيا - ووهىنيا) حکومتی ایله صیفی همجواراق روىيطنى تاسيس واداما ىیتديل ر.,(لتیوانی) پرنسلری (غاليچيا - ووهانيا) حکومتی ایله صیفی همجواراق رواينى تاسيس واداما ایتديلر.,(لتیوانی) پرنسلری (غاليچيا - وولهينيا) حکومتی ایله صیقی همجواراق روابطنى تأسيس وادامه ایتديلر.,0.09574468085106383,0.07446808510638298,0.021276595744680854,0.5384615384615384,0.38461538461538464,0.1538461538461538,94,92,94
229,(لتیونی)پرنشلری (غاليچيا - ووخلهينيا) حکومتی ایله صیقی هتمجواراق رابطنى تأسيس ادامهایتدي لر,(لتیونی) پرنشلری (غاليچيا - ووخلهينيا) حکومتی ایله صیقی هتمجواراق رابطنى تأسيس ادامه ایتديلر.,(لتیوانی) پرنسلری (غاليچيا - وولهينيا) حکومتی ایله صیقی همجواراق روابطنى تأسيس وادامه ایتديلر.,0.10638297872340426,0.06382978723404255,0.04255319148936171,0.5384615384615384,0.46153846153846156,0.07692307692307687,91,93,94
230,(لتیوانی) پرنسلزی (غالکچيا - وولهينىا) حکومتی ایله صیقی همجاراف رابطنى تأسيس وادامه ایتديلر.,(لتیوانی) پرنسلری (غالکچيا - وولهينا) حکومتی ایله صیقی همجاراف رابطنى تأسيس وادامه ایتديلر.,(لتیوانی) پرنسلری (غاليچيا - وولهينيا) حکومتی ایله صیقی همجواراق روابطنى تأسيس وادامه ایتديلر.,0.06382978723404255,0.05319148936170213,0.01063829787234042,0.38461538461538464,0.3076923076923077,0.07692307692307693,92,91,94
231,(لتیوانی) پرنشلری (عاليچيا - وولهينيا) حکومتی ایله ضیقی همجواراق روابطتى تأسيس وادامه ایيديلز.,(لتیوانی) پرنشلری (عاليچيا - وولهينيا) حکومتی ایله ضیقی همجواراق روابطتى تأسيس وادامه ایديلر.,(لتیوانی) پرنسلری (غاليچيا - وولهينيا) حکومتی ایله صیقی همجواراق روابطنى تأسيس وادامه ایتديلر.,0.06382978723404255,0.05319148936170213,0.01063829787234042,0.38461538461538464,0.38461538461538464,0.0,94,93,94
232,(لتیوىیع) پرنسلری غالييا - وولهينيا) هکومتی ایلة صیقی همجواراق روابطنا تأسي و دامه ایتديلز.,(لتیوایع) پرنسلری غالينا - وولهينيا) هکومتی ایله صیقی همجواراق روابطنا تأسيه و دامه ایتديلر.,(لتیوانی) پرنسلری (غاليچيا - وولهينيا) حکومتی ایله صیقی همجواراق روابطنى تأسيس وادامه ایتديلر.,0.11702127659574468,0.09574468085106383,0.021276595744680854,0.6923076923076923,0.5384615384615384,0.15384615384615385,91,92,94
233,(لتیونی) پرنسل ری (غاليچيى - وولهينيى) حکومتی یله صی ق ةمجواكراف روابطنى تأسيس وادامه ایتديلر.,(لتیونی) پرنسلری (غاليچيا - وولهينيا) حکومتی یله صیق همجواكراف روابطنى تأسيس وادامه ایتديلر.,(لتیوانی) پرنسلری (غاليچيا - وولهينيا) حکومتی ایله صیقی همجواراق روابطنى تأسيس وادامه ایتديلر.,0.10638297872340426,0.05319148936170213,0.05319148936170213,0.6923076923076923,0.3076923076923077,0.3846153846153846,94,92,94
234,(لتیوىنی) پرنسلری (غاليچيا -ولهينيا) حومبی ایله صیقی هم جوىراحق زو ابطنى تأ سيس وادىه ایتذير.,(لتیوانی) پرنسلری (غاليچيا - ولهينيا) حومبی ایله صیقی هم جواراحق زو ابطنى تأسيس واديه ایتدير.,(لتیوانی) پرنسلری (غاليچيا - وولهينيا) حکومتی ایله صیقی همجواراق روابطنى تأسيس وادامه ایتديلر.,0.1595744680851064,0.10638297872340426,0.053191489361702135,0.9230769230769231,0.6153846153846154,0.3076923076923077,93,93,94
235,(لبیوانی) پشرنسلری (غاليچيا - وولهينذيا) حطکومتی ایله صیقی همحواراقع روابطنى تأشيس وىدامه ایتديلر.,(لبیوانی) پشرنسلری (غاليچيا - وولهينديا) حکومتی ایله صیقی همحواراق روابطنى تأسيس وادامه ایتديلر.,(لتیوانی) پرنسلری (غاليچيا - وولهينيا) حکومتی ایله صیقی همجواراق روابطنى تأسيس وادامه ایتديلر.,0.0851063829787234,0.0425531914893617,0.0425531914893617,0.5384615384615384,0.3076923076923077,0.23076923076923073,98,96,94
236,(لتیإوانی) پرنسلری (غليچيا - وولهييا) حکومذت ی ایله ضیقیهمحوارىق روا بطنغى تأسيس وادىمه ایتدظيلر,(لتیوانی) پرنسلری (غليچيا - وولهييا) حکومدی ایله ضیقیه محواراق روا بطنغى تأسيس وادامه ایتديلر.,(لتیوانی) پرنسلری (غاليچيا - وولهينيا) حکومتی ایله صیقی همجواراق روابطنى تأسيس وادامه ایتديلر.,0.14893617021276595,0.09574468085106383,0.05319148936170212,0.7692307692307693,0.5384615384615384,0.23076923076923084,96,94,94
237,(لتیوانی) پرنسلری (عالىچيا - وولهينبيى) کومتی ایله صیقی همجواراق رابطنى يأسيس وادىمة ایتدىلر.,(لتیوانی) پرنسلری (عالاچيا - وولهينبيا) کومتی ایله صیقی همجواراق رابطنى يأسيس وادامه ایتدالر.,(لتیوانی) پرنسلری (غاليچيا - وولهينيا) حکومتی ایله صیقی همجواراق روابطنى تأسيس وادامه ایتديلر.,0.10638297872340426,0.07446808510638298,0.03191489361702128,0.5384615384615384,0.46153846153846156,0.07692307692307687,93,93,94
238,(ل تیواثی) پرنشلری (غاليچيا - وولهينيا) حکمتی اله صیقی همجواراق روابطنى تأسكس وىدامه ایتديلرط.,(لتیواتی) پرنشلری (غاليچيا - وولهينيا) حکمتی اله صیقی همجواراق روابطنى تأسكس وادامه ایتديلر.,(لتیوانی) پرنسلری (غاليچيا - وولهينيا) حکومتی ایله صیقی همجواراق روابطنى تأسيس وادامه ایتديلر.,0.0851063829787234,0.05319148936170213,0.031914893617021274,0.6153846153846154,0.38461538461538464,0.23076923076923078,94,92,94
239,(لتیوانی) پرنسلری عاليچيا - وولهينيا) حکومتی ایله صیقی همجواراق روابطنى تأسيش وادامه ایتديلر.,(لتیوانی) پرنسلری عاليچيا - وولهينيا) حکومتی ایله صیقی همجواراق روابطنى تأسيش وادامه ایتديلر.,(لتیوانی) پرنسلری (غاليچيا - وولهينيا) حکومتی ایله صیقی همجواراق روابطنى تأسيس وادامه ایتديلر.,0.031914893617021274,0.031914893617021274,0.0,0.15384615384615385,0.15384615384615385,0.0,93,93,94
240,بوکوك بر شهرته مالك بولونان (ميقولالی صەنقو) بونلر میابنده در.,بوكوك بر شهرته مالك بولونان (ميقولالی صەنقو) بونلر میابنده در.,بويوك بر شهرته مالك بولونان (ميقولالی صەنقو) بونلر میاننده در.,0.03225806451612903,0.03225806451612903,0.0,0.2,0.2,0.0,62,62,62
241,بوىوك بر سهرته مال بولوثان (ميقولالی صەنقو) بونلر میاننده در.,بواوك بر سهرته مال بولونان (ميقولالی صەنقو) بونلر میاننده در.,بويوك بر شهرته مالك بولونان (ميقولالی صەنقو) بونلر میاننده در.,0.06451612903225806,0.04838709677419355,0.016129032258064516,0.4,0.3,0.10000000000000003,61,61,62
242,نوي ك بر شخهرته مالك بولوناث (ميقوالی صەنقو) بونلر میىننده در.,نوك بر شخهرته مالك بولونان (ميقوالی صەنقو) بونلر میاننده در.,بويوك بر شهرته مالك بولونان (ميقولالی صەنقو) بونلر میاننده در.,0.0967741935483871,0.08064516129032258,0.016129032258064516,0.6,0.3,0.3,62,60,62
243,بوكوك بر شهتضه مالك بولونان(ميقولالی صەنقو بونلز میاننده در.,بوكوك بر شهته مالك بولونان(ميقولالی صەنقو بونلر میاننده در.,بويوك بر شهرته مالك بولونان (ميقولالی صەنقو) بونلر میاننده در.,0.0967741935483871,0.06451612903225806,0.03225806451612903,0.6,0.5,0.09999999999999998,60,59,62
244,بويوك بر شةرنه مىلك بولونان (ميقولالی صەنقو) بونلر میابنده ذر.,بويوك بر شهرنه مالك بولونان (ميقولالی صەنقو) بونلر میابنده در.,بويوك بر شهرته مالك بولونان (ميقولالی صەنقو) بونلر میاننده در.,0.08064516129032258,0.03225806451612903,0.04838709677419355,0.4,0.2,0.2,62,62,62
245,بويوكبر شةرته ماكلك بولنان (ميسقولالی صەنقو)ا بونلر میاننده د.,بويوك بر شهرته ماكلك بولنان (ميسقولالی صەنقو)ا بونلر میاننده در.,بويوك بر شهرته مالك بولونان (ميقولالی صەنقو) بونلر میاننده در.,0.11290322580645161,0.06451612903225806,0.04838709677419355,0.8,0.4,0.4,62,64,62
246,بويوك بر شهرتة مافلك يولونان (ميقولالی صەنقو) ن ونلز میاننده در.,بويوك بر شهرته مافلك يولونان (ميقولالی صەنقو) نونلر میاننده در.,بويوك بر شهرته مالك بولونان (ميقولالی صەنقو) بونلر میاننده در.,0.0967741935483871,0.04838709677419355,0.04838709677419355,0.5,0.3,0.2,64,63,62
247,بويوك بر شهرته مطالك بولونان(ميقولالی صەنقو) بونلر می اننده در.,بويوك بر شهرته مطالك بولونان(ميقولالی صەنقو) بونلر میاننده در.,بويوك بر شهرته مالك بولونان (ميقولالی صەنقو) بونلر میاننده در.,0.04838709677419355,0.03225806451612903,0.016129032258064516,0.5,0.3,0.2,63,62,62
248,بويوك ثر شهرته مالک بولونان (ميقولالی صەن قيو بونلر میاننده ر.,بويوك ثر شهرته مالك بولونان (ميقولالی صەنك قيو بونلر میاننده ر.,بويوك بر شهرته مالك بولونان (ميقولالی صەنقو) بونلر میاننده در.,0.0967741935483871,0.0967741935483871,0.0,0.5,0.4,0.09999999999999998,62,63,62
249,بويوک بر شهته مالك بولونان (ميقولالی ص ەنفو) بونلر میانندة درظ.,بويوك بر شهته مالك بولونان (ميقولالی صەنفو) بونلر میاننده در.,بويوك بر شهرته مالك بولونان (ميقولالی صەنقو) بونلر میاننده در.,0.0967741935483871,0.03225806451612903,0.06451612903225806,0.6,0.2,0.39999999999999997,63,61,62
250,بويوك بر شهرته ماقك بولوناي ميق ولالی صەقو) بونلر میاننده در.,بويوك بر شهرته ماقك بولونان ميقولالی صەقو) بونلر میاننده در.,بويوك بر شهرته مالك بولونان (ميقولالی صەنقو) بونلر میاننده در.,0.08064516129032258,0.04838709677419355,0.03225806451612903,0.5,0.3,0.2,61,60,62
251,بويوك بر شهرته مالك بولونان (ميقولالی صەنفو) بويلر میانندة در.,بويوك بر شهرته مالك بولونان (ميقولالی صەنفو) بويلر میاننده در.,بويوك بر شهرته مالك بولونان (ميقولالی صەنقو) بونلر میاننده در.,0.04838709677419355,0.03225806451612903,0.016129032258064516,0.3,0.2,0.09999999999999998,62,62,62
252,بويوك بر شهرب مالك بولونان (ميقولالی صەنقو) بنلر میاننده در,بويوك بر شهر مالك بولونان (ميقولالی صەنقو) بنلر میاننده در.,بويوك بر شهرته مالك بولونان (ميقولالی صەنقو) بونلر میاننده در.,0.06451612903225806,0.04838709677419355,0.016129032258064516,0.3,0.2,0.09999999999999998,59,59,62
253,بوي وك بر شهرته مالك ثوزلدونان (ميقولالی صەنقو) بونلر میاننده در.أ,بويوك بر شهرته مالك بورلدونان (ميقولالی صەنقو) بونلر میاننده در.,بويوك بر شهرته مالك بولونان (ميقولالی صەنقو) بونلر میاننده در.,0.08064516129032258,0.03225806451612903,0.04838709677419355,0.4,0.1,0.30000000000000004,66,64,62
254,يويوكبرت شهزته مىلک بولونان (ميقولالی صەنقو) بونر میاننذه در.,بويوك برت شهرته مالك بولونان (ميقولالی صەنقو) بونر میاننده در.,بويوك بر شهرته مالك بولونان (ميقولالی صەنقو) بونلر میاننده در.,0.12903225806451613,0.03225806451612903,0.0967741935483871,0.6,0.2,0.39999999999999997,61,62,62
255,بويوك بقر شهرته مال بولوان (ميقولالی صەنق) بونلر میاننده در.,بويوك بقر شهرته مال بولوان (ميقولالی صەنق) بونلر میاننده در.,بويوك بر شهرته مالك بولونان (ميقولالی صەنقو) بونلر میاننده در.,0.06451612903225806,0.06451612903225806,0.0,0.4,0.4,0.0,60,60,62
256,بويوك بر شهرته مالك بولونان (ميفولالی صەنقو) بونلر میانند ه ر.,بويوك بر شهرته مالك بولونان (ميفولالی صەنقو) بونلر میاننده ر.,بويوك بر شهرته مالك بولونان (ميقولالی صەنقو) بونلر میاننده در.,0.04838709677419355,0.03225806451612903,0.016129032258064516,0.4,0.2,0.2,62,61,62
257,بويوك بر شهرته مالك بولونان (ميقولال ی صەنقوف) بونلر میانندهدر.,بويوك بر شهرته مالك بولونان (ميقولالی صەنقوف) بونلر میاننده در.,بويوك بر شهرته مالك بولونان (ميقولالی صەنقو) بونلر میاننده در.,0.04838709677419355,0.016129032258064516,0.03225806451612903,0.5,0.1,0.4,63,63,62
258,بويوك بر شهرته ملك بولونىن(ميقولالی صەنقو) بونلر میاننده در.,بويوك بر شهرته ملك بولونان(ميقولالی صەنقو) بونلر میاننده در.,بويوك بر شهرته مالك بولونان (ميقولالی صەنقو) بونلر میاننده در.,0.04838709677419355,0.03225806451612903,0.016129032258064516,0.3,0.3,0.0,60,60,62
259,بويوك بر شهرته مالك بولونان (ميقولالی صەتقو) بونلر میاننده در.,بويوك بر شهرته مالك بولونان (ميقولالی صەتقو) بونلر میاننده در.,بويوك بر شهرته مالك بولونان (ميقولالی صەنقو) بونلر میاننده در.,0.016129032258064516,0.016129032258064516,0.0,0.1,0.1,0.0,62,62,62
260,حتى اوقرای نالیلر آره سنده صوك چره اولاق اوزره یکدن بر غیانه مزاجعتی خاطزدآن كچيره نلر بيله اولدی. چاررقبـدن پىیەلرق وعنوانلقر توجةيلة اوقرایناده یکی تورهین زاداکان نسل جدیدی،,حتى اوقراینالیلر آره سنده صوك چره اولاق اوزره یکدن بر غیانه مزاجعتی خاطردن کچيره نلر بيله اولدی. چارقبـدن پایەلرق وعنوانلقر توجهيله اوقرایناده یکی تورهین زاداکان نسل جدیدی،,حتى اوقراینالیلر آره سنده صوك چاره اولاق اوزره یکدن بر عصیانه مراجعتی خاطردن كچيره نلر بيله اولدی. چار طرقنـدن پایەلر وعنوانلر توجهيله اوقرایناده یکی تورهین زاداكان نسل جدیدی،,0.09142857142857143,0.06857142857142857,0.022857142857142854,0.42857142857142855,0.32142857142857145,0.1071428571428571,175,172,175
261,حتى اوقراینالیلر آره سنه صوك چاره اولف ا وزره یکدنبر عصیاثه مراحعتی خاطردن كچيرهنلر بيله اولدی. چاز طرقنـدن پایەلر وعنوانلر توجهيله اوفرایناده یکی تورهین زاداكان نسل جدیدی،,حتى اوقراینالیلر آره سنه صوك چاره اولف اوزره یکدن بر عصیاته مراحعتی خاطردن کچيرهنلر بيله اولدی. چاز طرقنـدن پایەلر وعنوانلر توجهيله اوقرایناده یکی تورهین زاداكان نسل جدیدی،,حتى اوقراینالیلر آره سنده صوك چاره اولاق اوزره یکدن بر عصیانه مراجعتی خاطردن كچيره نلر بيله اولدی. چار طرقنـدن پایەلر وعنوانلر توجهيله اوقرایناده یکی تورهین زاداكان نسل جدیدی،,0.05714285714285714,0.045714285714285714,0.011428571428571427,0.39285714285714285,0.25,0.14285714285714285,172,172,175
262,حيى اوقراینالیل ر آرهسنده صسكچاره اولىق اوزره یکدن بر صیانه راجعی خاطردن كچ يره نلر بيلهاولدی. چى طرقنـدن پایەلر وعنوانلر توجهيل ه وقرایناده یی تورهین راداكا نسل جدیدی،,حيا اوقراینالیلر آرهسنده صسكچاره اولاق اوزره یکدن بر صیانه راجعی خاطردن کچيره نلر بيله اولدی. چا طرقنـدن پایەلر وعنوانلر توجهيله وقرایناده یی تورهین راداك نسل جدیدی،,حتى اوقراینالیلر آره سنده صوك چاره اولاق اوزره یکدن بر عصیانه مراجعتی خاطردن كچيره نلر بيله اولدی. چار طرقنـدن پایەلر وعنوانلر توجهيله اوقرایناده یکی تورهین زاداكان نسل جدیدی،,0.10285714285714286,0.08571428571428572,0.01714285714285714,0.6785714285714286,0.42857142857142855,0.25000000000000006,168,165,175
263,حتى اوقراینالیلر آرهة شنده صوك چاره اغولاق اوزره یکدن بر عصیانه مراجعنی حاظردن كچيره نلر بيله اولدی. چاز طرقنـدب پایەلذر وعنوانلر توجهيله اوكراینادة یکی تورهین زىداكان نسل جددی،,حتى اوقراینالیلر آره سنده صوك چاره اغولاق اوزره یکدن بر عصیانه مراجعنی حاردن کچيره نلر بيله اولدی. چاز طرقنـدن پایەلر وعنوانلر توجهيله اوكرایناده یکی تورهین زاداكان نسل جددی،,حتى اوقراینالیلر آره سنده صوك چاره اولاق اوزره یکدن بر عصیانه مراجعتی خاطردن كچيره نلر بيله اولدی. چار طرقنـدن پایەلر وعنوانلر توجهيله اوقرایناده یکی تورهین زاداكان نسل جدیدی،,0.07428571428571429,0.045714285714285714,0.028571428571428574,0.39285714285714285,0.25,0.14285714285714285,177,174,175
264,حتى اوقراینالیلر آره سنده ضاو چاره اولاق اورره یکدن بر ع یانه مراجتی جاطردن كچيره نلر بيله اولدی. چار طرقبـدن پایەلر وعنواثل تجهيله اوقرایناده یکی توره ین زاداكا ن نسل جدیدی،,حتى اوقراینالیلر آره سنده صاو چاره اولاق اورره یکدن بر عیانه مراجتی جاطردن کچيره نلر بيله اولدی. چار طرقبـدن پایەلر وعنوانل تجهيله اوقرایناده یکی توره ین زاداكان نسل جدیدی،,حتى اوقراینالیلر آره سنده صوك چاره اولاق اوزره یکدن بر عصیانه مراجعتی خاطردن كچيره نلر بيله اولدی. چار طرقنـدن پایەلر وعنوانلر توجهيله اوقرایناده یکی تورهین زاداكان نسل جدیدی،,0.07428571428571429,0.06285714285714286,0.011428571428571427,0.4642857142857143,0.39285714285714285,0.07142857142857145,174,172,175
265,حتى اوقکاینالیلر آره سنذه صوك چاره اولکاق اوزرصه یکدن بر عصیانه مراجعتی خاطرخدن كچيره نلر بيل اولذی. چار طرقنـدن پایەلر وعنوانلر توحهکلة اوقرایثاده یی تورهین زاذاكان نسل جدیدی،,حتى اوقراینالیلر آره سنده صوك چاره اولياق اوزره یکدن بر عصیانه مراجعتی خاطرخدن کچيره نلر بيله اولدی. چار طرقنـدن پایەلر وعنوانلر توحيله اوقرایناده یی تورهین زاداكان نسل جدیدی،,حتى اوقراینالیلر آره سنده صوك چاره اولاق اوزره یکدن بر عصیانه مراجعتی خاطردن كچيره نلر بيله اولدی. چار طرقنـدن پایەلر وعنوانلر توجهيله اوقرایناده یکی تورهین زاداكان نسل جدیدی،,0.07428571428571429,0.03428571428571429,0.04,0.39285714285714285,0.17857142857142858,0.21428571428571427,176,175,175
266,هتى اوقزاینالیلر آره سنه صوك چاره ىولاق اوزره یکدن تر عصیىثه م راجعت ی خىطزدن كچيزه نلر ب يله اولدی. چاز طرفنـدن پ ایەلر وعنوانلر توجه يله اوقرایده یکی توهینزاداكىن ثسل خدیدی,هتى اوقراینالیلر آره سنه صوك چاره اولاق اوزره یکدن تر عصیاته مراجعتی خاطردن کچيره نلر بيله اولدی. چاز طرفنـدن پایەلر وعنوانلر توجه يله اوقرایناده یکی توهینزاديكان ثسل خدیدی.,حتى اوقراینالیلر آره سنده صوك چاره اولاق اوزره یکدن بر عصیانه مراجعتی خاطردن كچيره نلر بيله اولدی. چار طرقنـدن پایەلر وعنوانلر توجهيله اوقرایناده یکی تورهین زاداكان نسل جدیدی،,0.14285714285714285,0.08,0.06285714285714285,0.8571428571428571,0.4642857142857143,0.3928571428571428,174,173,175
267,حتى اوقراینالیلر آره سنده صوك چاره ولاف اوزره یکد ن بر عصیان مراجعتی خاطرتدن كچيزىه نلر بيله اولدی. چ ار طرنـدن پىیەلر وعنوىنلر توجهيله اوقربایناده یکی تورهین زاداكان ثسل جدیدی،ش,حتى اوقراینالیلر آره سنده صوك چاره ولاف اوزره یکدن بر عصیان مراجعتی خاطرتدن کچيريه نلر بيله اولدی. چار طرنـدن پایەلر وعنوانلر توجهيله اوقرایناده یکی تورهین زاداكان ثسل جدیدی، ش,حتى اوقراینالیلر آره سنده صوك چاره اولاق اوزره یکدن بر عصیانه مراجعتی خاطردن كچيره نلر بيله اولدی. چار طرقنـدن پایەلر وعنوانلر توجهيله اوقرایناده یکی تورهین زاداكان نسل جدیدی،,0.08,0.05714285714285714,0.02285714285714286,0.5,0.25,0.25,178,176,175
268,حتى اوقرىینالصیلر آره سنده صوك چاره اولاق اوزره یکدن بكر عصیانه مراجعتی خاطردن كچکره نلر بيله اولذی. چضار طرقنـدن پایەک لر وعنوانلر يوخخةيله اوقرایناده یکیبهین زادكان ندسل دیدی،,حتى اوقراینالیلر آره سنده صوك چاره اولاق اوزره یکدن بكر عصیانه مراجعتی خاطردن کچکره نلر بيله اولدی. چار طرقنـدن پایەکلر وعنوانلر يوخهيله اوقرایناده یکی بهین زادكان ندسلر دیدی،,حتى اوقراینالیلر آره سنده صوك چاره اولاق اوزره یکدن بر عصیانه مراجعتی خاطردن كچيره نلر بيله اولدی. چار طرقنـدن پایەلر وعنوانلر توجهيله اوقرایناده یکی تورهین زاداكان نسل جدیدی،,0.10857142857142857,0.07428571428571429,0.03428571428571428,0.4642857142857143,0.2857142857142857,0.1785714285714286,177,175,175
269,حتى اوقراینالیل ر اره سندة صظوك چاره اولاق اوزره یکدن بر عصیان ه مرىجعبی خاطردذن كچيره نلر بيحلة اولدی. چار طرذقـدن پایەلر عنونانلر توجهيله اوقرا یناذه یکی تورهین زاداكان نسل جدیذی،,حتى اوقراینالیلر اره سنده صوك چاره اولاق اوزره یکدن بر عصیانه مراجعبی خاطرددن کچيره نلر بيحله اولدی. چار طردقـدن پایەلر عنونانلر توجهيله اوقرایناده یکی تورهین زاداكان نسل جدیدی،,حتى اوقراینالیلر آره سنده صوك چاره اولاق اوزره یکدن بر عصیانه مراجعتی خاطردن كچيره نلر بيله اولدی. چار طرقنـدن پایەلر وعنوانلر توجهيله اوقرایناده یکی تورهین زاداكان نسل جدیدی،,0.09714285714285714,0.05142857142857143,0.045714285714285714,0.5357142857142857,0.25,0.2857142857142857,181,177,175
270,حتى اوقراینالیلز آ ره سنده صوك چاره اولاق اوزره یکدن بر عصیانه مراغجغتی خاطردن کچير نلر بيله ىولدی. چار طرقـذن پىیەر وعنوأانلر توجهيله اوقرىینادة یکی توزهین زاداكان نشل جذیدی،,حتى اوقراینالیلر آره سنده صوك چاره اولاق اوزره یکدن بر عصیانه مراغتی خاطردن کچيرنلر بيله اولدی. چار طرقـدن پایەر وعنوانلر توجهيله اوقرایناده یکی توزهین زاداكان نشل جدیدی،,حتى اوقراینالیلر آره سنده صوك چاره اولاق اوزره یکدن بر عصیانه مراجعتی خاطردن كچيره نلر بيله اولدی. چار طرقنـدن پایەلر وعنوانلر توجهيله اوقرایناده یکی تورهین زاداكان نسل جدیدی،,0.09714285714285714,0.05142857142857143,0.045714285714285714,0.4642857142857143,0.25,0.2142857142857143,175,170,175
271,حتىاوقراینالیلر رة سثده صوك چاره اواق ازه یکدن ثر عصی انه مراحعتی خاطردن كچي ره نلر بيله اولذی. چار طرقنـدن پایەلر وعنوانلر توجهيله اوقراناده یکی تو رهین زاداكان نسل جدیدی،,حتى اوقراینالیلر ره سنده صوك چاره اواقرازه یکدن بر عصیانه مراحعتی خاطردن کچيره نلر بيله اولدی. چار طرقنـدن پایەلر وعنوانلر توجهيله اوقراناده یکی تورهین زاداكان نسل جدیدی،,حتى اوقراینالیلر آره سنده صوك چاره اولاق اوزره یکدن بر عصیانه مراجعتی خاطردن كچيره نلر بيله اولدی. چار طرقنـدن پایەلر وعنوانلر توجهيله اوقرایناده یکی تورهین زاداكان نسل جدیدی،,0.08,0.045714285714285714,0.03428571428571429,0.5714285714285714,0.21428571428571427,0.3571428571428571,172,170,175
272,حتي اوفرینالیلر آره سنده وك چاره اولاقن اوزر ه یکذن بر عصیانهمراجعتی خاطردن ك چيره نلر بيله اولدی. چا طرق نـدن پایەلر وعتوانلر نوجهيلة اودقرایةناذ یکی تورهین زااكان نسل جدیدی،,حتى اوقراینالیلر آره سنده وك چاره اولاقن اوزره یکدن بر عصیانه مراجعتی خاطردن ك چيره نلر بيله اولدی. چار طرقنـدن پایەلر وعتوانلر نوجهيله اودقراینا یکی تورهین زاايان نسل جدیدی،,حتى اوقراینالیلر آره سنده صوك چاره اولاق اوزره یکدن بر عصیانه مراجعتی خاطردن كچيره نلر بيله اولدی. چار طرقنـدن پایەلر وعنوانلر توجهيله اوقرایناده یکی تورهین زاداكان نسل جدیدی،,0.10857142857142857,0.05714285714285714,0.05142857142857143,0.6428571428571429,0.2857142857142857,0.3571428571428572,175,174,175
273,حتى اوقراینالیلر آرة سنده صوك چاره اولاق اوزره یيدن ير عضیانه مراجعتی خاطردن كچيره نلر بيه اولدی. چار طرقنـدن پایەلر وعنوانلز توجهيله اوقرایناده یکی تورهین راداكان نسل جدیدی،,حتى اوقراینالیلر آره سنده صوك چاره اولاق اوزره یيدن ير عضیانه مراجعتی خاطردن کچيره نلر بيه اولدی. چار طرقنـدن پایەلر وعنوانلر توجهيله اوقرایناده یکی تورهین راداكان نسل جدیدی،,حتى اوقراینالیلر آره سنده صوك چاره اولاق اوزره یکدن بر عصیانه مراجعتی خاطردن كچيره نلر بيله اولدی. چار طرقنـدن پایەلر وعنوانلر توجهيله اوقرایناده یکی تورهین زاداكان نسل جدیدی،,0.04,0.03428571428571429,0.005714285714285713,0.25,0.21428571428571427,0.035714285714285726,174,174,175
274,هتى اوقرىیهبالی لر آر ستده صوك چاره اواف ىوزرهی کدن بر عصیىنة مراجعتی خاطردن ك چيره نلر بيل ه اولدی. چار طرفنـدن پایەلر وعنوىنلر توجهيل اوقریناذهیکی يورهین راحداكاننشل جدیدی،,هتى اوقرایه بالیلر آرستده صوك چاره اواف اوزرهی کدن بر عصیانه مراجعتی خاطردن ك چيره نلر بيله اولدی. چار طرفنـدن پایەلر وعنوانلر توجهيل اوقراینا دهیکی بورهین راحداكاننشل جدیدی،,حتى اوقراینالیلر آره سنده صوك چاره اولاق اوزره یکدن بر عصیانه مراجعتی خاطردن كچيره نلر بيله اولدی. چار طرقنـدن پایەلر وعنوانلر توجهيله اوقرایناده یکی تورهین زاداكان نسل جدیدی،,0.15428571428571428,0.12,0.03428571428571428,0.75,0.5714285714285714,0.1785714285714286,174,174,175
275,حتى اوقراینالیلر آرإه سنده صوك چىطره اولاف اوزره کدن بر عصیىنه مراجعبی خارد يچيرة نلر بيه اولدی. چار طرفنـدن پایەلز وعبوا نل ر توجهيله اوقرایناده یکی تورهین زىداكان نسل جدید ی،,حتى اوقراینالیلر آره سنده صوك چاطره اولاف اوزره کدن بر عصیانه مراجعبی خارد بچيره نلر بيه اولدی. چار طرفنـدن پایەلر وعبوانلر توجهيله اوقرایناده یکی تورهین زاداكان نسل جدیدی،,حتى اوقراینالیلر آره سنده صوك چاره اولاق اوزره یکدن بر عصیانه مراجعتی خاطردن كچيره نلر بيله اولدی. چار طرقنـدن پایەلر وعنوانلر توجهيله اوقرایناده یکی تورهین زاداكان نسل جدیدی،,0.10857142857142857,0.05714285714285714,0.05142857142857143,0.6071428571428571,0.32142857142857145,0.28571428571428564,176,172,175
276,حتى اوقراینالیلر آره سنده صوك چاره اولاق اوزره یکدن بر عصی انه راجعتی خىطرذن كچيره نلر بيله او لدی چر طرفنـدن پایەلر وعوانلر توجهيله اوقراینادة یکی تو زهین زاداكان نسل جدیدی،,حتى اوقراینالیلر آره سنده صوك چاره اولاق اوزره یکدن بر عصیانه راجعتی خاطردن کچيره نلر بيله اولدی چر طرفنـدن پایەلر وعوانلر توجهيله اوقرایناده یکی توزهین زاداكان نسل جدیدی،,حتى اوقراینالیلر آره سنده صوك چاره اولاق اوزره یکدن بر عصیانه مراجعتی خاطردن كچيره نلر بيله اولدی. چار طرقنـدن پایەلر وعنوانلر توجهيله اوقرایناده یکی تورهین زاداكان نسل جدیدی،,0.06857142857142857,0.04,0.028571428571428574,0.42857142857142855,0.25,0.17857142857142855,174,171,175
277,حتى اقراینالیلر آره سنده صوک چىره اولاق ىوزرظه یکدن بر عصیانةمر اجعتی حاطردن كچيره نلربيله اولدی. چار طرقنـدن پایەل رو عنوالر توجهيله اوقراینادة یکی تورهین زاداكان نسل جدیدی،,حتى اوقراینالیلر آره سنده صوك چاره اولاق اوزره یکدن بر عصیانه مراجعتی حاطردن کچيره نلربيله اولدی. چار طرقنـدن پایەلرو عنوالر توجهيله اوقرایناده یکی تورهین زاداكان نسل جدیدی،,حتى اوقراینالیلر آره سنده صوك چاره اولاق اوزره یکدن بر عصیانه مراجعتی خاطردن كچيره نلر بيله اولدی. چار طرقنـدن پایەلر وعنوانلر توجهيله اوقرایناده یکی تورهین زاداكان نسل جدیدی،,0.08571428571428572,0.03428571428571429,0.05142857142857143,0.4642857142857143,0.21428571428571427,0.25,174,173,175
278,حنى اوق راینىلیلر آره سنده صوك چاره اولاق اوزره یکدن بر عصیانه مراجعتی اطردن كىره نلر ب يله اولدی. چار طرقنـدب پایەلر وعنوانلر توجخهيله ىوقرایناده یکی تورهین زاداكىن سل جدیدی،,حنى اوقراینالیلر آره سنده صوك چاره اولاق اوزره یکدن بر عصیانه مراجعتی اطردن كاره نلر بيله اولدی. چار طرقنـدن پایەلر وعنوانلر توجهيله اوقرایناده یکی تورهین زاداكان سلاجدیدی،,حتى اوقراینالیلر آره سنده صوك چاره اولاق اوزره یکدن بر عصیانه مراجعتی خاطردن كچيره نلر بيله اولدی. چار طرقنـدن پایەلر وعنوانلر توجهيله اوقرایناده یکی تورهین زاداكان نسل جدیدی،,0.06857142857142857,0.03428571428571429,0.03428571428571429,0.42857142857142855,0.17857142857142858,0.24999999999999997,175,172,175
279,حختى اوقراینالیلر آره سنده صوي چاره ىولاق اوزره یکدن بر عصیانه مراجعتی خاطردت كچيزهنلر بيله اولذی. چار ططزقنـدن پایەلر وعنوانلر توجهيله اوقراینادهیکی تورهین زاداكان نسل جدیدی،,حختى اوقراینالیلر آره سنده صوك چاره اولاق اوزره یکدن بر عصیانه مراجعتی خاطردت کچيره نلر بيله اولدی. چار طرقنـدن پایەلر وعنوانلر توجهيله اوقرایناده یکی تورهین زاداكان نسل جدیدی،,حتى اوقراینالیلر آره سنده صوك چاره اولاق اوزره یکدن بر عصیانه مراجعتی خاطردن كچيره نلر بيله اولدی. چار طرقنـدن پایەلر وعنوانلر توجهيله اوقرایناده یکی تورهین زاداكان نسل جدیدی،,0.05714285714285714,0.017142857142857144,0.039999999999999994,0.35714285714285715,0.10714285714285714,0.25,175,176,175
280,مستقل بر اوقراينا حكومتنك عقإ ب تشکلنده ززاعته عائد اموجر وخ صوصـاندهاوقراينا كويليلرينك نادفغنهاك موىفق بر طأرزدع ه اصلاحات اساسیهاجراستنه نسبث اولضنەجقدر,مستقل بر اوقراينا حكومتنك عقب تشکلنده ززاعته عائد اموجر وخصوصـانده اوقراينا كويليلرينك نادفغنه اك موافق بر طرزده اصلاحات اساسیه اجراستنه نسبت اولنەجقدر.,مستقل بر اوقراينا حكومتنك عقب تشکلنده زراعته عائد امور وخصوصـانده اوقراينا كويليلرينك منافعنه اك موافق بر طرزده اصلاحات اساسیه اجراسته تشبث اولنەجقدر.,0.13333333333333333,0.06,0.07333333333333333,0.6818181818181818,0.22727272727272727,0.4545454545454545,155,152,150
281,مستقل بر اوقأراينا حكومتنک عقب تسکلنده زراعته عائد امور وخصوصـاده اوقراينا كويليلرينك منافتعنه اك موافقبر طرزده اصلاحات اساسیه اجراشته تشبثاولنەخق در.,مستقل بر اوقراينا حكومتنك عقب تسکلنده زراعته عائد امور وخصوصـاده اوقراينا كويليلرينك منافتعنه اك موافق بر طرزده اصلاحات اساسیه اجراسته تشبث اولنەخقدر.,مستقل بر اوقراينا حكومتنك عقب تشکلنده زراعته عائد امور وخصوصـانده اوقراينا كويليلرينك منافعنه اك موافق بر طرزده اصلاحات اساسیه اجراسته تشبث اولنەجقدر.,0.06666666666666667,0.02666666666666667,0.039999999999999994,0.45454545454545453,0.18181818181818182,0.2727272727272727,150,150,150
282,مستقل نر اوقراينا حكومتنك عقب تشکلده زراعته عائد امور وخصوضـانده ىوقرىينا كويلىلرينك مافعنه اي موافف بر طرزد اصلاهات اساسیه اجرا سته تس نث اولنە جقدر.,مستقل نر اوقراينا حكومتنك عقب تشکلده زراعته عائد امور وخصوصـانده اوقراينا كويليلرينك مافعنه اي موافف بر طرزد اصلاهات اساسیه اجراسته تسنن اولنەجقدر.,مستقل بر اوقراينا حكومتنك عقب تشکلنده زراعته عائد امور وخصوصـانده اوقراينا كويليلرينك منافعنه اك موافق بر طرزده اصلاحات اساسیه اجراسته تشبث اولنەجقدر.,0.10666666666666667,0.06666666666666667,0.04000000000000001,0.7272727272727273,0.36363636363636365,0.36363636363636365,150,147,150
283,مستقل بر اوقرانا حكومتنك عقب تشکلنه زراعنه عائ امور وخصوصـانده اوقراينى كويليلرين منافعنه ىك موافق بر رزده اصلاهات ااسیه اجرسته تشبث اولنەجقدر.,مستقل بر اوقراينا حكومتنك عقب تشکلنه زراعنه عائئ امور وخصوصـانده اوقراينا كويليلرين منافعنه اك موافق بر رزده اصلاهات ااسیه اجرسته تشبث اولنەجقدر.,مستقل بر اوقراينا حكومتنك عقب تشکلنده زراعته عائد امور وخصوصـانده اوقراينا كويليلرينك منافعنه اك موافق بر طرزده اصلاحات اساسیه اجراسته تشبث اولنەجقدر.,0.07333333333333333,0.05333333333333334,0.019999999999999997,0.5,0.36363636363636365,0.13636363636363635,143,145,150
284,مستقل بر اوقر اين ح كو متنك عقب تشکلنده زراعتةعائد امور وخصوصـاندة اوقراينا كويليلرينك منافعنه ىك موافق بر طززد ه اضلاحات اساس یة ازاسته تسبث اولنەجقدر,مستقل بر اوقراينا حكومتنك عقب تشکلنده زراعته عائد امور وخصوصـانده اوقراينا كويليلرينك منافعنه اك موافق بر طرزده اضلاحات اساسیه ازاسته تسبث اولنەجقدر.,مستقل بر اوقراينا حكومتنك عقب تشکلنده زراعته عائد امور وخصوصـانده اوقراينا كويليلرينك منافعنه اك موافق بر طرزده اصلاحات اساسیه اجراسته تشبث اولنەجقدر.,0.11333333333333333,0.02666666666666667,0.08666666666666666,0.7727272727272727,0.13636363636363635,0.6363636363636364,151,149,150
285,مستقل بر اوقاينى كومتنك عقنب تشکلنده زراعته عائد امور وخصوصـانذه اوقراينا كوىليلرىنك مسناقعنه اكز موافق بر طرزده اصخلاحات اساشیه اجزىسته تشبث اولنەجقدر.,مستقل بر اوقراينا كومتنك عقنب تشکلنده زراعته عائد امور وخصوصـانده اوقراينا كواليلرينك مسناقعنه اكز موافق بر طرزده اصلاحات اساسیه اجراسته تشبث اولنەجقدر.,مستقل بر اوقراينا حكومتنك عقب تشکلنده زراعته عائد امور وخصوصـانده اوقراينا كويليلرينك منافعنه اك موافق بر طرزده اصلاحات اساسیه اجراسته تشبث اولنەجقدر.,0.09333333333333334,0.04,0.05333333333333334,0.45454545454545453,0.22727272727272727,0.22727272727272727,152,152,150
286,مشتق ل بزر اوقراينا حكومتنک عقب تشکلندة زراعته ائد امور وخصوصـانده اوفرىينا كويليلرينك منافعنه اک موافق بر طرز ده اصلاحات اساسیبه ىجراسنه تشبت اولنەجقدر.,مشتقل بر اوقراينا حكومتنك عقب تشکلنده زراعته ائد امور وخصوصـانده اوقراينا كويليلرينك منافعنه اك موافق بر طرزده اصلاحات اساسی به اجراسنه تشبت اولنەجقدر.,مستقل بر اوقراينا حكومتنك عقب تشکلنده زراعته عائد امور وخصوصـانده اوقراينا كويليلرينك منافعنه اك موافق بر طرزده اصلاحات اساسیه اجراسته تشبث اولنەجقدر.,0.09333333333333334,0.04,0.05333333333333334,0.5909090909090909,0.2727272727272727,0.31818181818181823,153,151,150
287,مستقل بر اوقراينا حكومتنك عقب تشيلنده زراعتة عئد امور وخصوصـانده اوقرا ينا كويليلرينك مسناف عنهز اک موافق بر طززده اصلىحاتىساسیه اجراس ته تشبث اولنەجقدر.,مستقل بر اوقراينا حكومتنك عقب تشيلنده زراعته عئد امور وخصوصـانده اوقراينا كويليلرينك مسناف عنه اك موافق بر طرزده اصلاحات اساسیه اجراسته تشبث اولنەجقدر.,مستقل بر اوقراينا حكومتنك عقب تشکلنده زراعته عائد امور وخصوصـانده اوقراينا كويليلرينك منافعنه اك موافق بر طرزده اصلاحات اساسیه اجراسته تشبث اولنەجقدر.,0.08666666666666667,0.02666666666666667,0.06,0.5454545454545454,0.18181818181818182,0.3636363636363636,153,151,150
288,مستقل بز اوقراينا حكومثنك عقب تشکلنذه زراعته عائداموروخصوصـانده اوفراكنا كوىليريني ميافعنه اك موافق بر طرردة اصلاحات اساسیه اجراس ته تشبث اولنەجقدر.,مستقل بر اوقراينا حكومتنك عقب تشکلنده زراعته عائداموروخصوصـانده اوقراينا كواليرينك ميافعنه اك موافق بر طررده اصلاحات اساسیه اجراسته تشبث اولنەجقدر.,مستقل بر اوقراينا حكومتنك عقب تشکلنده زراعته عائد امور وخصوصـانده اوقراينا كويليلرينك منافعنه اك موافق بر طرزده اصلاحات اساسیه اجراسته تشبث اولنەجقدر.,0.09333333333333334,0.04,0.05333333333333334,0.5454545454545454,0.2727272727272727,0.2727272727272727,148,147,150
289,مستق بر وقراينا هكومتنك غقب ي شکلنده زراعته عائد ىمور وخصوصـانذهاوقراينا كويليلريني منافعنه اك م وافق بر طرزد اصلاحات اسای اجراسته تشبث اولنەجقدر.,مستق بر وقراينا هكومتنك غقبي شکلنده زراعته عائد امور وخصوصـانده اوقراينا كويليلرينك منافعنه اك موافق بر طرزد اصلاحات اسای اجراسته تشبث اولنەجقدر.,مستقل بر اوقراينا حكومتنك عقب تشکلنده زراعته عائد امور وخصوصـانده اوقراينا كويليلرينك منافعنه اك موافق بر طرزده اصلاحات اساسیه اجراسته تشبث اولنەجقدر.,0.09333333333333334,0.06,0.03333333333333334,0.6363636363636364,0.3181818181818182,0.3181818181818182,146,145,150
290,مستقل بر ىورا ينا حكومتنك عقب يشکلنده زاعته عائد ىمور وخصوصـانده اوقراينا كوىليلرينك من افعنه اك موافق بر طرزده اضلاحات اساسیزة اجاسته تشتث اولنەجقدرص.,مستقل بر اوراينا حكومتنك عقب يشکلنده زاعته عائد امور وخصوصـانده اوقراينا كواليلرينك منافعنه اك موافق بر طرزده اضلاحات اساسیزه اجاسته تشتث اولنەجقدر.,مستقل بر اوقراينا حكومتنك عقب تشکلنده زراعته عائد امور وخصوصـانده اوقراينا كويليلرينك منافعنه اك موافق بر طرزده اصلاحات اساسیه اجراسته تشبث اولنەجقدر.,0.09333333333333334,0.05333333333333334,0.04,0.5909090909090909,0.36363636363636365,0.2272727272727273,151,148,150
291,مستقل بر اوفخراينا حكومتنك عقب تشکلنده زا عته عائد امورق وخضوصـانده اوقراينا كويليلرينك منافعنه ىك موافق بر طرزده اصلاحات اساهسیه اجراسته تشبث اولنەقدر.,مستقل بر اوقراينا حكومتنك عقب تشکلنده زاعته عائد امورق وخوصـانده اوقراينا كويليلرينك منافعنه اك موافق بر طرزده اصلاحات اساسیه اجراسته تشبث اولنەقدر.,مستقل بر اوقراينا حكومتنك عقب تشکلنده زراعته عائد امور وخصوصـانده اوقراينا كويليلرينك منافعنه اك موافق بر طرزده اصلاحات اساسیه اجراسته تشبث اولنەجقدر.,0.06,0.02666666666666667,0.033333333333333326,0.36363636363636365,0.18181818181818182,0.18181818181818182,152,148,150
292,مستقل بر ىوقراينا حكومينك عقب تشکلنده زراعتة عائد امور وخضوصـانده اوقزاىتا كويلکلرينك منىفعنه اك موافق بر ظرده اصلاحات اساسیه اجزاسته تشبث ىلنەجقدر.ة,مستقل بر اوقراينا حكومينك عقب تشکلنده زراعته عائد امور وخوصـانده اوقراينا كويليلرينك منافعنه اك موافق بر ظرده اصلاحات اساسیه اجراسته تشبث النەجقدر.,مستقل بر اوقراينا حكومتنك عقب تشکلنده زراعته عائد امور وخصوصـانده اوقراينا كويليلرينك منافعنه اك موافق بر طرزده اصلاحات اساسیه اجراسته تشبث اولنەجقدر.,0.1,0.03333333333333333,0.06666666666666668,0.45454545454545453,0.18181818181818182,0.2727272727272727,149,147,150
293,مسثقل بر اوفراينا حكومتنك عقب تشکلنده ززاعته عائد امور وخصوصـانده اوقراينا كويهليلرىنك م نافغنه اك موافق بر طرزدة ىصلاحات اسا سیه اجراسته تشبث ولنەجقدر.,مسثقل بر اوقراينا حكومتنك عقب تشکلنده ززاعته عائد امور وخصوصـانده اوقراينا كويليلرينك منافعنه اك موافق بر طرزده اصلاحات اساسیه اجراسته تشبث ولنەجقدر.,مستقل بر اوقراينا حكومتنك عقب تشکلنده زراعته عائد امور وخصوصـانده اوقراينا كويليلرينك منافعنه اك موافق بر طرزده اصلاحات اساسیه اجراسته تشبث اولنەجقدر.,0.07333333333333333,0.02,0.05333333333333333,0.5,0.13636363636363635,0.36363636363636365,152,149,150
294,مستقل بر اوقراينا حكومتحنك عقب تشکلنده زراعته عائد امور وخصوصـانده اوراينا كويليلرينك منافعنه اک موافق بر طرزدة اصلاحات اسىسیه ىجرسته تشبث اولنەجقدر.,مستقل بر اوقراينا حكومتحنك عقب تشکلنده زراعته عائد امور وخصوصـانده اوراينا كويليلرينك منافعنه اك موافق بر طرزده اصلاحات اساسیه اجرسته تشبث اولنەجقدر.,مستقل بر اوقراينا حكومتنك عقب تشکلنده زراعته عائد امور وخصوصـانده اوقراينا كويليلرينك منافعنه اك موافق بر طرزده اصلاحات اساسیه اجراسته تشبث اولنەجقدر.,0.04666666666666667,0.02,0.02666666666666667,0.2727272727272727,0.13636363636363635,0.13636363636363635,149,149,150
295,مسثقل ير اوقراي نا حكومنن عقث تشکل نده زراغتة عائد امىور وخصوصـانده اوقراينا كوينليلرينك منافعنه اك موافق بر طرزذة اصلاحات اساسیه اجراسته تدشبث ىولنەجقذر.,مسثقل ير اوقراينا حكومنن عقث تشکلنده زراغته عائد اماور وخصوصـانده اوقراينا كوينليلرينك منافعنه اك موافق بر طرزده اصلاحات اساسیه اجراسته تدشبث اولنەجقدر.,مستقل بر اوقراينا حكومتنك عقب تشکلنده زراعته عائد امور وخصوصـانده اوقراينا كويليلرينك منافعنه اك موافق بر طرزده اصلاحات اساسیه اجراسته تشبث اولنەجقدر.,0.10666666666666667,0.06,0.046666666666666676,0.6363636363636364,0.36363636363636365,0.2727272727272727,154,152,150
296,مستقل بر اوقرايناحكومتنك عقبتکلنده زراعته عائد امور وخصوصـانده اوقراين ا كويليلرين منافعنةاك موافق ر طررده اصلاحت اسىسیه اجراسته تشبث اولنەحقدر.,مستقل بر اوقراينا حكومتنك عقبتيلنده زراعته عائد امور وخصوصـانده اوقراينا كويليلرين منافعنه اك موافق رطرده اصلاحت اساسیه اجراسته تشبث اولنەحقدر.,مستقل بر اوقراينا حكومتنك عقب تشکلنده زراعته عائد امور وخصوصـانده اوقراينا كويليلرينك منافعنه اك موافق بر طرزده اصلاحات اساسیه اجراسته تشبث اولنەجقدر.,0.08,0.06,0.020000000000000004,0.5909090909090909,0.3181818181818182,0.27272727272727276,144,143,150
297,مستقل بر اوقراينا كحوميني عقب تشکلنده راعته عائد مو ر وخصوصـانده اوقراينا ك ويليلرينک منا قعنه ىك موافق بر طرزده اصلاحات اساسیه اجراسه تشبث اونەجقدر.,مستقل بر اوقراينا كحومينك عقب تشکلنده راعته عائد مور وخصوصـانده اوقراينا ك ويليلرينك مناقعنه اك موافق بر طرزده اصلاحات اساسیه اجراسه تشبث اونەجقدر.,مستقل بر اوقراينا حكومتنك عقب تشکلنده زراعته عائد امور وخصوصـانده اوقراينا كويليلرينك منافعنه اك موافق بر طرزده اصلاحات اساسیه اجراسته تشبث اولنەجقدر.,0.09333333333333334,0.06,0.03333333333333334,0.5,0.36363636363636365,0.13636363636363635,149,147,150
298,مستل بر اوقراينا حكومتنك عقب تشکلندهزراعته عائد اموذر وخصوصـاده اوقراينا كويليلريني منافعنة اي موافقق ر طززده اصلاها ااسیه اجراته تشبثد ىولنەجقدر.,مستلر بر اوقراينا حكومتنك عقب تشکلنده زراعته عائد امودر وخصوصـاده اوقراينا كويليلرينك منافعنه اي موافق رطرزده اصلاها ااسیه اجراته تشبثد اولنەجقدر.,مستقل بر اوقراينا حكومتنك عقب تشکلنده زراعته عائد امور وخصوصـانده اوقراينا كويليلرينك منافعنه اك موافق بر طرزده اصلاحات اساسیه اجراسته تشبث اولنەجقدر.,0.10666666666666667,0.08,0.026666666666666672,0.7272727272727273,0.45454545454545453,0.27272727272727276,146,146,150
299,مستقل بر اوقراينا حكومتنك عقب تشکل نده زراعته عائد امور وخصوصـانده اوقرىينا كويليل رينك نافعنه اك موىفق بر طرزه اصلاحات اساسیه اجراستة تشبث اولنەج قدر.,مستقل بر اوقراينا حكومتنك عقب تشکلنده زراعته عائد امور وخصوصـانده اوقراينا كويليلرينك نافعنه اك موافق بر طرزه اصلاحات اساسیه اجراسته تشبث اولنەجقدر.,مستقل بر اوقراينا حكومتنك عقب تشکلنده زراعته عائد امور وخصوصـانده اوقراينا كويليلرينك منافعنه اك موافق بر طرزده اصلاحات اساسیه اجراسته تشبث اولنەجقدر.,0.05333333333333334,0.013333333333333334,0.04,0.5,0.09090909090909091,0.40909090909090906,151,148,150
300,روس - اوستريا حدودينك هراىهكى طرفندة واقع واوقرايا ليلر ايله مسکون اراضی وزرنده قطصعی میدصان محاربەلری اجرا اولنان نر حذالكاه حالتهکلدی.,روس - اوستريا حدودينك هرايهك طرفنده واقع واوقرايناليلر ايله مسکون اراضی وزرنده قطعی میدان محاربەلری اجرا اولنان نر حدالكاه حالته کلدی.,روس - آوستريا حدودينك هرايكى طرفنده واقع واوقرايناليلر ايله مسكون اراضی اوزرنده قطعی میدان محاربەلری اجرا اولنان بر جدالكاه حالته کلدی.,0.1037037037037037,0.05185185185185185,0.05185185185185185,0.6190476190476191,0.2857142857142857,0.33333333333333337,136,134,135
301,روش - آوستري ا حدودينك هريكى طرفنده واقع واوقزاينالفيلر ايله مسكون اراضی ا وزرنده قبطعی میدان محار بەلری اجرا النىن بر جذانلكاه حالته کلدی.,روس - آوستريا حدودينك هريكى طرفنده واقع واوقرايناليلر ايله مسكون اراضی اوزرنده قبطعی میدان محاربەلری اجرا النان بر جدانلكاه حالته کلدی.,روس - آوستريا حدودينك هرايكى طرفنده واقع واوقرايناليلر ايله مسكون اراضی اوزرنده قطعی میدان محاربەلری اجرا اولنان بر جدالكاه حالته کلدی.,0.08888888888888889,0.02962962962962963,0.05925925925925926,0.5714285714285714,0.19047619047619047,0.38095238095238093,139,135,135
302,روس - آوستركا ح دودينك هرايكى طرفنده واقع واوقراکنليلر ايله مشكون اراضی ىوزرظن دة قطع میدان محاربەلر اجرا اولنان نر جدىلکاه حالته کلدی.,روس - آوستركا حدودينك هرايكى طرفنده واقع واوقرايناليلر ايله مشكون اراضی اوزرنده قطع میدان محاربەلر اجرا اولنان نر جدالکاه حالته کلدی.,روس - آوستريا حدودينك هرايكى طرفنده واقع واوقرايناليلر ايله مسكون اراضی اوزرنده قطعی میدان محاربەلری اجرا اولنان بر جدالكاه حالته کلدی.,0.1037037037037037,0.044444444444444446,0.059259259259259255,0.5238095238095238,0.2857142857142857,0.23809523809523814,135,133,135
303,روس - وستريا حودينك هزىيكى طرفندهث واقع واوقراينا ليلر يلة مسكون اراضی اوررنده قطعی میدان محازبەلری اجرا ىولن بر جدىلكاه حال ته كلدی .,روس - وستريا حودينك هزايكى طرفنده واقع واوقراينا ليلر يله مسكون اراضی اوررنده قطعی میدان محاربەلری اجرا اولن بر جدالكاه حالته کلدی.,روس - آوستريا حدودينك هرايكى طرفنده واقع واوقرايناليلر ايله مسكون اراضی اوزرنده قطعی میدان محاربەلری اجرا اولنان بر جدالكاه حالته کلدی.,0.1259259259259259,0.05925925925925926,0.06666666666666665,0.7142857142857143,0.38095238095238093,0.33333333333333337,134,131,135
304,روس - آوستريا حدودينضک هرايكى طرفندة واقع واوقرايناليلر ايله مسكون اراضی اوز ر نده قطعی میدان محاربەلری جرا اولنان ب ز جدالاة حالته کلدی.,روس - آوستريا حدودينك هرايكى طرفنده واقع واوقرايناليلر ايله مسكون اراضی اوزرنده قطعی میدان محاربەلری جرا اولنان بر جدالاه حالته کلدی.,روس - آوستريا حدودينك هرايكى طرفنده واقع واوقرايناليلر ايله مسكون اراضی اوزرنده قطعی میدان محاربەلری اجرا اولنان بر جدالكاه حالته کلدی.,0.07407407407407407,0.014814814814814815,0.059259259259259255,0.42857142857142855,0.09523809523809523,0.3333333333333333,137,133,135
305,روس - آوستريا حدد ينك هرايكى طرفنده وابقع واوقرايناليلر يله مسكون اراضی اوزرنده قطعی میدان مح ربەلری اجرا اولنانط بر جدالكاه حالته کلدی.,روس - آوستريا حددينك هرايكى طرفنده وابقع واوقرايناليلر يله مسكون اراضی اوزرنده قطعی میدان محربەلری اجرا اولنان بر جدالكاه حالته کلدی.,روس - آوستريا حدودينك هرايكى طرفنده واقع واوقرايناليلر ايله مسكون اراضی اوزرنده قطعی میدان محاربەلری اجرا اولنان بر جدالكاه حالته کلدی.,0.044444444444444446,0.02962962962962963,0.014814814814814815,0.3333333333333333,0.19047619047619047,0.14285714285714285,136,133,135
306,روس - آوستريا حدودينك هراككى ظرفنده واقع واوقذرايناليلر اكله مسكون اىراضی ىوزرنده قطعی میدان محارب ەلریاجرا النان بر جدالكاه حالته کل دی.,روس - آوستريا حدودينك هرايكى ظرفنده واقع واوقرايناليلر ايله مسكون اراضی اوزرنده قطعی میدان محاربەلری اجرا النان بر جدالكاه حالته کلدی.,روس - آوستريا حدودينك هرايكى طرفنده واقع واوقرايناليلر ايله مسكون اراضی اوزرنده قطعی میدان محاربەلری اجرا اولنان بر جدالكاه حالته کلدی.,0.07407407407407407,0.014814814814814815,0.059259259259259255,0.5238095238095238,0.09523809523809523,0.4285714285714286,137,134,135
307,زوس - آوستريا حدودينك هرايكى طرفندة واق ع واوقرىيناير ايله مسكوي اراضی اوزرنده قطعی میدان محاربەلی ارا اولنانبر جدالكاه حالته کلدی.,زوس - آوستريا حدودينك هرايكى طرفنده واقع واوقرايناير ايله مسكون اراضی اوزرنده قطعی میدان محاربەلی ارا اولنان بر جدالكاه حالته کلدی.,روس - آوستريا حدودينك هرايكى طرفنده واقع واوقرايناليلر ايله مسكون اراضی اوزرنده قطعی میدان محاربەلری اجرا اولنان بر جدالكاه حالته کلدی.,0.07407407407407407,0.037037037037037035,0.037037037037037035,0.47619047619047616,0.19047619047619047,0.2857142857142857,131,131,135
308,زوس - آوستريا حدودينک هرايك طفنده واق واوقرايناليلر ايله مشكون اراضی اوكزرنده قطعی میدان مهاربەلری اجرا اولنان بر جدالكاه حالته کلدی.,زوس - آوستريا حدودينك هرايك طفنده واق واوقرايناليلر ايله مشكون اراضی اوكزرنده قطعی میدان مهاربەلری اجرا اولنان بر جدالكاه حالته کلدی.,روس - آوستريا حدودينك هرايكى طرفنده واقع واوقرايناليلر ايله مسكون اراضی اوزرنده قطعی میدان محاربەلری اجرا اولنان بر جدالكاه حالته کلدی.,0.05925925925925926,0.05185185185185185,0.007407407407407411,0.38095238095238093,0.3333333333333333,0.047619047619047616,133,133,135
309,زوس - آوستريا حدوديني ه رايكى طرفکنده وطاقع واوقراينطاليلر ايلة مسكون ازاضی ىوزرنده ظعی می ذاي محاربەلری اجرا اولنان بجدلکاه حالته کلدی.,زوس - آوستريا حدودينيه رايكى طرفکنده وطاقع واوقرايناليلر ايله مسكون ازاضی اوزرنده طعیمی دان محاربەلری اجرا اولنان بجدلکاه حالته کلدی.,روس - آوستريا حدودينك هرايكى طرفنده واقع واوقرايناليلر ايله مسكون اراضی اوزرنده قطعی میدان محاربەلری اجرا اولنان بر جدالكاه حالته کلدی.,0.13333333333333333,0.1037037037037037,0.02962962962962963,0.7142857142857143,0.47619047619047616,0.23809523809523814,136,133,135
310,روس - آوستريا حدودينك هرايكى زفنده واقعواوقرايناليل ايله مشكو اراضی اوبزرنده قطعیمیدان محاربەلری اجزى اولان بر جدالكاه حالته کلدی.,روس - آوستريا حدودينك هرايكى زفنده واقع واوقرايناليله ايله مشكو اراضی اوبررنده قطعی میدان محاربەلری اجزى اولان بر جدالكاه حالته کلدی.,روس - آوستريا حدودينك هرايكى طرفنده واقع واوقرايناليلر ايله مسكون اراضی اوزرنده قطعی میدان محاربەلری اجرا اولنان بر جدالكاه حالته کلدی.,0.08148148148148149,0.07407407407407407,0.007407407407407418,0.42857142857142855,0.2857142857142857,0.14285714285714285,130,133,135
311,روس - آوستربيا حدودينك هرايكى طرفندة واقع واوقراينليلر ايله مسكوباراضی اوزرندهقطعی میدان محربەلری ارا او لان بر جدالكاه حالته کلدی.,روس - آوستربيا حدودينك هرايكى طرفنده واقع واوقرايناليلر ايله مسكوب اراضی اوزرنده قطعی میدان محربەلری ارا اولان بر جدالكاه حالته کلدی.,روس - آوستريا حدودينك هرايكى طرفنده واقع واوقرايناليلر ايله مسكون اراضی اوزرنده قطعی میدان محاربەلری اجرا اولنان بر جدالكاه حالته کلدی.,0.07407407407407407,0.037037037037037035,0.037037037037037035,0.5238095238095238,0.23809523809523808,0.28571428571428575,131,133,135
312,روس - آأوستريا حدودينعك هراکكى طرفنده واقغ واورايناليل ايله مسکون اراضیاوررنده قطعی میدان محاربەلری اجرا اولنان بر جدالكاة حالبه ک لدی.,روس - آوستريا حدودينك هرايكى طرفنده واقع واورايناليله ايله مسکون اراضی اوررنده قطعی میدان محاربەلری اجرا اولنان بر جدالكاه حالبه کلدی.,روس - آوستريا حدودينك هرايكى طرفنده واقع واوقرايناليلر ايله مسكون اراضی اوزرنده قطعی میدان محاربەلری اجرا اولنان بر جدالكاه حالته کلدی.,0.08888888888888889,0.037037037037037035,0.05185185185185186,0.5714285714285714,0.19047619047619047,0.38095238095238093,135,134,135
313,روس - آوستر يا حذذينك هايكى طرفندهواقع واوقرايناليلر ايل همسكون اراضیص وزرنده قطعی میدان محاربەلری اجرا اولنان بر جدالكه حاليه کلدی.,روس - آوستريا حدينك هايكى طرفنده واقع واوقرايناليلر ايله مسكون اراضی وزرنده قطعی میدان محاربەلری اجرا اولنان بر جدالكه حاليه کلدی.,روس - آوستريا حدودينك هرايكى طرفنده واقع واوقرايناليلر ايله مسكون اراضی اوزرنده قطعی میدان محاربەلری اجرا اولنان بر جدالكاه حالته کلدی.,0.08888888888888889,0.044444444444444446,0.044444444444444446,0.5238095238095238,0.23809523809523808,0.28571428571428575,132,130,135
314,روس -س آوس تريا حدودىني هراييى طرفيدة واقع ووقرايناليلر ايله مسكون اراضی اوزرندة قطعی م یذان محياربەلری اجر ىولنان بر خدالكاه حالته کلدی .,روس - سآوستريا حدودانك حراينا طرفيده واقع ووقرايناليلر ايله مسكون اراضی اوزرنده قطعی میدان محياربەلری اجرا اولنان بر خدالكاه حالته کلدی.,روس - آوستريا حدودينك هرايكى طرفنده واقع واوقرايناليلر ايله مسكون اراضی اوزرنده قطعی میدان محاربەلری اجرا اولنان بر جدالكاه حالته کلدی.,0.11851851851851852,0.06666666666666667,0.05185185185185186,0.7619047619047619,0.3333333333333333,0.42857142857142855,138,136,135
315,روس - آوستريا حذودينك هراكى طرفنده ىقع واوقرايناليلر ايله مجسكون اراضی اوزرندة قطعی میدان محاربەلری اسجرا اولنان بر جدالكىة حالتة کلدی.,روس - آوستريا حدودينك هراكى طرفنده اقع واوقرايناليلر ايله مجسكون اراضی اوزرنده قطعی میدان محاربەلری اسجرا اولنان بر جدالكاه حالته کلدی.,روس - آوستريا حدودينك هرايكى طرفنده واقع واوقرايناليلر ايله مسكون اراضی اوزرنده قطعی میدان محاربەلری اجرا اولنان بر جدالكاه حالته کلدی.,0.07407407407407407,0.02962962962962963,0.04444444444444444,0.38095238095238093,0.19047619047619047,0.19047619047619047,135,135,135
316,روس - آوشريا حدودينك هرکكى طرفنده واقع واوقرىيناليلر اكله مسكون اراضی اوزرنده قطعی میدان محازبەلری اجرا اولنان بر جذالكه حىلتة کلدی.,روس - آوشريا حدودينك هرکى طرفنده واقع واوقرايناليلر ايله مسكون اراضی اوزرنده قطعی میدان محازبەلری اجرا اولنان بر جدالكه حالته کلدی.,روس - آوستريا حدودينك هرايكى طرفنده واقع واوقرايناليلر ايله مسكون اراضی اوزرنده قطعی میدان محاربەلری اجرا اولنان بر جدالكاه حالته کلدی.,0.08148148148148149,0.05185185185185185,0.029629629629629638,0.3333333333333333,0.19047619047619047,0.14285714285714285,132,131,135
317,روس - آوستريا حکددينك هر ايكى طرفند واقغ واوقراياليلر ايله مسون اراضی اوزرنده قطعی میدان محاربەلری اجرا اولنان بر جدالكاه حالته کبلدی.,روس - آوستريا حکددينك هر ايكى طرفنده واقع واوقرايناليلر ايله مسون اراضی اوزرنده قطعی میدان محاربەلری اجرا اولنان بر جدالكاه حالته کبلدی.,روس - آوستريا حدودينك هرايكى طرفنده واقع واوقرايناليلر ايله مسكون اراضی اوزرنده قطعی میدان محاربەلری اجرا اولنان بر جدالكاه حالته کلدی.,0.05925925925925926,0.037037037037037035,0.022222222222222227,0.38095238095238093,0.23809523809523808,0.14285714285714285,134,136,135
318,روس - آوستريا حدو دينك هىيک طرفندة واقع واوقصرىيناليلز ايله مشكون ىراضی اوزرنده قطعی میدىن متهارەلری احرا اولنان بر جدالكاه حالته کلدی.,روس - آوستريا حدودينك هايك طرفنده واقع واوقرايناليلر ايله مشكون اراضی اوزرنده قطعی میدان متهارەلری احرا اولنان بر جدالكاه حالته کلدی.,روس - آوستريا حدودينك هرايكى طرفنده واقع واوقرايناليلر ايله مسكون اراضی اوزرنده قطعی میدان محاربەلری اجرا اولنان بر جدالكاه حالته کلدی.,0.11851851851851852,0.05185185185185185,0.06666666666666668,0.47619047619047616,0.19047619047619047,0.2857142857142857,135,133,135
319,روس - آوشترياسحذودىن هرايكى طرفنذه واع وىوفرايناليل ز يله مسكون اراصی اوزرنده قطعی میدان محاربەلری اجرا ولرنان بر حدالاه حىلته کلدی.,روس - آوسترياس دودين هرايكى طرفنده واع واوقرايناليلر يله مسكون اراصی اوزرنده قطعی میدان محاربەلری اجرا ولرنان بر حدالاه حالته کلدی.,روس - آوستريا حدودينك هرايكى طرفنده واقع واوقرايناليلر ايله مسكون اراضی اوزرنده قطعی میدان محاربەلری اجرا اولنان بر جدالكاه حالته کلدی.,0.13333333333333333,0.07407407407407407,0.05925925925925926,0.5238095238095238,0.3333333333333333,0.19047619047619052,132,131,135
320,اعتبارذ اونان خطوط مفرو ض داخلخندە کی اراضی یه، قبل ا ليلد بشنجی عضرك مكلرينه طوغری صوزت قطعيه ودائمەده يرلشمشلردر.,اعتبارده اونان خطوط مفروض داخلخندەکی اراضی یه، قبل اليلد بشنجی عضرك مكلرينه طوغری صورت قطعيه ودائمەده يرلشمشلردر.,اعتبار اولنان خطوط مفروضه داخلندەکی اراضی یه، قبل الميلاد بشنجی عصرك موكلرينه طوغری صورت قطعيه ودائمەده يرلشمشلردر.,0.10434782608695652,0.0782608695652174,0.02608695652173912,0.6470588235294118,0.4117647058823529,0.23529411764705888,115,113,115
321,اعثثار اوليثا ن خطوط مفروضه داخلندەکی اراضی یه،قبل المي لاد بشنجی عصرك موكلريصنه طوغری صرت قطعيه ودائمەده يرلشمشلردز.,اعثار اولينان خطوط مفروضه داخلندەکی اراضی یه، قبل الميلاد بشنجی عصرك موكلرينه طوغری صرت قطعيه ودائمەده يرلشمشلردر.,اعتبار اولنان خطوط مفروضه داخلندەکی اراضی یه، قبل الميلاد بشنجی عصرك موكلرينه طوغری صورت قطعيه ودائمەده يرلشمشلردر.,0.08695652173913043,0.034782608695652174,0.05217391304347826,0.5294117647058824,0.17647058823529413,0.3529411764705882,117,114,115
322,اعتبار اولنان خطوط مفروضة داخلندەکی ارضی یه، قبل الميلاد بشنجی عصر موكلرينه وغزی صورت قطعکه ودائمەدة يزلشمشلدر.,اعتبار اولنان خطوط مفروضه داخلندەکی ارضی یه، قبل الميلاد بشنجی عصر موكلرينه وغزی صورت قطعکه ودائمەده يرلشمشلدر.,اعتبار اولنان خطوط مفروضه داخلندەکی اراضی یه، قبل الميلاد بشنجی عصرك موكلرينه طوغری صورت قطعيه ودائمەده يرلشمشلردر.,0.0782608695652174,0.05217391304347826,0.02608695652173914,0.4117647058823529,0.29411764705882354,0.11764705882352938,111,111,115
323,اعتبار اولنان خطوط مقروضه داخلندغەکی راضی یه، قبل المكلاد بشنخی صرک موكلرينه طوغری صورت قطعيه ودائمەده کرلشمشلردر.ش,اعتبار اولنان خطوط مقروضه داخلندەکی راضی یه، قبل المكلاد بشنخی صرك موكلرينه طوغری صورت قطعيه ودائمەده کرلشمشلردر.,اعتبار اولنان خطوط مفروضه داخلندەکی اراضی یه، قبل الميلاد بشنجی عصرك موكلرينه طوغری صورت قطعيه ودائمەده يرلشمشلردر.,0.0782608695652174,0.05217391304347826,0.02608695652173914,0.4117647058823529,0.35294117647058826,0.05882352941176466,115,113,115
324,اعت بار اولنان خطوط مفروضة ذاخلندەكی ارىضی یه، قتل الميلاد بشنجی عصرك موكلرينه طوغری صورت قطعيه ودىئمەده يرلشمقشلزدر.,اعت بار اولنان خطوط مفروضه ذاخلندەکی اراضی یه، قتل الميلاد بشنجی عصرك موكلرينه طوغری صورت قطعيه ودائمەده يرلشمقشلردر.,اعتبار اولنان خطوط مفروضه داخلندەکی اراضی یه، قبل الميلاد بشنجی عصرك موكلرينه طوغری صورت قطعيه ودائمەده يرلشمشلردر.,0.0782608695652174,0.034782608695652174,0.04347826086956522,0.47058823529411764,0.29411764705882354,0.1764705882352941,117,117,115
325,اعنبار اولنان خوط مفروضه داخلندەکیاراضی یه، قبل الميلاد بشنجی عصرك موكلرينه طوغری ص و ر قطعيه ود ائمەده يرلرشمشلردز.,اعنبار اولنان خوط مفروضه داخلندەکی اراضی یه، قبل الميلاد بشنجی عصرك موكلرينه طوغری صور قطعيه ودائمەده يرلرشمشلردر.,اعتبار اولنان خطوط مفروضه داخلندەکی اراضی یه، قبل الميلاد بشنجی عصرك موكلرينه طوغری صورت قطعيه ودائمەده يرلشمشلردر.,0.0782608695652174,0.034782608695652174,0.04347826086956522,0.5882352941176471,0.23529411764705882,0.35294117647058826,116,114,115
326,اعتيار ىولنان خطوط مفرضه داخلندەکی اراضیه،ق بل اميلاد بشنجی عصرك مكل رينه طوغری صورت فطعيه وائ مەده يرلشمشلردر.,اعتيار اولنان خطوط مفرضه داخلندەکی اراضیه، قبل اميلاد بشنجی عصرك مكلرينه طوغری صورت فطعيه وائمەده يرلشمشلردر.,اعتبار اولنان خطوط مفروضه داخلندەکی اراضی یه، قبل الميلاد بشنجی عصرك موكلرينه طوغری صورت قطعيه ودائمەده يرلشمشلردر.,0.11304347826086956,0.06956521739130435,0.043478260869565216,0.7058823529411765,0.47058823529411764,0.23529411764705888,111,109,115
327,اعتبىر اول نان خطوط فروضه داخل نديەکی اراضی یه،قربل لميلاد بشنجی عصرك موكلرين ه طتوغری صورت قطعكه ودائمەده ير لشمشلردر.,اعتبار اولنان خطوط فروضه داخلندەکی اراضی یه، قربل لميلاد بشنجی عصرك موكلرينه طتوغری صورت قطعيه ودائمەده بر لشمشلردر.,اعتبار اولنان خطوط مفروضه داخلندەکی اراضی یه، قبل الميلاد بشنجی عصرك موكلرينه طوغری صورت قطعيه ودائمەده يرلشمشلردر.,0.10434782608695652,0.05217391304347826,0.05217391304347826,0.8823529411764706,0.35294117647058826,0.5294117647058822,119,116,115
328,اعتبار اولنان خطوط مفروض ه داخلندەکی اراضی یه، قبل الميلاذ يششنجی عصرك موكلرين طوغری صورت قطعيه ودائمەده كرشمشلرد.,اعتبار اولنان خطوط مفروضه داخلندەکی اراضی یه، قبل الميلاد بشسنجی عصرك موكلرين طوغری صورت قطعيه ودائمەده كرشمشلردر.,اعتبار اولنان خطوط مفروضه داخلندەکی اراضی یه، قبل الميلاد بشنجی عصرك موكلرينه طوغری صورت قطعيه ودائمەده يرلشمشلردر.,0.06956521739130435,0.034782608695652174,0.034782608695652174,0.35294117647058826,0.17647058823529413,0.17647058823529413,114,114,115
329,ىعتبار اولنان خطوط مقروضه داخلندەکی اراضضی یه، قبل اذلميلاد بشنجی عصرك موكلريأنه طوغری صورت قطعيه ودامەده يرلشمشلردر.,اعتبار اولنان خطوط مقروضه داخلندەکی اراضی یه، قبل ادلميلاد بشنجی عصرك موكلرينه طوغری صورت قطعيه ودامەده برلشمشلردر.,اعتبار اولنان خطوط مفروضه داخلندەکی اراضی یه، قبل الميلاد بشنجی عصرك موكلرينه طوغری صورت قطعيه ودائمەده يرلشمشلردر.,0.05217391304347826,0.034782608695652174,0.017391304347826084,0.35294117647058826,0.23529411764705882,0.11764705882352944,117,115,115
330,اغتبار اولنان خوط مفروضه د اخلنسدەيی ارىضی یه، قبل الميلاد بشنجی عصرك موكلرينة ط وغر ی صو رت قطعيه ودائمەدده يرلشمشلرتدز.,اغتبار اولنان خوط مفروضه داخلنسدەيی اراضی یه، قبل الميلاد بشنجی عصرك موكلرينه طوغری صورت قطعيه ودائمەدده يرلشمشلرتدر.,اعتبار اولنان خطوط مفروضه داخلندەکی اراضی یه، قبل الميلاد بشنجی عصرك موكلرينه طوغری صورت قطعيه ودائمەده يرلشمشلردر.,0.11304347826086956,0.05217391304347826,0.06086956521739131,0.7647058823529411,0.29411764705882354,0.4705882352941176,121,117,115
331,اعيبار اولنان خطوط مفروضه داخل نذەکی اراضی یه، قبل الميلادخ بشنجی غصرك موكلرينه طوغی صورت قطعيه ودائمەدهيرلشمشلردر.,اعيبار اولنان خطوط مفروضه داخل ندەکی اراضی یه، قبل الميلاد بشنجی غصرك موكلرينه طوغی صورت قطعيه ودائمەده يرلشمشلردر.,اعتبار اولنان خطوط مفروضه داخلندەکی اراضی یه، قبل الميلاد بشنجی عصرك موكلرينه طوغری صورت قطعيه ودائمەده يرلشمشلردر.,0.06086956521739131,0.034782608695652174,0.026086956521739132,0.47058823529411764,0.29411764705882354,0.1764705882352941,115,115,115
332,اتبار اولنان خطوط مفروضه ذاخلندەکی ازاضی یه،قبل لميلاد بشنجی عصرك موكلرينه طوغ ری صو رت قطعيه وذائمەذه ىرلشمشلردر.,اتبار اولنان خطوط مفروضه داخلندەکی ازاضی یه، قبل لميلاد بشنجی عصرك موكلرينه طوغری صورت قطعيه وذائمەده ارلشمشلردر.,اعتبار اولنان خطوط مفروضه داخلندەکی اراضی یه، قبل الميلاد بشنجی عصرك موكلرينه طوغری صورت قطعيه ودائمەده يرلشمشلردر.,0.08695652173913043,0.043478260869565216,0.043478260869565216,0.7058823529411765,0.29411764705882354,0.411764705882353,114,113,115
333,اعتبار ىولنا خطوط مفروضةداخلندەک ی ارحاضی یه، قبل الميلىد بشنجی عصرك مويلرينه طوغری صورت قطعيه وائمەده يرلشمشلردر.,اعتبار اولنا خطوط مفروضه داخلندەکی ارحاضی یه، قبل الميلاد بشنجی عصرك مويلرينه طوغری صورت قطعيه وائمەده يرلشمشلردر.,اعتبار اولنان خطوط مفروضه داخلندەکی اراضی یه، قبل الميلاد بشنجی عصرك موكلرينه طوغری صورت قطعيه ودائمەده يرلشمشلردر.,0.0782608695652174,0.034782608695652174,0.04347826086956522,0.4117647058823529,0.23529411764705882,0.1764705882352941,114,114,115
334,اعتبار اولنان ظوط مفزوه ذاخلندەی اراضی یه، بل الميلاد بکشنجی عصرك موك لرينه طوعری صوزت قطعيه وداظ ئمەده کزلشمش لدر.,اعتبار اولنان ظوط مفروه داخلندەی اراضی یه، بل الميلاد بيشنجی عصرك موكلرينه طوعری صورت قطعيه ودائمەده کزلشمشلدر.,اعتبار اولنان خطوط مفروضه داخلندەکی اراضی یه، قبل الميلاد بشنجی عصرك موكلرينه طوغری صورت قطعيه ودائمەده يرلشمشلردر.,0.14782608695652175,0.08695652173913043,0.060869565217391314,0.7647058823529411,0.4117647058823529,0.3529411764705882,115,111,115
335,اعتبار اولنان خوط مروضه داخلندەکی اراضی یه، قبل الميلاد ب سنحی غصرك موكلرين طوغری صورشت قطعيه ودائمەده يرلشمشل ردر.,اعتبار اولنان خوط مروضه داخلندەکی اراضی یه، قبل الميلاد بسنحی غصرك موكلرين طوغری صورشت قطعيه ودائمەده يرلشمشلردر.,اعتبار اولنان خطوط مفروضه داخلندەکی اراضی یه، قبل الميلاد بشنجی عصرك موكلرينه طوغری صورت قطعيه ودائمەده يرلشمشلردر.,0.0782608695652174,0.06086956521739131,0.01739130434782609,0.5294117647058824,0.35294117647058826,0.1764705882352941,115,113,115
336,اعتبار اولنات خطوط مفروضه داخلندەکی اراضی یه، فبل ايميلاد يشنجی عصرك موكلرينة وغری صورتقطعيه ودىئمەده يرلشمشلردر,اعتبار اولنات خطوط مفروضه داخلندەکی اراضی یه، فبل ايميلاد يسنجی عصرك موكلرينه وغری صورتقطعيه ودائمەده يرلشمشلردر.,اعتبار اولنان خطوط مفروضه داخلندەکی اراضی یه، قبل الميلاد بشنجی عصرك موكلرينه طوغری صورت قطعيه ودائمەده يرلشمشلردر.,0.0782608695652174,0.06086956521739131,0.01739130434782609,0.5882352941176471,0.4117647058823529,0.17647058823529416,112,113,115
337,اعتار اولثان جطوط مفروضه داخلكندەکیاراض یه ، قل الميلاد بشنجیعصرك موكل رينه طغری صورت فطعيه ودائمەده يرلشمشردر.,اعتار اولثان جوط مفروضه داخلكندەکی اراضیه، قل الميلاد بشنجی عصرك موكلرينه طغری صورت فطعيه ودائمەده يرلشمشردر.,اعتبار اولنان خطوط مفروضه داخلندەکی اراضی یه، قبل الميلاد بشنجی عصرك موكلرينه طوغری صورت قطعيه ودائمەده يرلشمشلردر.,0.11304347826086956,0.09565217391304348,0.017391304347826084,0.7647058823529411,0.5882352941176471,0.17647058823529405,111,109,115
338,اعتبكاز النان خطوط مقخروضه داخلندەکی اراضی یه، قبل الميلاد بشنجی غصرك موكلرينه طوری صورت قطعية وذائمەده رلشمشلردر.,اعتبياز النان خطوط مقخروضه داخلندەکی اراضی یه، قبل الميلاد بشنجی غصرك موكلرينه طوری صورت قطعيه وذائمەده رلشمشلردر.,اعتبار اولنان خطوط مفروضه داخلندەکی اراضی یه، قبل الميلاد بشنجی عصرك موكلرينه طوغری صورت قطعيه ودائمەده يرلشمشلردر.,0.08695652173913043,0.0782608695652174,0.008695652173913035,0.47058823529411764,0.4117647058823529,0.05882352941176472,114,114,115
339,اعتبار اولنان حطوط مفرو ضه دخلندەکی اراضی یه، قبل الميلاذ بشنجی عصرک موكلرينه طوغری صورت قط عىه ودائمەده يرلشمسلردر.,اعتبار اولنان حطوط مفروضه دخلندەکی اراضی یه، قبل الميلاد بشنجی عصرك موكلرينه طوغری صورت قطعاه ودائمەده يرلشمسلردر.,اعتبار اولنان خطوط مفروضه داخلندەکی اراضی یه، قبل الميلاد بشنجی عصرك موكلرينه طوغری صورت قطعيه ودائمەده يرلشمشلردر.,0.06956521739130435,0.034782608695652174,0.034782608695652174,0.5294117647058824,0.23529411764705882,0.29411764705882354,116,114,115
340,بونلر پي سيع بر ضر تده ترفی اىتمكده ويك تويوک معاملدات تجريه اجرا ایلمکدەدرلر. اوقاييا معت جادملرندن معلم (م .,بونلر پيسيع بر ضرتده ترفی ايتمكده ويك تويوك معاملدات تجريه اجرا ایلمکدەدرلر. اوقراينا معت جادملرندن معلم (م.,بونلر پك سريع بر صورتده ترقی ايتمكده ويك بويوك معاملات تجاريه اجرا ایلمکدەدرلر. اوقراينا جماعت خادملرندن معلم (م .,0.14035087719298245,0.11403508771929824,0.02631578947368421,0.631578947368421,0.5789473684210527,0.05263157894736836,110,108,114
341,بونلر پك سريع ب صورتده ترقی ىيتميده ويك بويوك مغالات تجاريه اجرا ایلمکدەدرلر. اوقراکنا جمعث خادملرندنمعلم (م .,بونلر پك سريع بصورتده ترقی ايتميده ويك بويوك معالات تجاريه اجرا ایلمکدەدرلر. اوقراينا جمعث خادملرندن معلم (م.,بونلر پك سريع بر صورتده ترقی ايتمكده ويك بويوك معاملات تجاريه اجرا ایلمکدەدرلر. اوقراينا جماعت خادملرندن معلم (م .,0.07894736842105263,0.06140350877192982,0.017543859649122806,0.3684210526315789,0.3684210526315789,0.0,110,109,114
342,بونلر پك سريع بر صورتدة ترقی اكتمكدة وأيك بويوك معاملات تجاريه اجرا ایلمكذەدرلر. وقراينا جماعت خادملرندن معلم (م .,بونلر پك سريع بر صورتده ترقی اكتمكده وأيك بويوك معاملات تجاريه اجرا ایلمکدەدرلر. وقراينا جماعت خادملرندن معلم (م.,بونلر پك سريع بر صورتده ترقی ايتمكده ويك بويوك معاملات تجاريه اجرا ایلمکدەدرلر. اوقراينا جماعت خادملرندن معلم (م .,0.06140350877192982,0.03508771929824561,0.02631578947368421,0.2631578947368421,0.2631578947368421,0.0,114,113,114
343,بونلر پك سريع بز صورتدة نزقی اکتمكدة ويك بويك معراملات تجاريه اجزاایلمکدەدرلر. اوققراينا جماعت خادملرندن معلم (م .,بونلر پك سريع بر صورتده نزقی ايتمكده ويك بويك معراملات تجاريه اجرا ایلمکدەدرلر. اوقراينا جماعت خادملرندن معلم (م.,بونلر پك سريع بر صورتده ترقی ايتمكده ويك بويوك معاملات تجاريه اجرا ایلمکدەدرلر. اوقراينا جماعت خادملرندن معلم (م .,0.09649122807017543,0.043859649122807015,0.05263157894736842,0.47368421052631576,0.2631578947368421,0.21052631578947367,114,113,114
344,بونلر پك سرعطبر صورتدة ترقی يتمكده ويك بويوك معاملىت تحازيه اجرا ایمکد ەدلر. اوقراينا جماعت خادملر ندن معلم (م .,بونلر پك سرعط بر صورتده ترقی يتمكده ويك بويوك معاملات تحاريه اجرا ایمکدەدلر. اوقراينا جماعت خادملرندن معلم (م.,بونلر پك سريع بر صورتده ترقی ايتمكده ويك بويوك معاملات تجاريه اجرا ایلمکدەدرلر. اوقراينا جماعت خادملرندن معلم (م .,0.09649122807017543,0.06140350877192982,0.03508771929824561,0.5263157894736842,0.3157894736842105,0.21052631578947367,112,110,114
345,بونلرپك شريع بر صورنده ترقی اکتمكده ويك بويوك معملات تجاري ه اجرا ایلمکدەدرلر. اوقرا ينا جماعت خادملرندن معلم (م .,بونلرپك شريع بر صورنده ترقی ايتمكده ويك بويوك معملات تجاريه اجرا ایلمکدەدرلر. اوقراينا جماعت خادملرندن معلم (م.,بونلر پك سريع بر صورتده ترقی ايتمكده ويك بويوك معاملات تجاريه اجرا ایلمکدەدرلر. اوقراينا جماعت خادملرندن معلم (م .,0.06140350877192982,0.043859649122807015,0.017543859649122806,0.5263157894736842,0.3684210526315789,0.15789473684210525,114,111,114
346,بونلز پك سيع بر صورتده ترقی ايتمكدهويك بويوك معاملاتتجاريه اجرا ایلمذەدرلر. اوقراينى جماعت خادملرندن معلم (م .,بونلر پك سيع بر صورتده ترقی ايتمكده ويك بويوك معاملات تجاريه اجرا ایلمدەدرلر. اوقراينا جماعت خادملرندن معلم (م.,بونلر پك سريع بر صورتده ترقی ايتمكده ويك بويوك معاملات تجاريه اجرا ایلمکدەدرلر. اوقراينا جماعت خادملرندن معلم (م .,0.06140350877192982,0.02631578947368421,0.03508771929824561,0.42105263157894735,0.21052631578947367,0.21052631578947367,110,111,114
347,ونر پك سر يع بقر صورآتدهترقی ايتمكده ويك بويوك معتاملات تجارية ىجرا ایلمكدەدرلر. اوقرايناح جمىعت خادملرندن معلم (م .,ونرپك سريع بقر صورآتده ترقی ايتمكده ويك بويوك معتاملات تجاريه اجرا ایلمکدەدرلر. اوقراينا جماعت خادملرندن معلم (م.,بونلر پك سريع بر صورتده ترقی ايتمكده ويك بويوك معاملات تجاريه اجرا ایلمکدەدرلر. اوقراينا جماعت خادملرندن معلم (م .,0.10526315789473684,0.06140350877192982,0.043859649122807015,0.5789473684210527,0.3684210526315789,0.21052631578947373,116,113,114
348,بونلر پك سريعير صورتده ترقی اکتمكده ويك بويوي معاملات تجاريه اجرا ایلمدەدرلر. اوقراينا جماعت خادملرندن م علم م .,بونلر پك سريعير صورتده ترقی ايتمكده ويك بويون معاملات تجاريه اجرا ایلمدەدرلر. اوقراينا جماعت خادملرندن معلمم.,بونلر پك سريع بر صورتده ترقی ايتمكده ويك بويوك معاملات تجاريه اجرا ایلمکدەدرلر. اوقراينا جماعت خادملرندن معلم (م .,0.06140350877192982,0.06140350877192982,0.0,0.42105263157894735,0.3684210526315789,0.05263157894736842,112,109,114
349,بونلر پك سرزيع برصورتده تزقی ايتمكده ويك بويوك معاملىت تج ىريه اجرا ایلمکدەدرلر. اوقراينا جماعت خادملرندن معلم ( .,بونلر پك سرزيع برصورتده ترقی ايتمكده ويك بويوك معاملات تجاريه اجرا ایلمکدەدرلر. اوقراينا جماعت خادملرندن معلم ( .,بونلر پك سريع بر صورتده ترقی ايتمكده ويك بويوك معاملات تجاريه اجرا ایلمکدەدرلر. اوقراينا جماعت خادملرندن معلم (م .,0.06140350877192982,0.02631578947368421,0.03508771929824561,0.42105263157894735,0.21052631578947367,0.21052631578947367,114,113,114
350,بونلرف پك ريغ بر صورتده ترقی ايتمكده ويك بويوك معملات تجاريه اجرا ایلمکدەدرلر. او قرانا جماعت خادملزندن معلم (م .,بونلرف پك ريغ بر صورتده ترقی ايتمكده ويك بويوك معملات تجاريه اجرا ایلمکدەدرلر. او قرانا جماعت خادملرندن معلم (م.,بونلر پك سريع بر صورتده ترقی ايتمكده ويك بويوك معاملات تجاريه اجرا ایلمکدەدرلر. اوقراينا جماعت خادملرندن معلم (م .,0.06140350877192982,0.06140350877192982,0.0,0.3157894736842105,0.3684210526315789,-0.05263157894736842,113,112,114
351,بونلر پك سريع بر صورتده ترقیايتمبكده ويك بويوك معاملات تجارية اجرا ایلمكدەدرلر. اورينا جماعت خادملرندن معلم (م .,بونلر پك سريع بر صورتده ترقی ايتمبكده ويك بويوك معاملات تجاريه اجرا ایلمکدەدرلر. اورينا جماعت خادملرندن معلم (م.,بونلر پك سريع بر صورتده ترقی ايتمكده ويك بويوك معاملات تجاريه اجرا ایلمکدەدرلر. اوقراينا جماعت خادملرندن معلم (م .,0.05263157894736842,0.03508771929824561,0.017543859649122806,0.2631578947368421,0.21052631578947367,0.05263157894736842,112,112,114
352,بونلرپک س ريغ بر صورتذه ترقی ايتمده و يك بويوك معاملات ت جاريه اجا ایلمکدەدرلر اوقرىينا جماعت حىدملرندن معلم (م .,بونلرپك سريغ بر صورتده ترقی ايتمده و يك بويوك معاملات تجاريه اجار ایلمکدەدرلر اوقراينا جماعت حادملرندن معلم (م.,بونلر پك سريع بر صورتده ترقی ايتمكده ويك بويوك معاملات تجاريه اجرا ایلمکدەدرلر. اوقراينا جماعت خادملرندن معلم (م .,0.11403508771929824,0.07894736842105263,0.03508771929824561,0.6842105263157895,0.5789473684210527,0.10526315789473684,113,111,114
353,بونلر پک سرىع بر صورنده ترقی ايتمكده ويك بووك ماملات بجارىه اج را ای لمکدەدرلر. اوقراينا جاعت خادملرندن معلم (م .,بونلر پك سراع بر صورنده ترقی ايتمكده ويك بووك ماملات بجاراه اجرا ایلمکدەدرلر. اوقراينا جاعت خادملرندن معلم (م.,بونلر پك سريع بر صورتده ترقی ايتمكده ويك بويوك معاملات تجاريه اجرا ایلمکدەدرلر. اوقراينا جماعت خادملرندن معلم (م .,0.08771929824561403,0.07017543859649122,0.017543859649122806,0.5789473684210527,0.42105263157894735,0.1578947368421053,113,110,114
354,بونشلر پك شريع بر صورتده ترقی ايتم كده ويك بويوك معاملات تجاريه اج را ایلمکدەدرلر.ىوقرينا جماعت خادملرندنعلم (م.,بونشلر پك شريع بر صورتده ترقی ايتمكده ويك بويوك معاملات تجاريه اجرا ایلمکدەدرلر. اوقراينا جماعت خادملرندن علم (م.,بونلر پك سريع بر صورتده ترقی ايتمكده ويك بويوك معاملات تجاريه اجرا ایلمکدەدرلر. اوقراينا جماعت خادملرندن معلم (م .,0.08771929824561403,0.03508771929824561,0.05263157894736842,0.5789473684210527,0.2631578947368421,0.31578947368421056,112,113,114
355,بونلر پك سرکع بر صورتدهترقی اظيتمكده وکك بويوك معاملات تجاريه اج را ایلمکدەطدرر. اوقراينا جمىعت خاملرندن معلم (م .,بونلر پك سرکع بر صورتده ترقی ايتمكده وكك بويوك معاملات تجاريه اجرا ایلمکدەدر. اوقراينا جماعت خاملرندن معلم (م.,بونلر پك سريع بر صورتده ترقی ايتمكده ويك بويوك معاملات تجاريه اجرا ایلمکدەدرلر. اوقراينا جماعت خادملرندن معلم (م .,0.07894736842105263,0.05263157894736842,0.02631578947368421,0.5263157894736842,0.3157894736842105,0.21052631578947367,114,110,114
356,بونلر پ سريع بر صورتده تربقی ايتمكدةس ويك بويوك معاملات يجاريه اجرا ا یلمكدەدرلر. اوقراكنا حماعت خادملرندن معل م (م,بونلر پسريع بر صورتده تربقی ايتمكده ويك بويوك معاملات يجاريه اجرا ایلمکدەدرلر. اوقراينا حماعت خادملرندن معلم (م),بونلر پك سريع بر صورتده ترقی ايتمكده ويك بويوك معاملات تجاريه اجرا ایلمکدەدرلر. اوقراينا جماعت خادملرندن معلم (م .,0.10526315789473684,0.06140350877192982,0.043859649122807015,0.5789473684210527,0.3684210526315789,0.21052631578947373,115,112,114
357,بوتلر پك سريع بر صوريه ترقی اتمكدة وي بوىوك معاملات خاريه اجرا ایلمکدەدرلر. اوقراينا جماعت خادملرندن معلم (م .,بوتلر پك سريع بر صوريه ترقی اتمكده ويتواوك معاملات خاريه اجرا ایلمکدەدرلر. اوقراينا جماعت خادملرندن معلم (م.,بونلر پك سريع بر صورتده ترقی ايتمكده ويك بويوك معاملات تجاريه اجرا ایلمکدەدرلر. اوقراينا جماعت خادملرندن معلم (م .,0.07894736842105263,0.09649122807017543,-0.017543859649122806,0.3157894736842105,0.42105263157894735,-0.10526315789473684,110,108,114
358,بو نلر پك سريع بر صورتده ترقی اي تکمكده ويک بيوك معاملات تجارىهع اجريا ایلم کدەذرلر. اوقراينا جماعت ادملرندن معلم (م .,بونلر پك سريع بر صورتده ترقی ايتيمكده ويك بيوك معاملات تجاراع اجريا ایلمکدەدرلر. اوقراينا جماعت ادملرندن معلم (م.,بونلر پك سريع بر صورتده ترقی ايتمكده ويك بويوك معاملات تجاريه اجرا ایلمکدەدرلر. اوقراينا جماعت خادملرندن معلم (م .,0.09649122807017543,0.06140350877192982,0.03508771929824561,0.5789473684210527,0.3684210526315789,0.21052631578947373,118,113,114
359,بنلر پك سريغ بر صورتدة ترقی ى يتمركده وىك بويوك معاملت تجاريه اجرا ایلمکدەدرلر. ىوقارىينا جماعت خادملرندن معلم (م .,بنلر پك سريغ بر صورتده ترقی ايتمركده واك بويوك معاملت تجاريه اجرا ایلمکدەدرلر. اوقراينا جماعت خادملرندن معلم (م.,بونلر پك سريع بر صورتده ترقی ايتمكده ويك بويوك معاملات تجاريه اجرا ایلمکدەدرلر. اوقراينا جماعت خادملرندن معلم (م .,0.09649122807017543,0.05263157894736842,0.043859649122807015,0.42105263157894735,0.3684210526315789,0.05263157894736842,115,112,114
360,آوسيریاخانان ایمپراطوریسی (هاثشبورغ)لره قىرشو حرب آچدیغندن اوقزایندەکی نفوذندن واز کچمه مبور اولدی.,آوسيریاخانان ایمپراطوریسی (هاتشبورغ)لره قارشو حرب آچدیغندن اوقرایندەکی نفوذندن واز کچمه مبور اولدی.,آوستریاخاندان ایمپراطوریسی (هابسبورغ)لره قارشو حرب آچدیغندن اوقراینادەکی نفوذندن واز کچمکه مجبور اولدی.,0.08737864077669903,0.06796116504854369,0.019417475728155345,0.5,0.4166666666666667,0.08333333333333331,99,99,103
361,آوستریاخاندان ایمپراطوریسی (هابسبورطغ)لره قارشو حرب آچدیغندن اوراینادەکینفوذندن واز کچمکه مجبوزر الدی.,آوستریاخاندان ایمپراطوریسی (هابسبورغ)لره قارشو حرب آچدیغندن اوراینادەکی نفوذندن واز کچمکه مجبورالدی.,آوستریاخاندان ایمپراطوریسی (هابسبورغ)لره قارشو حرب آچدیغندن اوقراینادەکی نفوذندن واز کچمکه مجبور اولدی.,0.04854368932038835,0.02912621359223301,0.019417475728155338,0.4166666666666667,0.25,0.16666666666666669,102,100,103
362,آوستریاخاندان ایمپراطوریسی (هابسبورغ)لره قارشو حزب اچدیغنثدن اوقرای نادەكی نقوذدن واز کچمکه مجبور الدی.,آوستریاخاندان ایمپراطوریسی (هابسبورغ)لره قارشو حزب اچدیغنندن اوقراینادەکی نقودن واز کچمکه مجبور الدی.,آوستریاخاندان ایمپراطوریسی (هابسبورغ)لره قارشو حرب آچدیغندن اوقراینادەکی نفوذندن واز کچمکه مجبور اولدی.,0.07766990291262135,0.06796116504854369,0.009708737864077666,0.5,0.3333333333333333,0.16666666666666669,103,101,103
363,آوستثریاخاندان ایمپراطوریشی (هابسبورغ)لره قا رشو هرب آإچدیغنن اوقراینادەکی نفوذنن واز کچمکه مجبور اولادی.,آوستری اخاندان ایمپراطوریسی (هابسبورغ)لره قارشو هرب آچدیغنن اوقراینادەکی نفوذنن واز کچمکه مجبور اولادی.,آوستریاخاندان ایمپراطوریسی (هابسبورغ)لره قارشو حرب آچدیغندن اوقراینادەکی نفوذندن واز کچمکه مجبور اولدی.,0.07766990291262135,0.04854368932038835,0.029126213592233004,0.6666666666666666,0.5,0.16666666666666663,105,103,103
364,آوستریاخ ا ندىن ایمپراطوریسی (هاسبورغ)لره قارشو حرب اچدیغندن اوقراینادەکی تفودنبدن واز کچمکه مجبور اولدی.,آوستریا اندان ایمپراطوریسی (هاسبورغ)لره قارشو حرب اچدیغندن اوقراینادەکی تفودن بدن واز کچمکه مجبور اولدی.,آوستریاخاندان ایمپراطوریسی (هابسبورغ)لره قارشو حرب آچدیغندن اوقراینادەکی نفوذندن واز کچمکه مجبور اولدی.,0.07766990291262135,0.06796116504854369,0.009708737864077666,0.5,0.5,0.0,105,104,103
365,آستریىخاندان ایمپراطوریسی (ةابسبورغ)لره قارشو حرب آچیغندن اوقراینادەکی نقوذندن واز کچمکه مجبور اولدی.,آستریاخاندان ایمپراطوریسی (هابسبورغ)لره قارشو حرب آچیغندن اوقراینادەکی نقودندن واز کچمکه مجبور اولدی.,آوستریاخاندان ایمپراطوریسی (هابسبورغ)لره قارشو حرب آچدیغندن اوقراینادەکی نفوذندن واز کچمکه مجبور اولدی.,0.04854368932038835,0.038834951456310676,0.009708737864077673,0.3333333333333333,0.25,0.08333333333333331,101,101,103
366,اوستریخاندى ن ایمپراطوریسی (ةابسبورةغذ)لره قارشو حر آچدیغنذن اوقرىینادەکی نفوذندن واز کچمکه مجبور ولدی.,اوستریخاندى ایمپراطوریسی (هابسبورهد)لره قارشو حر آچدیغندن اوقراینادەکی نفوذندن واز کچمکه مجبور ولدی.,آوستریاخاندان ایمپراطوریسی (هابسبورغ)لره قارشو حرب آچدیغندن اوقراینادەکی نفوذندن واز کچمکه مجبور اولدی.,0.10679611650485436,0.07766990291262135,0.02912621359223301,0.5833333333333334,0.3333333333333333,0.25000000000000006,103,100,103
367,آوستریاجانذي ایپراطویسی (هابشبورغ)لرة قارشو حر ب آچدیغندن وقراینادەکی نفوذندن واز کچهمکه مجبور اولدی.,آوستریاجاندى ایپراطویسی (هابشبورغ)لره قارشو حرب آچدیغندن وقراینادەکی نفوذندن واز کچه مکه مجبور اولدی.,آوستریاخاندان ایمپراطوریسی (هابسبورغ)لره قارشو حرب آچدیغندن اوقراینادەکی نفوذندن واز کچمکه مجبور اولدی.,0.10679611650485436,0.08737864077669903,0.01941747572815533,0.5833333333333334,0.5,0.08333333333333337,101,101,103
368,اوستریاخىندان ایمپراطوریسی (هابسبورغ)لرة قارشو حرب آچدیغندن اوقرای نادەكینفوذندن و از كچمکه منجثوز اولدی.,اوستریاخاندان ایمپراطوریسی (هابسبورغ)لره قارشو حرب آچدیغندن اوقراینادەکی نفوذندن و از کچمکه منجور اولدی.,آوستریاخاندان ایمپراطوریسی (هابسبورغ)لره قارشو حرب آچدیغندن اوقراینادەکی نفوذندن واز کچمکه مجبور اولدی.,0.10679611650485436,0.038834951456310676,0.06796116504854369,0.6666666666666666,0.3333333333333333,0.3333333333333333,105,104,103
369,آوسترإیاخاندانامپراطوریشی (هابسبورغ)لره فارشو هرب آچذیغنن ا ورایناذە ک ی نفوذندن واز کچمکة مجبور اودی.,آوستری اخاندان امپراطوریسی (هابسبورغ)لره فارشو هرب آچدیغنن اوراینادەکی نفوذندن واز کچمکه مجبور اودی.,آوستریاخاندان ایمپراطوریسی (هابسبورغ)لره قارشو حرب آچدیغندن اوقراینادەکی نفوذندن واز کچمکه مجبور اولدی.,0.14563106796116504,0.06796116504854369,0.07766990291262135,0.9166666666666666,0.6666666666666666,0.25,102,100,103
370,آوستریاخاندان ایمإپراطویسی (هاشبورغ)لرة قرشوى حرب آچدیغندن اوقرای نىدەکی نفوذندن واز کةچمکه مجبور اولدی.,آوستریاخاندان ایمپراطویسی (هاشبورغ)لره قرشوى حرب آچدیغندن اوقراینادەکی نفوذندن واز کهچمکه مجبور اولدی.,آوستریاخاندان ایمپراطوریسی (هابسبورغ)لره قارشو حرب آچدیغندن اوقراینادەکی نفوذندن واز کچمکه مجبور اولدی.,0.0970873786407767,0.05825242718446602,0.038834951456310676,0.5,0.3333333333333333,0.16666666666666669,104,102,103
371,آوستریاخاندان ایمپراطوریزسی (هابستورغ)لره قارشو حرب آچدغندن اوقرىینادەکیس نفوذندنخ واکچمك مجور اولدی.,آوستریاخاندان ایمپراطوریزسی (هابستورغ)لره قارشو حرب آچدندن اوقراینادەکی نفوذندن واکچمك مجور اولدی.,آوستریاخاندان ایمپراطوریسی (هابسبورغ)لره قارشو حرب آچدیغندن اوقراینادەکی نفوذندن واز کچمکه مجبور اولدی.,0.10679611650485436,0.08737864077669903,0.01941747572815533,0.6666666666666666,0.5,0.16666666666666663,101,98,103
372,آوتریاخاندان ىیمپراطویسی(هانسبورغ)لرهقارشو حرب آچدیغندن اوق رای ناذنەکزی نففوذندن واز کمکيه مجبور اولدی.,آوتریاخاندان ایمپراطویسی(هانسبورغ)لره قارشو حرب آچدیغندن اوقراینادنەکزی نفقوذندن واز کمکيه مجبور اولدی.,آوستریاخاندان ایمپراطوریسی (هابسبورغ)لره قارشو حرب آچدیغندن اوقراینادەکی نفوذندن واز کچمکه مجبور اولدی.,0.13592233009708737,0.08737864077669903,0.04854368932038834,0.75,0.5,0.25,104,103,103
373,آوشتریاخانداب ایمپراطوریسی (هابسبوزغلره قارشو حرب آعچدیغندن اورقراینادەکی نفوذندن واز کچمکه مجبور اولی.,آوستری اخانداب ایمپراطوریسی (هابسبورغلره قارشو حرب آعچدیغندن اورقراینادەکی نفوذندن واز کچمکه مجبور اولی.,آوستریاخاندان ایمپراطوریسی (هابسبورغ)لره قارشو حرب آچدیغندن اوقراینادەکی نفوذندن واز کچمکه مجبور اولدی.,0.06796116504854369,0.05825242718446602,0.009708737864077666,0.4166666666666667,0.5,-0.08333333333333331,103,104,103
374,آوسترياخاندان ایمپزاطىریسی (ةابسبورغ)لره قارس هرب آچدیغثدن اوقرىیبادەکی نفوذندن واز کچمکه مجبور اولذی.,آوسترياخاندان ایمپراریسی (هابسبورغ)لره قارس هرب آچدیغندن اوقراینادەکی نفوذندن واز کچمکه مجبور اولدی.,آوستریاخاندان ایمپراطوریسی (هابسبورغ)لره قارشو حرب آچدیغندن اوقراینادەکی نفوذندن واز کچمکه مجبور اولدی.,0.10679611650485436,0.05825242718446602,0.04854368932038834,0.6666666666666666,0.3333333333333333,0.3333333333333333,102,100,103
375,آوسثریاخانداث ایمپاطوریطسی (هابسبورغ)لره قارشو حتر آذیغنذن اوقراینا دەکی نفوذندن واز کچمکة مجبور اولد ی.,آوستری اخاندان ایمپاوریسی (هابسبورغ)لره قارشو حتر آدیغندن اوقراینا دەکی نفوذندن واز کچمکه مجبور اولدی.,آوستریاخاندان ایمپراطوریسی (هابسبورغ)لره قارشو حرب آچدیغندن اوقراینادەکی نفوذندن واز کچمکه مجبور اولدی.,0.11650485436893204,0.06796116504854369,0.048543689320388356,0.75,0.5833333333333334,0.16666666666666663,104,102,103
376,آوستریاخاندان ایمپراطوریسی (ى بسبورغ )لره ارشو حرب آچدیغن دن اوقراینادەی نفواذدن واز کچ مکه جبور ولدی.,آوستریاخاندان ایمپراطوریسی (ابسبورغ)لره ارشو حرب آچدیغندن اوقراینادەی نفوادن واز کچ مکه جبور ولدی.,آوستریاخاندان ایمپراطوریسی (هابسبورغ)لره قارشو حرب آچدیغندن اوقراینادەکی نفوذندن واز کچمکه مجبور اولدی.,0.10679611650485436,0.07766990291262135,0.02912621359223301,1.0,0.6666666666666666,0.33333333333333337,102,98,103
377,آوستریاخابذان ایمپراطوریسی (هابسبورغ)لره قارشو حرب آچ دیغنذن اوقزایناد ەکی نفوذندن واز کچميه مجبور ىولدی.,آوستری اخابدان ایمپراطوریسی (هابسبورغ)لره قارشو حرب آچ دیغندن اوقراینادەکی نفوذندن واز کچميه مجبور اولدی.,آوستریاخاندان ایمپراطوریسی (هابسبورغ)لره قارشو حرب آچدیغندن اوقراینادەکی نفوذندن واز کچمکه مجبور اولدی.,0.07766990291262135,0.038834951456310676,0.038834951456310676,0.5833333333333334,0.4166666666666667,0.16666666666666669,105,105,103
378,آوستریاخاندان ایمپراطورینسی(ابسبورغ)لره فارشو حرب آچدیغندن اوقراینادەکی نفوذندي واز کچمکه مجبور اولد ی.,آوستریاخاندان ایمپراطورینسی (ابسبورغ)لره فارشو حرب آچدیغندن اوقراینادەکی نفوذندي واز کچمکه مجبور اولدی.,آوستریاخاندان ایمپراطوریسی (هابسبورغ)لره قارشو حرب آچدیغندن اوقراینادەکی نفوذندن واز کچمکه مجبور اولدی.,0.05825242718446602,0.038834951456310676,0.019417475728155345,0.5,0.3333333333333333,0.16666666666666669,103,103,103
379,آوستریاخاندانق ایمپراطوریشی (هىبس بورغ)لره قارشو حرب آچدیغندن اوقراینادەک ی نفوذندن واز کچمکه مجبورأ اولدی.,آوستریا خاندانق ایمپراطوریسی (هابس بورغ)لره قارشو حرب آچدیغندن اوقراینادەکی نفوذندن واز کچمکه مجبور اولدی.,آوستریاخاندان ایمپراطوریسی (هابسبورغ)لره قارشو حرب آچدیغندن اوقراینادەکی نفوذندن واز کچمکه مجبور اولدی.,0.05825242718446602,0.02912621359223301,0.02912621359223301,0.5833333333333334,0.3333333333333333,0.25000000000000006,107,106,103
380,ذونزوف - آ. زوف هشـ ذوروإشەنقو - م . مەلەنەفسکی مركز 250بك اإطار,دونزوف - آروف هسـ دوروشەنقو - م. مەلەنەفسکی مركز 250بك اطار,دونزوف - آ. زوف هـ. دوروشەنقو - م. مەلەنەفسکی مركز 250بك لاإطار,0.1111111111111111,0.1111111111111111,0.0,0.5,0.3333333333333333,0.16666666666666669,64,59,63
381,دوثزوف - آ. زوف هـ. دوروشەنقو - م. مەلەن ەفسکی مركز 250بك لاإطىر,دوروف - آزوفهـ. دوروشەنقو - مرمەلەنەفسکی مركز 250بك لاإطار,دونزوف - آ. زوف هـ. دوروشەنقو - م. مەلەنەفسکی مركز 250بك لاإطار,0.047619047619047616,0.1111111111111111,-0.06349206349206349,0.3333333333333333,0.5,-0.16666666666666669,64,58,63
382,دونز وف - آ. زوف ـ. دروشەنقو - م. مەلەنەفسکی مركر 250نك لاإطار,دونزوف - آزوفـ. دروشەنقو - مرمەلەنەفسکی مركر 250نك لاإطار,دونزوف - آ. زوف هـ. دوروشەنقو - م. مەلەنەفسکی مركز 250بك لاإطار,0.07936507936507936,0.14285714285714285,-0.06349206349206349,0.5,0.6666666666666666,-0.16666666666666663,62,57,63
383,دونروف - آ. زو هـ. دوروشەنقو - م.ى مەلنەفسکی مركز 250بك لاإطار,دونروف - آزوهـ. دوروشەنقو - مامەلنەفسکی مركز 250بك لاإطار,دونزوف - آ. زوف هـ. دوروشەنقو - م. مەلەنەفسکی مركز 250بك لاإطار,0.06349206349206349,0.12698412698412698,-0.06349206349206349,0.3333333333333333,0.5,-0.16666666666666669,62,57,63
384,دنزوف - آ. زآوفهـ. دوروشەنقو - م. ملەنەفسکی مركر250بك لاإطار,دنروف - آزوفهـ. دوروشەنقو - مآملەنەفسکی مركر - مركر - ملەنەفسکی مركر - مركر - ملەنەفسکی مركر - مركر - ملەنەفسکی مركر - مركر - ملەنەفسکی مركر - مركر - ملەنەفسکی مركر - مركر - ملەنەفسکی مركر - مركر - ملەنەفسکی مركر - مركر - ملەنەفسکی مركر - مركر - ملەنەفسکی مركر - مركر - ملەنەفسکی مركر - مركر - ملەن,دونزوف - آ. زوف هـ. دوروشەنقو - م. مەلەنەفسکی مركز 250بك لاإطار,0.09523809523809523,4.031746031746032,-3.9365079365079363,0.5,4.916666666666667,-4.416666666666667,60,298,63
385,دونزوف آ. زوقهـ. دورشەنقو - م. مەلەنەسکی مركز 250بك لاإطار,دونزوف آزوقهـ. دورشەنقو - مرمەلەنەسکی مركز 250بك لاإطار,دونزوف - آ. زوف هـ. دوروشەنقو - م. مەلەنەفسکی مركز 250بك لاإطار,0.09523809523809523,0.15873015873015872,-0.06349206349206349,0.4166666666666667,0.5833333333333334,-0.16666666666666669,58,55,63
386,دونزوق - ا. زوف هـ. دوروسەنقو - م. مەلەثەفسکی مرفكز 250بك لاإطار,دونروق - ازوفهـ. دوروسەنقو - مامەلەتەفسکی مرفكز 250بك لاإطار,دونزوف - آ. زوف هـ. دوروشەنقو - م. مەلەنەفسکی مركز 250بك لاإطار,0.07936507936507936,0.1746031746031746,-0.09523809523809523,0.4166666666666667,0.6666666666666666,-0.24999999999999994,64,60,63
387,دونروف - ا زوف هـ. دوروشەنقو - م. مەلقە نەقسيی مرك 250بك لاإطار,دونروف - ازوفهـ. دوروشەنقو - مامەلقەنەقسيی مرك 250بك لاإطار,دونزوف - آ. زوف هـ. دوروشەنقو - م. مەلەنەفسکی مركز 250بك لاإطار,0.12698412698412698,0.1746031746031746,-0.047619047619047616,0.4166666666666667,0.5833333333333334,-0.16666666666666669,63,59,63
388,دورنروف - آ. زوف ةـي. دوروشەنقو - م مەلەنەفسکی مكز 250بك لاإطار,دورنروف - آروف هـي. دوروشەنقو - ممەلەنەفسکی مكز 250بك لاإطار,دونزوف - آ. زوف هـ. دوروشەنقو - م. مەلەنەفسکی مركز 250بك لاإطار,0.09523809523809523,0.14285714285714285,-0.047619047619047616,0.3333333333333333,0.5833333333333334,-0.25000000000000006,63,60,63
389,دونزوف - .زوف هـ. ذقوروشەنقو - م. مەلەنە فسکی مركزق 250بك لاإطار,دونروف - .زوفهـ. دقوروشەنقو - مرمەلەنەفسکی مركزق 250بك لاإطار,دونزوف - آ. زوف هـ. دوروشەنقو - م. مەلەنەفسکی مركز 250بك لاإطار,0.09523809523809523,0.12698412698412698,-0.031746031746031744,0.5,0.6666666666666666,-0.16666666666666663,64,61,63
390,دونوف - آ. زوف ةـ. ذوروشەنفو - م. مەلەنەسكیمركز 250بآك لاإطارز,دونوف - آروف هـ. دوروشەنفو - مشمەلەنەسكی مركز 250بك لاإطارز,دونزوف - آ. زوف هـ. دوروشەنقو - م. مەلەنەفسکی مركز 250بك لاإطار,0.14285714285714285,0.15873015873015872,-0.015873015873015872,0.5833333333333334,0.5833333333333334,0.0,62,59,63
391,دنزوف - آ. زوف هـ. دروشەنقو - م. مەلەنخ ەفسکی مزكز 250بك لاإطار,دنروف - آزوفهـ. دروشەنقو - مرمەلەنخەفسکی مزكز 250بك لاإطار,دونزوف - آ. زوف هـ. دوروشەنقو - م. مەلەنەفسکی مركز 250بك لاإطار,0.07936507936507936,0.15873015873015872,-0.07936507936507936,0.4166666666666667,0.6666666666666666,-0.24999999999999994,63,58,63
392,دونوف - آ. زوف ة ـ. دروشەنقو - . مەلەنەفسکیمزكز250بك لاإطار,دونوف - آزوفه ـ. دروشەنقو - . مەلەنەفسکی مزكز - آزوفه ـ. دروشەنقو - . مەلەنەفسکی مزكز - آزوفه ـ. دروشەنقو - . مەلەنەفسکی مزكز - آزوفه ـ. دروشەنقو - . مەلەنەفسکی مزكز - آزوفه ـ. دروشەنقو - . مەلەنەفسکی مزكز - آزوفه ـ. دروشەنقو - . مەلەنەفسکی مزكز - آزوفه ـ. دروشەنقو - . مەلەنەفسکی مزكز - آزوفه ـ. دروش,دونزوف - آ. زوف هـ. دوروشەنقو - م. مەلەنەفسکی مركز 250بك لاإطار,0.12698412698412698,3.9365079365079363,-3.8095238095238093,0.6666666666666666,4.833333333333333,-4.166666666666666,59,301,63
393,دونزوف - آ. زوف هـ. دورو سەنقو - م. مەلەنەفسکی زيز 250تک ل اإطار,دونروف - آزوفهـ. دوروسەنقو - مآمەلەنەفسکی زير 250تكل اطار,دونزوف - آ. زوف هـ. دوروشەنقو - م. مەلەنەفسکی مركز 250بك لاإطار,0.12698412698412698,0.23809523809523808,-0.1111111111111111,0.5,0.8333333333333334,-0.33333333333333337,64,57,63
394,دونزوف - آ. زوف هـ. دووشەنقو - م. ملەنەفسكی مركز 250بك لاطر,دونروف - آزوفهـ. دووشەنقو - مشملەنەفسكی مركز 250بك لاطر,دونزوف - آ. زوف هـ. دوروشەنقو - م. مەلەنەفسکی مركز 250بك لاإطار,0.07936507936507936,0.1746031746031746,-0.09523809523809523,0.25,0.6666666666666666,-0.41666666666666663,59,55,63
395,دونزف - آ. زوف ه. دوزوشەنقو - م. مەلەنەفسکی مرکز 2خ50نک لاإظار,دونزف - آزوفه. دوروشەنقو - مرمەلەنەفسکی مرکز - خوفه دوروشەنقو - مرمەلەنەفسکی مرکز - خوفه دوروشەنقو - مرمەلەنەفسکی مرکز - خوفه دوروشەنقو - مرمەلەنەفسکی مرکز - خوفه دوروشەنقو - مرمەلەنەفسکی مرکز - خوفه دوروشەنقو - مرمەلەنەفسکی مرکز - خوفه دوروشەنقو - مرمەلەنەفسکی مرکز - خوفه دوروشەنقو - مر,دونزوف - آ. زوف هـ. دوروشەنقو - م. مەلەنەفسکی مركز 250بك لاإطار,0.12698412698412698,3.8095238095238093,-3.6825396825396823,0.5,3.75,-3.25,62,288,63
396,دونزوف - آ.زخوف هـ. دورةوشەنقو - م. مە لەنەفسکی مركز 250بك لاطار,دونروف - آرخوف هـ. دوروشەنقو - مرمەلەنەفسکی مركز 250بك لاطار,دونزوف - آ. زوف هـ. دوروشەنقو - م. مەلەنەفسکی مركز 250بك لاإطار,0.07936507936507936,0.1111111111111111,-0.031746031746031744,0.5,0.5,0.0,64,60,63
397,دوزوف - آ. زوف هـ. دوروشەيقو - م. مەلەنەفسكی مركز 250ب لاإطا ر,دوروف - آزوفهـ. دوروشەيقو - مرمەلەنەفسكی مركز 250بلاإطار,دونزوف - آ. زوف هـ. دوروشەنقو - م. مەلەنەفسکی مركز 250بك لاإطار,0.07936507936507936,0.1746031746031746,-0.09523809523809523,0.5,0.75,-0.25,62,56,63
398,دونزوف - آ. زوف هـ. دوروشەنقو - م. مەلەنەفکی مزز 250بك لاإطار,دونروف - آزوفهـ. دوروشەنقو - مرمەلەنەفکی مزز 250بك لاإطار,دونزوف - آ. زوف هـ. دوروشەنقو - م. مەلەنەفسکی مركز 250بك لاإطار,0.047619047619047616,0.14285714285714285,-0.09523809523809523,0.16666666666666666,0.5833333333333334,-0.41666666666666674,61,57,63
399,دونزوف - آ. زوف هـ. دوروشەنقو - م. مەلەنەفسکی مزكز 250بك لاإطظار,دونروف - آزوفهـ. دوروشەنقو - مرمەلەنەفسکی مزكز 250بك لاإطار,دونزوف - آ. زوف هـ. دوروشەنقو - م. مەلەنەفسکی مركز 250بك لاإطار,0.031746031746031744,0.1111111111111111,-0.07936507936507936,0.16666666666666666,0.5833333333333334,-0.41666666666666674,64,59,63
400,معث ماقيه پولويانك عربى اوقراينا ىظوزهرندەک حاکمیتی چوق سورمدی.,معث ماقيه پولويانك عربى اوقراينا اظورهرندەکی حاکمیتی چوق سورمدی.,مع مافيه پولونيانك غربى اوقراينا اوزرندەکی حاکمیتی چوق سورمدی.,0.12903225806451613,0.11290322580645161,0.016129032258064516,0.5555555555555556,0.5555555555555556,0.0,63,64,62
401,مع مافيه پولونيانك غريى اوقراينا اوزرثدەکی هاکمیتی چوق سورمدی.,مع مافيه پولونيانك غريى اوقراينا اوزرندەکی حاکمیتی چوق سورمدی.,مع مافيه پولونيانك غربى اوقراينا اوزرندەکی حاکمیتی چوق سورمدی.,0.04838709677419355,0.016129032258064516,0.03225806451612903,0.3333333333333333,0.1111111111111111,0.2222222222222222,62,62,62
402,ع م افيه پولونيانك غربا اوقراينا اوزرندەيی حطاکمیتی چوق سورمدی.,عم افيه پولونيانك غربا اوقراينا اوزرندەيی حاکمیتی چوق سورمدی.,مع مافيه پولونيانك غربى اوقراينا اوزرندەکی حاکمیتی چوق سورمدی.,0.08064516129032258,0.08064516129032258,0.0,0.6666666666666666,0.4444444444444444,0.2222222222222222,63,61,62
403,مع مايه پولونيانك غربى اوقراينا اوزر ندەکی حاکمیتی چوق سو رمدی.,مع مايه پولونيانك غربى اوقراينا اوزرندەکی حاکمیتی چوق سورمدی.,مع مافيه پولونيانك غربى اوقراينا اوزرندەکی حاکمیتی چوق سورمدی.,0.04838709677419355,0.016129032258064516,0.03225806451612903,0.5555555555555556,0.1111111111111111,0.4444444444444445,63,61,62
404,مع مافيه پولونياإنك غربى اوقراينا اوززبدەكی حاکمیتی چوق سورمدی.,مع مافيه پولونيانك غربى اوقراينا اوزربدەکی حاکمیتی چوق سورمدی.,مع مافيه پولونيانك غربى اوقراينا اوزرندەکی حاکمیتی چوق سورمدی.,0.06451612903225806,0.016129032258064516,0.04838709677419355,0.2222222222222222,0.1111111111111111,0.1111111111111111,63,62,62
405,مغ مايه پولونيانك غربىاوقراينا اوززندەکی حاکمیتی چوق سورمدی.,مع مايه پولونيانك غربى اوقراينا اوزرندەکی حاکمیتی چوق سورمدی.,مع مافيه پولونيانك غربى اوقراينا اوزرندەکی حاکمیتی چوق سورمدی.,0.06451612903225806,0.016129032258064516,0.04838709677419355,0.5555555555555556,0.1111111111111111,0.4444444444444445,60,61,62
406,مع مافيه پولونيانك غربى اوقراينا اوزرندەکی حاکمیتی چوف سورمدی.,مع مافيه پولونيانك غربى اوقراينا اوزرندەکی حاکمیتی چوف سورمدی.,مع مافيه پولونيانك غربى اوقراينا اوزرندەکی حاکمیتی چوق سورمدی.,0.016129032258064516,0.016129032258064516,0.0,0.1111111111111111,0.1111111111111111,0.0,62,62,62
407,مع مافيه پولونيانك غزبى وقراينى اوزرندەی حااکمیتی چوف سورمدی.,مع مافيه پولونيانك غزبى وقراينا اوزرندەی حاکمیتی چوف سورمدی.,مع مافيه پولونيانك غربى اوقراينا اوزرندەکی حاکمیتی چوق سورمدی.,0.0967741935483871,0.06451612903225806,0.03225806451612903,0.5555555555555556,0.4444444444444444,0.11111111111111116,61,60,62
408,مع مىفيه پولنيانك غربى اوقراينا اوزرندەکی حاکمیتی چوق سورمدی.,مع مافيه پولنيانك غربى اوقراينا اوزرندەکی حاکمیتی چوق سورمدی.,مع مافيه پولونيانك غربى اوقراينا اوزرندەکی حاکمیتی چوق سورمدی.,0.03225806451612903,0.016129032258064516,0.016129032258064516,0.2222222222222222,0.1111111111111111,0.1111111111111111,61,61,62
409,مع مافكه پولونيا نك غربى اوقرخايا ازرندەکی حاکمیتی چوق سورمدی.ى,مع مافكه پولونيانك غربى اوقراينا ازرندەکی حاکمیتی چوق سورمدی.,مع مافيه پولونيانك غربى اوقراينا اوزرندەکی حاکمیتی چوق سورمدی.,0.0967741935483871,0.03225806451612903,0.06451612903225806,0.6666666666666666,0.2222222222222222,0.4444444444444444,63,61,62
410,مع مافيه پولونياك غربى اوفراينا اوزرندەکی حاکمیتی چوق سورمد.,مع مافيه پولونياك غربى اوقراينا اوزرندەکی حاکمیتی چوق سورمدر.,مع مافيه پولونيانك غربى اوقراينا اوزرندەکی حاکمیتی چوق سورمدی.,0.04838709677419355,0.03225806451612903,0.016129032258064516,0.3333333333333333,0.2222222222222222,0.1111111111111111,60,61,62
411,مع مافيهت پولونيانك غربى اوقزىينا اوررنآدەکی حاکمیت ی وق سورمذی.,مع مافيه پولونيانك غربى اوقراينا اوررندەکی حاکمیتی وقراسورمدی.,مع مافيه پولونيانك غربى اوقراينا اوزرندەکی حاکمیتی چوق سورمدی.,0.12903225806451613,0.06451612903225806,0.06451612903225806,0.7777777777777778,0.3333333333333333,0.4444444444444445,64,62,62
412,مغ مافيه پولونيانك ربى اوقراينا اوزرندەکی حاکمیی چوق سورمدی.,مع مافيه پولونيانك ربى اوقراينا اوزرندەکی حاکمیی چوق سورمدی.,مع مافيه پولونيانك غربى اوقراينا اوزرندەکی حاکمیتی چوق سورمدی.,0.04838709677419355,0.03225806451612903,0.016129032258064516,0.3333333333333333,0.2222222222222222,0.1111111111111111,60,60,62
413,مع مافيه پولونيانک غربى ا وقراينى اوزربدەکی حاکمیتی چوق سورم دی.,مع مافيه پولونيانك غربى اوقراينا اوزربدەکی حاکمیتی چوق سورمدی.,مع مافيه پولونيانك غربى اوقراينا اوزرندەکی حاکمیتی چوق سورمدی.,0.08064516129032258,0.016129032258064516,0.06451612903225806,0.6666666666666666,0.1111111111111111,0.5555555555555556,64,62,62
414,مع افي پلوييانك غرب اوقراينا اوزرندەکی حاکمیتی وق سورمإدی.,مع افي پلوييانك غرب اوقراينا اوزرندەکی حاکمیتی وقراسورمدی.,مع مافيه پولونيانك غربى اوقراينا اوزرندەکی حاکمیتی چوق سورمدی.,0.11290322580645161,0.12903225806451613,-0.016129032258064516,0.5555555555555556,0.5555555555555556,0.0,58,58,62
415,مع مافىه پولونيانك غربى اوقراينا اوزرنذاەکی حاکمیتی چ وق سورمدی.,مع مافيه پولونيانك غربى اوقراينا اوزرنداەکی حاکمیتی چوق سورمدی.,مع مافيه پولونيانك غربى اوقراينا اوزرندەکی حاکمیتی چوق سورمدی.,0.06451612903225806,0.016129032258064516,0.04838709677419355,0.4444444444444444,0.1111111111111111,0.3333333333333333,64,63,62
416,مع مافيه پولونيانك غبى اوقراينا اوزرندەکی حاکمیتی چوق سومدی.,مع مافيه پولونيانك غبى اوقراينا اوزرندەکی حاکمیتی چوق سومدی.,مع مافيه پولونيانك غربى اوقراينا اوزرندەکی حاکمیتی چوق سورمدی.,0.03225806451612903,0.03225806451612903,0.0,0.2222222222222222,0.2222222222222222,0.0,60,60,62
417,مع مافيه پولونيانك غربى اوقراينا اوزرندکی حاکمیتیچوق سورمدی.,مع مافيه پولونيانك غربى اوقراينا اوزرندی حاکمیتی چوق سورمدی.,مع مافيه پولونيانك غربى اوقراينا اوزرندەکی حاکمیتی چوق سورمدی.,0.03225806451612903,0.03225806451612903,0.0,0.3333333333333333,0.1111111111111111,0.2222222222222222,60,60,62
418,مع مافيه پولونيانك غ با اوقرانا وزرندەکی حاكمیتی چوق سورمدی.,مع مافيه پولونيانك غبا اوقراينا وزرندەکی حاکمیتی چوق سورمدی.,مع مافيه پولونيانك غربى اوقراينا اوزرندەکی حاکمیتی چوق سورمدی.,0.08064516129032258,0.04838709677419355,0.03225806451612903,0.5555555555555556,0.2222222222222222,0.33333333333333337,60,60,62
419,مع مايه پولونيانك غربى اوقراينا اوزرندەکی حاکمیتی چوق سورمدی.,مع مايه پولونيانك غربى اوقراينا اوزرندەکی حاکمیتی چوق سورمدی.,مع مافيه پولونيانك غربى اوقراينا اوزرندەکی حاکمیتی چوق سورمدی.,0.016129032258064516,0.016129032258064516,0.0,0.1111111111111111,0.1111111111111111,0.0,61,61,62
420,بوتش تت وتفرقه یونزنطدنادقراینا کیت يیده دها زیاده ورطۀ انقراض وانحطاطك کناریه طوغری یووازلنیوردی.,بوتشتت وتفرقه یونزندن ادقراینا کیت بیده دها زیاده ورطۀ انقراض وانحطاطك کناریه طوغری یووازلنیوردی.,بوتشتت وتفرقه یوزندن اوقراینا کیت کیده دها زیاده ورطۀ انقراض وانحطاطك کنارینه طوغری یووارلنیوردی.,0.08247422680412371,0.05154639175257732,0.030927835051546393,0.5,0.35714285714285715,0.14285714285714285,98,97,97
421,بوثشتت وتفرقة یوندن اوقراینا کیت كیده د ها زیاده ورطۀ انقراض وانحطاطعك کنارینه طوغری یووارلنیوردیى.,بوتشت وتفرقه یوندن اوقراینا کیت کیده دها زیاده ورطۀ انقراض وانحطاطعك کنارینه طوغری یووارلنیوردی.,بوتشتت وتفرقه یوزندن اوقراینا کیت کیده دها زیاده ورطۀ انقراض وانحطاطك کنارینه طوغری یووارلنیوردی.,0.07216494845360824,0.030927835051546393,0.04123711340206185,0.5714285714285714,0.21428571428571427,0.3571428571428571,99,96,97
422,بوتشتت وتفرقه یوزندن اوقرایناإ کیت کیدة دهازیىده ورطۀ ىنقزاض انهطاطك کنارینة طوغری یووارلنیوردی .,بوتشتت وتفرقه یوزندن اوقراینا کیت کیده دهاریاده ورطۀ انقزاض انهاطك کنارینه طوغری یووارلنیوردی.,بوتشتت وتفرقه یوزندن اوقراینا کیت کیده دها زیاده ورطۀ انقراض وانحطاطك کنارینه طوغری یووارلنیوردی.,0.10309278350515463,0.061855670103092786,0.04123711340206185,0.6428571428571429,0.2857142857142857,0.3571428571428572,97,94,97
423,بوتشتت وتفرقه یوزندباوقرىینا کیت کیده دهازیىده وغرط ۀ انقرىضوانحطاطكکنارینه طوغرییوواةر لنیوردی.,بوتشتت وتفرقه یوزندن اوقراینا کیت کیده دهاریاده وغرطۀ انقراوان حطاطكينارینه طوغری یوواهر لنیوردی.,بوتشتت وتفرقه یوزندن اوقراینا کیت کیده دها زیاده ورطۀ انقراض وانحطاطك کنارینه طوغری یووارلنیوردی.,0.13402061855670103,0.10309278350515463,0.030927835051546393,0.7142857142857143,0.5714285714285714,0.1428571428571429,96,97,97
424,بوثشت وتفزقه یوزندن اوقراینا کیهت يیده دها زیاده ورطۀ انقراض وىنحطاطك کنازینه طوغری یووارلنیوردی.,بوتشت وتفرقه یوزندن اوقراینا کیهت بیده دها زیاده ورطۀ انقراض وانحطاطك کنارینه طوغری یووارلنیوردی.,بوتشتت وتفرقه یوزندن اوقراینا کیت کیده دها زیاده ورطۀ انقراض وانحطاطك کنارینه طوغری یووارلنیوردی.,0.07216494845360824,0.030927835051546393,0.04123711340206185,0.42857142857142855,0.21428571428571427,0.21428571428571427,97,97,97
425,بوتشتت وتفرقه یوزندنك اوقشرىینا کیب کیده دةا زیاده ورظۀ انفزاض وانحطاطك کنارینه طوغری یووارلنیوردی.,بوتشتت وتفرقه یوزندنك اوقراینا کی کیده دها زیاده ورظۀ انفراض وانحطاطك کنارینه طوغری یووارلنیوردی.,بوتشتت وتفرقه یوزندن اوقراینا کیت کیده دها زیاده ورطۀ انقراض وانحطاطك کنارینه طوغری یووارلنیوردی.,0.08247422680412371,0.041237113402061855,0.041237113402061855,0.42857142857142855,0.2857142857142857,0.14285714285714285,99,97,97
426,بوتشنت وتفرقة یوقزندن اوقرا ینى کیت كیده ذها ریاده ورطۀ اصنقراض وانحطاطك ينارینه طوغری یووارلن یوردی.,بوتشنت وتفرقه یوقرندن اوقراینا کیت کیده دها ریاده ورطۀ اصنقراض وانحطاطك ينارینه طوغری یووارلن یوردی.,بوتشتت وتفرقه یوزندن اوقراینا کیت کیده دها زیاده ورطۀ انقراض وانحطاطك کنارینه طوغری یووارلنیوردی.,0.1134020618556701,0.07216494845360824,0.04123711340206186,0.8571428571428571,0.5,0.3571428571428571,101,100,97
427,بوتشتت وتفرقه یوزندن ا وراینا کیت کیده ها زیده ورطۀ انفراض وانحطاطك کنارین ه طوغری یووارلبیوردی .,بوتشتت وتفرقه یوزندن اوراینا کیت کیده حازیده ورطۀ انفراض وانحطاطك کنارینه طوغری یووارلتیوردی.,بوتشتت وتفرقه یوزندن اوقراینا کیت کیده دها زیاده ورطۀ انقراض وانحطاطك کنارینه طوغری یووارلنیوردی.,0.08247422680412371,0.07216494845360824,0.010309278350515469,0.6428571428571429,0.35714285714285715,0.28571428571428575,97,93,97
428,بوتشتت وتفرقه یوزندن ايورای يیث کیده دحهى زیاده ورطۀ انقراض وانحططك کن ازینه طوغری یووارلنیوری.,بوتشتت وتفرقه یوزندن ايورای تیت کیده دحى زیاده ورطۀ انقراض وانحطك کنازینه طوغری یووارلنیوری.,بوتشتت وتفرقه یوزندن اوقراینا کیت کیده دها زیاده ورطۀ انقراض وانحطاطك کنارینه طوغری یووارلنیوردی.,0.12371134020618557,0.1134020618556701,0.010309278350515469,0.5,0.42857142857142855,0.07142857142857145,95,92,97
429,بوتشتت وغتفرقه یوزندن اوقراینا کیت کیده دةا زیاده و ر طۀ انقىض وانحظاط کنارینه طوغرییووىرلنوردی.,بوتشتت وغتفرقه یوزندن اوقراینا کیت کیده دها زیاده و رطۀ انقاض وانحاط کنارینه طوغری یووارلنوردی.,بوتشتت وتفرقه یوزندن اوقراینا کیت کیده دها زیاده ورطۀ انقراض وانحطاطك کنارینه طوغری یووارلنیوردی.,0.1134020618556701,0.061855670103092786,0.05154639175257732,0.6428571428571429,0.42857142857142855,0.21428571428571436,96,95,97
430,وتشتت وترقه یوزبدن اوقراینا کیت کید ه دها زیاده ورطۀ انقراض وانحطاطكکناریثه طوغری یووارلنیورذی.,وتشتت وترقه یوزبدن اوقراینا کیت کیده دها زیاده ورطۀ انقراض وانحطاطكينارینه طوغری یووارلنیوردی.,بوتشتت وتفرقه یوزندن اوقراینا کیت کیده دها زیاده ورطۀ انقراض وانحطاطك کنارینه طوغری یووارلنیوردی.,0.07216494845360824,0.05154639175257732,0.020618556701030924,0.5714285714285714,0.35714285714285715,0.21428571428571425,95,94,97
431,توتشتت وتفزقة یوزىندن اوقرىیا کیت کیده دها زیادهورظۀ انقراض وانحطاطك کنازینه طوغری یوارلنیوردی.,توتشتت وتفرقه یوزاندن اوقراینا کیت کیده دها زیاده ورۀ انقراض وانحطاطك کنارینه طوغری یوارلنیوردی.,بوتشتت وتفرقه یوزندن اوقراینا کیت کیده دها زیاده ورطۀ انقراض وانحطاطك کنارینه طوغری یووارلنیوردی.,0.10309278350515463,0.041237113402061855,0.06185567010309278,0.5714285714285714,0.2857142857142857,0.2857142857142857,95,96,97
432,بوت شتت وتفرقة یوزندن اوقراینا کیت کیده دها زیاده ورطۀ اقراض وانحطساطك کنارینه ظوغری یووارلنیوردی.,بوتشتت وتفرقه یوزندن اوقراینا کیت کیده دها زیاده ورطۀ اقراض وانحساطك کنارینه ظوغری یووارلنیوردی.,بوتشتت وتفرقه یوزندن اوقراینا کیت کیده دها زیاده ورطۀ انقراض وانحطاطك کنارینه طوغری یووارلنیوردی.,0.05154639175257732,0.030927835051546393,0.020618556701030924,0.42857142857142855,0.21428571428571427,0.21428571428571427,98,96,97
433,بوتشتت وتفرقه یوزندن اوقزاینا یت کیده ذها زیاده ورطۀ ارتقراض و انهطاطخك کناریثه طوغری یووارلهنیوردی.,بوتشتت وتفرقه یوزندن اوقراینا یت کیده دها زیاده ورطۀ ارتقراض و انهاخك کنارینه طوغری یووارله نیوردی.,بوتشتت وتفرقه یوزندن اوقراینا کیت کیده دها زیاده ورطۀ انقراض وانحطاطك کنارینه طوغری یووارلنیوردی.,0.10309278350515463,0.09278350515463918,0.010309278350515455,0.5714285714285714,0.42857142857142855,0.14285714285714285,100,99,97
434,بوتستت وتفرقه یوزندن اوقراینا كکی کیدة دة ا زیادةوزطۀ انقراض واحطاطك کناریينه طوغری یووارلتیوردی.,بوتستت وتفرقه یوزندن اوقراینا ککی کیده ده ازیاده وزطۀ انقراض واحطاطك کنارینه طوغری یووارلتیوردی.,بوتشتت وتفرقه یوزندن اوقراینا کیت کیده دها زیاده ورطۀ انقراض وانحطاطك کنارینه طوغری یووارلنیوردی.,0.12371134020618557,0.08247422680412371,0.04123711340206186,0.6428571428571429,0.5,0.1428571428571429,97,96,97
435,بوتعشتت وتفرقه یوزندث اوفر ایناکیت کیده دها زیادة ورطۀ ىنقراض وا نحطاطك کنارینة طوغری یووارلنوردی.,بوتعشت وتفرقه یوزندن اوقرایناکیت کیده دها زیاده ورطۀ انقراض وانحطاطك کنارینه طوغری یووارلنوردی.,بوتشتت وتفرقه یوزندن اوقراینا کیت کیده دها زیاده ورطۀ انقراض وانحطاطك کنارینه طوغری یووارلنیوردی.,0.10309278350515463,0.041237113402061855,0.06185567010309278,0.7142857142857143,0.2857142857142857,0.4285714285714286,98,95,97
436,بوشزتت وترقه یوزندن اوفرانا کیت کیذه دها زیاده ورطۀ ا نفراض وانحطاطك کنارینة ظوغییووارلثیوردی.,بوشرتت وترقه یوزندن اوقرانا کیت کیده دها زیاده ورطۀ انفراض وانحطاطك کنارینه طوغیی ووارلتیوردی.,بوتشتت وتفرقه یوزندن اوقراینا کیت کیده دها زیاده ورطۀ انقراض وانحطاطك کنارینه طوغری یووارلنیوردی.,0.13402061855670103,0.08247422680412371,0.05154639175257732,0.6428571428571429,0.42857142857142855,0.21428571428571436,94,94,97
437,بوتشتت وتفرقة یوزندب اوقراینا کیت كیده دفها زیآاده ورطۀ انقراض وىثحطا طك کناریثه طوعری یووازلنیوردی.,بوتشتت وتفرقه یوزندن اوقراینا کیت کیده دفها زیاده ورطۀ انقراض واثطاطك کنارینه طوعری یووازلنیوردی.,بوتشتت وتفرقه یوزندن اوقراینا کیت کیده دها زیاده ورطۀ انقراض وانحطاطك کنارینه طوغری یووارلنیوردی.,0.1134020618556701,0.05154639175257732,0.061855670103092786,0.7142857142857143,0.2857142857142857,0.4285714285714286,100,97,97
438,بوتشتت وتفرقه یوزن دن اوقراینا كیت کیده دها زیاده ورطۀ انقراضواحطاطک کظنارینة ظوغری یوإ وارلیوردی.,بوتشتت وتفرقه یوزندن اوقراینا کیت کیده دها زیاده ورطۀ انقراض واحطاطك کنارینه طوغری یو وارلیوردی.,بوتشتت وتفرقه یوزندن اوقراینا کیت کیده دها زیاده ورطۀ انقراض وانحطاطك کنارینه طوغری یووارلنیوردی.,0.1134020618556701,0.030927835051546393,0.08247422680412371,0.5714285714285714,0.21428571428571427,0.3571428571428571,98,96,97
439,وتشيت وتفرق ة یوجزند اوقرینا کیت کیده دها زیابده ورطۀ انقراض واحطاطك ک نارینة طوغری یووارلبیوردی.,وتشيت وتفرقه یوجرنده اوقراینا کیت کیده دها زیابده ورطۀ انقراض واحطاطك كنارینه طوغری یووارلتیوردی.,بوتشتت وتفرقه یوزندن اوقراینا کیت کیده دها زیاده ورطۀ انقراض وانحطاطك کنارینه طوغری یووارلنیوردی.,0.12371134020618557,0.09278350515463918,0.030927835051546393,0.7142857142857143,0.42857142857142855,0.28571428571428575,97,97,97
440,مع مافظية بوهه تمانك وقوع وفاتی ا وزرینة قزافلر آزەسنه پولونيى حاكميتنهقارشویکدن قالر باش كوسترمش و بونلر ١٦٢٥ و١٦٣٠ سنەلرنده غایت شدتلی محارباته باذى اولمـدر.,مع مافيه بوهه تمانك وقوع وفاتی اوزرینه قزافلر آزەسنه پولونيا حاكميتنه قارشویکدن قالر باش كوسترمش و بونلر ١٦٢٥ و١٦٣٠ سنەلرنده غایت شدتلی محارباته بادى اولمـدر.,مع مافيه بوهه تمانك وقوع وفاتی اوزرینه قزاقلر آرەسنده پولونيا حاكميتنه قارشو یکدن قاملر باش كوسترمش و بونلر ١٦٢٥ و١٦٣٠ سنەلرنده غایت شدتلی محارباته بادى اولمشـدر.,0.08024691358024691,0.037037037037037035,0.043209876543209874,0.4230769230769231,0.23076923076923078,0.1923076923076923,159,158,162
441,مع مافيه بوهه تمانك وقوع وفاتی اوزرینه قزاقلر آزەسنده پولونکا حىكميتنة قار شو یکذت قاملر باس كوستزمشو بونلر ١٦٢٥ ١٦٣٠ سن ەلرده غایت شدتلی محارباته بادى اولمشـدر.,مع مافيه بوهه تمانك وقوع وفاتی اوزرینه قزاقلر آزەسنده پولونكا حاكميتنه قارشو یکدت قاملر باس كوسترمشو بونلر ١٦٢٥ ١٦٣٠ سنەلرده غایت شدتلی محارباته بادى اولمشـدر.,مع مافيه بوهه تمانك وقوع وفاتی اوزرینه قزاقلر آرەسنده پولونيا حاكميتنه قارشو یکدن قاملر باش كوسترمش و بونلر ١٦٢٥ و١٦٣٠ سنەلرنده غایت شدتلی محارباته بادى اولمشـدر.,0.08024691358024691,0.043209876543209874,0.037037037037037035,0.46153846153846156,0.3076923076923077,0.15384615384615385,161,159,162
442,مع ماقىة بوهه تمانك وقوع وفاتی اوزرینه قزاق لر آرەغسنده پولونيا حاكميتنه فارشو یکن فاملر باشكوسترمش و بونلر ١٦٢٥ و١٦٣٠ سنەلرنده عایت شذتلی محارباته بادى اولمشـذدر.,مع ماقاه بوهه تمانك وقوع وفاتی اوزرینه قزاقلر آرەسنده پولونيا حاكميتنه فارشو یکن فاملر باشكوسترمش و بونلر ١٦٢٥ و١٦٣٠ سنەلرنده عایت شدتلی محارباته بادى اولمشـدر.,مع مافيه بوهه تمانك وقوع وفاتی اوزرینه قزاقلر آرەسنده پولونيا حاكميتنه قارشو یکدن قاملر باش كوسترمش و بونلر ١٦٢٥ و١٦٣٠ سنەلرنده غایت شدتلی محارباته بادى اولمشـدر.,0.07407407407407407,0.043209876543209874,0.030864197530864196,0.46153846153846156,0.2692307692307692,0.19230769230769235,163,160,162
443,مغ مافية بوهة تمانك وقوع وقاتی اوزرینه قراقلر آزەشنده پولونىا حاكميننه قىرشو یکدن قاملر باش كوسترمش و بونلز ١٦٢٥ و١٦٣٠ سنەلرنده غت شديلی محاأرباته بادى اولمشـدر.,مع مافيه بوهه تمانك وقوع وقاتی اوزرینه قراقلر آزەسنده پولوناا حاكميننه قارشو یکدن قاملر باش كوسترمش و بونلر ١٦٢٥ و١٦٣٠ سنەلرنده غتشديلی محارباته بادى اولمشـدر.,مع مافيه بوهه تمانك وقوع وفاتی اوزرینه قزاقلر آرەسنده پولونيا حاكميتنه قارشو یکدن قاملر باش كوسترمش و بونلر ١٦٢٥ و١٦٣٠ سنەلرنده غایت شدتلی محارباته بادى اولمشـدر.,0.09259259259259259,0.05555555555555555,0.037037037037037035,0.5,0.2692307692307692,0.23076923076923078,161,159,162
444,مع مافيه بوهه تمانك و قوع وفاتی اوزرینه قز اقلرآرەستأده پولوضنيا حاكميتنه قارشو یکدن قاملر باش وسترمس و بونلر ١٦٢٥ و١٦٣٠ سنەلرنده غایت شدتلی محارباته بدى اولمشـدر.,مع مافيه بوهه تمانك و قوع وفاتی اوزرینه قزاقلر آرەستده پولونيا حاكميتنه قارشو یکدن قاملر باش وسترمس و بونلر ١٦٢٥ و١٦٣٠ سنەلرنده غایت شدتلی محارباته بدى اولمشـدر.,مع مافيه بوهه تمانك وقوع وفاتی اوزرینه قزاقلر آرەسنده پولونيا حاكميتنه قارشو یکدن قاملر باش كوسترمش و بونلر ١٦٢٥ و١٦٣٠ سنەلرنده غایت شدتلی محارباته بادى اولمشـدر.,0.05555555555555555,0.030864197530864196,0.024691358024691357,0.2692307692307692,0.19230769230769232,0.0769230769230769,163,161,162
445,مع ما فييه بوهه تمنكوو ع وفاتیاوزر ینه قزاقلر آرشنذة پولىونيا حاكميتتنه قازو یکدن قامصلرك باش كوسترمش و بونلر ١٦٢٥ و١٦٣٠ سنەلرنثده غایت شدتلی محارباته بادي اول مشـدر.,مع مافيه بوهه تمنك ووع وفاتی اوزرینه قزاقلر آرسنده پولاونيا حاكميتنه قارو یکدن قامصلرك باش كوسترمش و بونلر ١٦٢٥ و١٦٣٠ سنەلرننده غایت شدتلی محارباته بادي اولمشـدر.,مع مافيه بوهه تمانك وقوع وفاتی اوزرینه قزاقلر آرەسنده پولونيا حاكميتنه قارشو یکدن قاملر باش كوسترمش و بونلر ١٦٢٥ و١٦٣٠ سنەلرنده غایت شدتلی محارباته بادى اولمشـدر.,0.12962962962962962,0.05555555555555555,0.07407407407407407,0.5769230769230769,0.3076923076923077,0.26923076923076916,166,162,162
446,معد مافيه بهه تمانك وقوع وفاتی اوررینه قرافلر آرەسنده پولونيا حاكميتنه قارشو یکدن قاملر باش كوس ترمشغ وبونلر ١٢ش٥ و١٦٣٠ سنەلذرنذه غایت شدضتلی مهارباتهبدى اولمشـدر.,معد مافيه بهه تمانك وقوع وفاتی اوررینه قرافلر آرەسنده پولونيا حاكميتنه قارشو یکدن قاملر باش كوس ترمش وبونلر ١٢ش٥ و١٦٣٠ سنەلرنده غایت شدتلی محارباته بدى اولمشـدر.,مع مافيه بوهه تمانك وقوع وفاتی اوزرینه قزاقلر آرەسنده پولونيا حاكميتنه قارشو یکدن قاملر باش كوسترمش و بونلر ١٦٢٥ و١٦٣٠ سنەلرنده غایت شدتلی محارباته بادى اولمشـدر.,0.09876543209876543,0.06172839506172839,0.037037037037037035,0.46153846153846156,0.34615384615384615,0.11538461538461542,163,161,162
447,م مايه بوهه تمانك وقوغ وفاتی اوزرینه قزاقلر آرەسنده پولونيا حاكميتنهن قارشو یکدن قاملر بش كوسرمش و بونلر ١٦٢٥ و١٦٣٠ سنەلرنده غایت شدتلی محارباته بى دى اولمشدر.,ممايه بوهه تمانك وقوع وفاتی اوزرینه قزاقلر آرەسنده پولونيا حاكميتنه قارشو یکدن قاملر بش كوسرمش و بونلر ١٦٢٥ و١٦٣٠ سنەلرنده غایت شدتلی محارباته بادى اولمشدر.,مع مافيه بوهه تمانك وقوع وفاتی اوزرینه قزاقلر آرەسنده پولونيا حاكميتنه قارشو یکدن قاملر باش كوسترمش و بونلر ١٦٢٥ و١٦٣٠ سنەلرنده غایت شدتلی محارباته بادى اولمشـدر.,0.05555555555555555,0.037037037037037035,0.018518518518518517,0.34615384615384615,0.19230769230769232,0.15384615384615383,159,156,162
448,مع مافيه ب وهه تمانك وقوع وفاتی اوزز ینه قزاقلقز آرەسنده پولونياحايميتنه قارشو یكدن قاملر باش كوسترمش و بونلر ١٦٢٥ و١٦٣٠ سنەلرنده غایت شدتلی محاباته بادى اولمشـدر.,مع مافيه بوهه تمانك وقوع وفاتی اوزرینه قزاقلقر آرەسنده پولونيا حايميتنه قارشو یكدن قاملر باش كوسترمش و بونلر ١٦٢٥ و١٦٣٠ سنەلرنده غایت شدتلی محاباته بادى اولمشـدر.,مع مافيه بوهه تمانك وقوع وفاتی اوزرینه قزاقلر آرەسنده پولونيا حاكميتنه قارشو یکدن قاملر باش كوسترمش و بونلر ١٦٢٥ و١٦٣٠ سنەلرنده غایت شدتلی محارباته بادى اولمشـدر.,0.05555555555555555,0.024691358024691357,0.030864197530864196,0.34615384615384615,0.15384615384615385,0.1923076923076923,163,162,162
449,ع مافيه بوهة نمانك وقوع فانی اوزرینه قزاقلر آرەسثده پولونيا حاك ميتنه قارشو یكد قاملر باش كوسترمش وونلر ١٦٢٥ و١٦٣٠ سنەلرتدة غایت شدتلی مکحار با ته بادى اولمشـدر.,ع مافيه بوهه نمانك وقوع فانی اوزرینه قزاقلر آرەسنده پولونيا حاك ميتنه قارشو یكد قاملر باش كوسترمش وونلر ١٦٢٥ و١٦٣٠ سنەلرتده غایت شدتلی مکحار باته بادى اولمشـدر.,مع مافيه بوهه تمانك وقوع وفاتی اوزرینه قزاقلر آرەسنده پولونيا حاكميتنه قارشو یکدن قاملر باش كوسترمش و بونلر ١٦٢٥ و١٦٣٠ سنەلرنده غایت شدتلی محارباته بادى اولمشـدر.,0.09876543209876543,0.07407407407407407,0.024691358024691357,0.5384615384615384,0.4230769230769231,0.11538461538461536,161,160,162
450,مع مافيه بوهه تمانك وفوع وفاتی اورر ینه قزاقلر آرەسن ده پوونيا حايمسيتنه قارشویكدن قاملز باش كوسيرمش و بونلر ١٦٢٥ و١٦٣٠ سنەلرن دة غایت شدتی محارباتة بادى اولمشـدر.,مع مافيه بوهه تمانك وفوع وفاتی اوررینه قزاقلر آرەسنده پوونيا حايمسيتنه قارشویكدن قاملر باش كوسيرمش و بونلر ١٦٢٥ و١٦٣٠ سنەلرنده غایت شدتی محارباته بادى اولمشـدر.,مع مافيه بوهه تمانك وقوع وفاتی اوزرینه قزاقلر آرەسنده پولونيا حاكميتنه قارشو یکدن قاملر باش كوسترمش و بونلر ١٦٢٥ و١٦٣٠ سنەلرنده غایت شدتلی محارباته بادى اولمشـدر.,0.09259259259259259,0.05555555555555555,0.037037037037037035,0.5384615384615384,0.3076923076923077,0.23076923076923073,163,160,162
451,مع مافيه بوهة تماأنك وقوع فاتی اكوررینه قزاقلر آرەسنذه پولونيا حاكميتنه قارشو یکدن قاملر باش كوسترمش و بونلر ١٦٢٥ و١٦٣٠ سنەلرنده غایت سذتلی محارباته بادى اولمشـدر.,مع مافيه بوهه تمانك وقوع فاتی ايوررینه قزاقلر آرەسنده پولونيا حاكميتنه قارشو یکدن قاملر باش كوسترمش و بونلر ١٦٢٥ و١٦٣٠ سنەلرنده غایت سدتلی محارباته بادى اولمشـدر.,مع مافيه بوهه تمانك وقوع وفاتی اوزرینه قزاقلر آرەسنده پولونيا حاكميتنه قارشو یکدن قاملر باش كوسترمش و بونلر ١٦٢٥ و١٦٣٠ سنەلرنده غایت شدتلی محارباته بادى اولمشـدر.,0.04938271604938271,0.024691358024691357,0.024691358024691357,0.23076923076923078,0.11538461538461539,0.11538461538461539,163,162,162
452,مع مافيه بوهه تماك وقوع وفاتی اوزرینه قزاقلر آرەنده پولونيا حاكميتنه قازرشو یکدن قاملز ياش كوستزم ش و بونلر١٦٢٥ و١٣٠ سەلرنده غایت شذتلی محارباته باذى اولمشـدر.,مع مافيه بوهه تماك وقوع وفاتی اوزرینه قزاقلر آرەنده پولونيا حاكميتنه قارشو یکدن قاملر ياش كوسترمش و بونلر١٦٢٥ و١٣٠ سەلرنده غایت شدتلی محارباته بادى اولمشـدر.,مع مافيه بوهه تمانك وقوع وفاتی اوزرینه قزاقلر آرەسنده پولونيا حاكميتنه قارشو یکدن قاملر باش كوسترمش و بونلر ١٦٢٥ و١٦٣٠ سنەلرنده غایت شدتلی محارباته بادى اولمشـدر.,0.07407407407407407,0.037037037037037035,0.037037037037037035,0.5,0.2692307692307692,0.23076923076923078,159,157,162
453,مع مافىه بوةه تمانك وقوع وفاتی اوزرینه ق زاقلر آرەسنده پولوييا حايميتنه قارویکدن قاملر باش كوستكرمش و بونلر ١٦٢٥ و١٦٣٠ سنەلرنده غایت شدتلی محارباه باذي اولمشـدر.,مع مافيه بوهه تمانك وقوع وفاتی اوزرینه قزاقلر آرەسنده پولونيا حايميتنه قارویکدن قاملر باش كوستكرمش و بونلر ١٦٢٥ و١٦٣٠ سنەلرنده غایت شدتلی محارباه بادي اولمشـدر.,مع مافيه بوهه تمانك وقوع وفاتی اوزرینه قزاقلر آرەسنده پولونيا حاكميتنه قارشو یکدن قاملر باش كوسترمش و بونلر ١٦٢٥ و١٦٣٠ سنەلرنده غایت شدتلی محارباته بادى اولمشـدر.,0.06790123456790123,0.037037037037037035,0.030864197530864196,0.4230769230769231,0.23076923076923078,0.1923076923076923,161,160,162
454,م ع مافيه توهه تمىن وخقوع واتی اوزریته قزاقلز آرەسنده پولونيا حاكميتنه قارشو یکدن فاملر باش كوسترمش و تونلر ١٦٢٥ و١٦٣٠ سنەلريدة غایت شدتل محارباه بادى اولمـر.,مع مافيه توهه تمان وخقوع واتی اوزریته قزاقلر آرەسنده پولونيا حاكميتنه قارشو یکدن فاملر باش كوسترمش و تونلر ١٦٢٥ و١٦٣٠ سنەلريده غایت شدتل محارباه بادى اولمـر.,مع مافيه بوهه تمانك وقوع وفاتی اوزرینه قزاقلر آرەسنده پولونيا حاكميتنه قارشو یکدن قاملر باش كوسترمش و بونلر ١٦٢٥ و١٦٣٠ سنەلرنده غایت شدتلی محارباته بادى اولمشـدر.,0.09876543209876543,0.07407407407407407,0.024691358024691357,0.5384615384615384,0.4230769230769231,0.11538461538461536,158,157,162
455,مع مافيه بوهه تمانك وقوع وفاتی وززینه قزاقل آرەسنده پولويا هاكميتنة قارشو یكدن املر باش كوسترمش و بونلر ١٦٢٥ وغ١٦٣٠ سنلزنده غایت شدتلی محارباته بادى اولمشـذر.,مع مافيه بوهه تمانك وقوع وفاتی وزرینه قزاقل آرەسنده پولونا حاكميتنه قارشو یكدن املر باش كوسترمش و بونلر ١٦٢٥ وغ١٦٣٠ سنلرنده غایت شدتلی محارباته بادى اولمشـدر.,مع مافيه بوهه تمانك وقوع وفاتی اوزرینه قزاقلر آرەسنده پولونيا حاكميتنه قارشو یکدن قاملر باش كوسترمش و بونلر ١٦٢٥ و١٦٣٠ سنەلرنده غایت شدتلی محارباته بادى اولمشـدر.,0.07407407407407407,0.043209876543209874,0.030864197530864196,0.34615384615384615,0.2692307692307692,0.07692307692307693,158,158,162
456,مع مافيةه بوهه تمانک وقوع وفاتی اوزرینه قزاقلر آرەإسنده پولونيا حاكميتنهقارشو یکدن قاملر باش كو ستعرمش و بونلر ١٦٢٥ و١٦٣٠ سنەلرنده غایت شذتلی محارباتهبادى اولمشـدر.,مع مافيه بوهه تمانك وقوع وفاتی اوزرینه قزاقلر آرەسنده پولونيا حاكميتنه قارشو یکدن قاملر باش كوستعرمش و بونلر ١٦٢٥ و١٦٣٠ سنەلرنده غایت شدتلی محارباته بادى اولمشـدر.,مع مافيه بوهه تمانك وقوع وفاتی اوزرینه قزاقلر آرەسنده پولونيا حاكميتنه قارشو یکدن قاملر باش كوسترمش و بونلر ١٦٢٥ و١٦٣٠ سنەلرنده غایت شدتلی محارباته بادى اولمشـدر.,0.04938271604938271,0.006172839506172839,0.043209876543209874,0.38461538461538464,0.038461538461538464,0.34615384615384615,164,163,162
457,مع مافيه وهه تمانك وقوع وقاتی اوزرنه فزاقلر آرەسنده پولونيا حاكميتنة قارشو یکذدن ق املر باش كوسترمش و بونلر ١٦٢٥ و١٦٣ ٠سنەلرنده غایت شذتلی محابنه بادى اولمشـدر.,مع مافيه وهه تمانك وقوع وقاتی اوزرنه فراقلر آرەسنده پولونيا حاكميتنه قارشو یکدن قاملر باش كوسترمش و بونلر ١٦٢٥ و١٦٣٠سنەلرنده غایت شدتلی محابنه بادى اولمشـدر.,مع مافيه بوهه تمانك وقوع وفاتی اوزرینه قزاقلر آرەسنده پولونيا حاكميتنه قارشو یکدن قاملر باش كوسترمش و بونلر ١٦٢٥ و١٦٣٠ سنەلرنده غایت شدتلی محارباته بادى اولمشـدر.,0.08024691358024691,0.05555555555555555,0.024691358024691357,0.46153846153846156,0.2692307692307692,0.19230769230769235,160,157,162
458,مع مافية يوهه تمانك وقوع وفاتیغ اوزرینه ق زاقلر آزەسثدة پولونىا هاكميتنه قارشو یکدن قاملز باش كوشترمش و بونلر ١٦٢ى٥ و١٦٣ سنەلرنده غایتك شدتلی محار باته بادى اولهمشـدز.,مع مافيه يوهه تمانك وقوع وفاتی اوزرینه قزاقلر آزەسنده پولوناا هاكميتنه قارشو یکدن قاملر باش كوشترمش و بونلر ١٦٢٧٥ و١٦٣ سنەلرنده غایتك شدتلی محارباته بادى اولهمشـدر.,مع مافيه بوهه تمانك وقوع وفاتی اوزرینه قزاقلر آرەسنده پولونيا حاكميتنه قارشو یکدن قاملر باش كوسترمش و بونلر ١٦٢٥ و١٦٣٠ سنەلرنده غایت شدتلی محارباته بادى اولمشـدر.,0.10493827160493827,0.05555555555555555,0.04938271604938271,0.6153846153846154,0.34615384615384615,0.2692307692307693,167,164,162
459,مع مافيه بوهه تمانك ووغ وفاتی ازرینه قزاقلر آرەسنده پولونکا حاكميتنه ق ارشو یکدن فاملر باس كوسبرمش و بونلر ١٦٢٥ و١٦٣٠ سنەلکرظنده غایت شدتلی محىرباته باد ى اولشـدر.,مع مافيه بوهه تمانك ووغوفاتی ازرینه قزاقلر آرەسنده پولونكا حاكميتنه قارشو یکدن فاملر باس كوسبرمش و بونلر ١٦٢٥ و١٦٣٠ سنەلکرنده غایت شدتلی محارباته بادى اولشـدر.,مع مافيه بوهه تمانك وقوع وفاتی اوزرینه قزاقلر آرەسنده پولونيا حاكميتنه قارشو یکدن قاملر باش كوسترمش و بونلر ١٦٢٥ و١٦٣٠ سنەلرنده غایت شدتلی محارباته بادى اولمشـدر.,0.08024691358024691,0.06172839506172839,0.018518518518518517,0.5,0.34615384615384615,0.15384615384615385,163,159,162
460,بوفرقة طرقنن موفع انتشارة وضع اولنان ايلك رساله «مسثقل اوقرايفنا» عنواني حائز ايدى، بو رسالەدهاوقرىتانك مستقل يز موجوديته نىئلیت خصوصندەکی حقوقی دلائليله ا ثبات وتريح اولنمشدر.,بوفرقه طرقنن موفع انتشاره وضع اولنان ايلك رساله «مسثقل اوقراينا» عنوانك حائز ايدى، بو رسالەده اوقراتانك مستقل يز موجوديته نائلیت خصوصندەکی حقوقی دلائليله اثبات وتريح اولنمشدر.,بوفرقه طرقندن موقع انتشاره وضع اولنان ايلك رساله «مستقل اوقراينا» عنوانى حائز ايدى، بو رسالەده اوقراينانك مستقل بر موجوديته نائلیت خصوصندەکی حقوقی دلائليله اثبات وتصريح اولنمشدر.,0.0898876404494382,0.05056179775280899,0.03932584269662921,0.5384615384615384,0.2692307692307692,0.2692307692307692,176,175,178
461,بوفرفه طرقندنموقع اصنتاره وضع اولنان ايلي رساله «مستقل اوقزايثا» عنواثنى حائز ايدى، بوث رسالەدة اورايهنىنك مذستقل بر موجوديتة نىئلیي خصوصندەکی حقوقی دلائليله اثثات ونصريح اولنمشدر.,بوفرقه طرقندن موقع اصنتاره وضع اولنان ايلي رساله «مستقل اوقراينا» عنواثنى حائز ايدى، بو رسالەده اوراينانك مذستقل بر موجوديته نائلین خصوصندەکی حقوقی دلائليله اثثات ونصريح اولنمشدر.,بوفرقه طرقندن موقع انتشاره وضع اولنان ايلك رساله «مستقل اوقراينا» عنوانى حائز ايدى، بو رسالەده اوقراينانك مستقل بر موجوديته نائلیت خصوصندەکی حقوقی دلائليله اثبات وتصريح اولنمشدر.,0.10674157303370786,0.05056179775280899,0.056179775280898875,0.5769230769230769,0.3076923076923077,0.26923076923076916,180,179,178
462,بوفرقه طرقنذي موقع انتشره وضع اولتىن ايلك راه «مستقل ايوقراينا عنوانى حائز ايدى، بو رسالەده اوقراينايك مستقل بر موجوديته نائلیت خصوصبدەكیحقو قیة دلائليله اثتات وتض زيح اغولنمشدر.,بوفرقه طرقندى موقع انتشره وضع اولتين ايلك راه «مستقل ايوقراينا عنوانى حائز ايدى، بو رسالەده اوقراينايك مستقل بر موجوديته نائلیت خصوصبدەکی حقوقیه دلائليله اثتات وتضريح اغولنمشدر.,بوفرقه طرقندن موقع انتشاره وضع اولنان ايلك رساله «مستقل اوقراينا» عنوانى حائز ايدى، بو رسالەده اوقراينانك مستقل بر موجوديته نائلیت خصوصندەکی حقوقی دلائليله اثبات وتصريح اولنمشدر.,0.11235955056179775,0.07865168539325842,0.033707865168539325,0.46153846153846156,0.4230769230769231,0.03846153846153849,178,177,178
463,بسوفرقة طرقنهدن موقع انشاره وضع اولنان ايلك رساله «مستقل اوقراىنا» عنوانى حائز ايدا، بو رسالەده اوقراينانك مستقل بر موجوديته نائلیت خوضندەکی حقوقی دلا ئليله اثبات وتصريح اولنمشدز.,بسوفرقه طرقنه موقع انشاره وضع اولنان ايلك رساله «مستقل اوقراينا» عنوانى حائز ايدا، بو رسالەده اوقراينانك مستقل بر موجوديته نائلیت خوضندەکی حقوقی دلائليله اثبات وتصريح اولنمشدر.,بوفرقه طرقندن موقع انتشاره وضع اولنان ايلك رساله «مستقل اوقراينا» عنوانى حائز ايدى، بو رسالەده اوقراينانك مستقل بر موجوديته نائلیت خصوصندەکی حقوقی دلائليله اثبات وتصريح اولنمشدر.,0.056179775280898875,0.03932584269662921,0.016853932584269662,0.34615384615384615,0.19230769230769232,0.15384615384615383,179,176,178
464,بوفرقة ظرقندن وفعننشاره وضع اولنان ايلك رساله «مستق اوقراينا» ع نوانا حائز ايدا، بورعسالەه اوقزاينانك مستقل برق موجوذيته نائلیت خصوصندەقکی حقوقی دلائل يلة اثا وتضريح اولنمشدر.,بوفرقه ظرقندن وفعننشاره وضع اولنان ايلك رساله «مستق اوقراينا» عنوانا حائز ايدا، بورعسالەه اوقراينانك مستقل برق موجوديته نائلیت خصوصندەقکی حقوقی دلائل يله انا وتضريح اولنمشدر.,بوفرقه طرقندن موقع انتشاره وضع اولنان ايلك رساله «مستقل اوقراينا» عنوانى حائز ايدى، بو رسالەده اوقراينانك مستقل بر موجوديته نائلیت خصوصندەکی حقوقی دلائليله اثبات وتصريح اولنمشدر.,0.12921348314606743,0.10674157303370786,0.022471910112359564,0.6923076923076923,0.5384615384615384,0.15384615384615385,175,174,178
465,بوفرقه طرقندن موقغ ىنتشكاره وضع اولنان ايلك رسالته «مستقلى وقراينا» عنوانى حائزاکدى، بو رسالەذة اوقراينانك مسيقل بر موجوديته نائلیت خصوصبدەکیحقوقی دلائ ليله اثبات وتصريح ىولنمشدر,بوفرقه طرقندن موقع انتشكاره وضع اولنان ايلك رسالته «مستقلى وقراينا» عنوانى حائزايدى، بو رسالەده اوقراينانك مسيقل بر موجوديته نائلیت خصوصبدەکی حقوقی دلائليله اثبات وتصريح اولنمشدر.,بوفرقه طرقندن موقع انتشاره وضع اولنان ايلك رساله «مستقل اوقراينا» عنوانى حائز ايدى، بو رسالەده اوقراينانك مستقل بر موجوديته نائلیت خصوصندەکی حقوقی دلائليله اثبات وتصريح اولنمشدر.,0.0898876404494382,0.03932584269662921,0.05056179775280899,0.5,0.3076923076923077,0.1923076923076923,178,179,178
466,بوفرقه طرقندن موفضغ اتشاره وضعاولنان ايلك رشاله «مستق لاوزيبا» عنوا نى حائز ايدى، بو رسالەة اوقراينانةك مسيقل بر موجود يته نائلیت خصوصندەکی حقوقی دل ائليله اثبات وتصريح اولنمدر.,بوفرقه طرقندن موفع اتشاره وضع اولنان ايلك رشاله «مستقل اوزيبا» عنوانى حائز ايدى، بو رسالەه اوقراينانك مسيقل بر موجود يته نائلیت خصوصندەکی حقوقی دل ائليله اثبات وتصريح اولنمدر.,بوفرقه طرقندن موقع انتشاره وضع اولنان ايلك رساله «مستقل اوقراينا» عنوانى حائز ايدى، بو رسالەده اوقراينانك مستقل بر موجوديته نائلیت خصوصندەکی حقوقی دلائليله اثبات وتصريح اولنمشدر.,0.11235955056179775,0.06741573033707865,0.0449438202247191,0.6538461538461539,0.4230769230769231,0.23076923076923078,177,175,178
467,بهوفرقه طرقندي موعانتشاره وضع اولنان ايلك رسىله «م ستقل اوقرىينان» عنوانى حفائز ايذى بو رسالەده اوقرينانك مستقل نر موجوديته نائلیت خضوصندەکی حقوقی دلائليله اثباتوتصريح اولنمشدر.,بهوفرقه طرقندن موعانتشاره وضع اولنان ايلك رساله «مستقل اوقراينا» عنوانى حفائز ايدى بو رسالەده اوقراينانك مستقل نر موجوديته نائلیت خوصندەکی حقوقی دلائليله اثبات وتصريح اولنمشدر.,بوفرقه طرقندن موقع انتشاره وضع اولنان ايلك رساله «مستقل اوقراينا» عنوانى حائز ايدى، بو رسالەده اوقراينانك مستقل بر موجوديته نائلیت خصوصندەکی حقوقی دلائليله اثبات وتصريح اولنمشدر.,0.08426966292134831,0.03932584269662921,0.0449438202247191,0.5769230769230769,0.2692307692307692,0.30769230769230765,177,176,178
468,بوفرقة ظرقندن موقع انتشاره وضع اولنان ايلك رساله«مستقل اوقراينا» عنوانى حائز ايذى، بو رسالەده اوقراةينانك مستفل بر موجوديته نائلیت خصوصندەکی حقوفی دلائليله ابان وتصريح النمشدز.,بوفرقه ظرقندن موقع انتشاره وضع اولنان ايلك رساله«مستقل اوقراينا» عنوانى حائز ايدى، بو رسالەده اوقراينانك مستفل بر موجوديته نائلیت خصوصندەکی حقوفی دلائليله ابان وتصريح النمشدر.,بوفرقه طرقندن موقع انتشاره وضع اولنان ايلك رساله «مستقل اوقراينا» عنوانى حائز ايدى، بو رسالەده اوقراينانك مستقل بر موجوديته نائلیت خصوصندەکی حقوقی دلائليله اثبات وتصريح اولنمشدر.,0.06179775280898876,0.03932584269662921,0.02247191011235955,0.38461538461538464,0.2692307692307692,0.11538461538461542,176,175,178
469,بوفرقهظ طرقنن موقع انتشارة وضع اولنان ايلك رساله «مستقل اوقراينى» عثواني حائز ايدى، بو رسا لەده اوقرايثىنك مستفل بر موجودييه نائلیقت خصوصندەکی حقوقی دلائلله اثبات وتريأح اولنمشدر.,بوفرقه طرقنن موقع انتشاره وضع اولنان ايلك رساله «مستقل اوقراينا» عثواني حائز ايدى، بو رسالەده اوقراينانك مستفل بر موجودينه نائلیقت خصوصندەکی حقوقی دلائلله اثبات وتريح اولنمشدر.,بوفرقه طرقندن موقع انتشاره وضع اولنان ايلك رساله «مستقل اوقراينا» عنوانى حائز ايدى، بو رسالەده اوقراينانك مستقل بر موجوديته نائلیت خصوصندەکی حقوقی دلائليله اثبات وتصريح اولنمشدر.,0.08426966292134831,0.0449438202247191,0.03932584269662921,0.5,0.2692307692307692,0.23076923076923078,179,176,178
470,يوفرقه طرقندن موقع انتشاره وضع اولنان ايلك رساله «مستقل اوقراينا» عنوانى حائز ايدى، بو رسالەده اوقراينانك مستقلبر موجوديته با ئلیت خص وصند ەکی هقوقی دلاذئللأه اثبات وتضريح اولنمشد.,بوفرقه طرقندن موقع انتشاره وضع اولنان ايلك رساله «مستقل اوقراينا» عنوانى حائز ايدى، بو رسالەده اوقراينانك مستقل بر موجوديته بائلیت خصوصندەکی هقوقی دلادئلله اثبات وتضريح اولنمشدر.,بوفرقه طرقندن موقع انتشاره وضع اولنان ايلك رساله «مستقل اوقراينا» عنوانى حائز ايدى، بو رسالەده اوقراينانك مستقل بر موجوديته نائلیت خصوصندەکی حقوقی دلائليله اثبات وتصريح اولنمشدر.,0.06741573033707865,0.028089887640449437,0.03932584269662921,0.46153846153846156,0.15384615384615385,0.3076923076923077,180,178,178
471,بوفرقه طرقند ن موقعع انتشاره وضع اولنن ايلك رساله «مستقل اوقراکنا» عنوانى حائز ايدى، و زسالەده اوقايانك معستقل بطر موجديته نائل یت خصوصندەکی حقوقی لائليله اثبات وت صريح اولنمشدر.,بوفرقه طرقندن موقع انتشاره وضع اولنن ايلك رساله «مستقل اوقراينا» عنوانى حائز ايدى، و زسالەده اوقراينانك معستقل بطر موجديته نائلیت خصوصندەکی حقوقی لائليله اثبات وتصريح اولنمشدر.,بوفرقه طرقندن موقع انتشاره وضع اولنان ايلك رساله «مستقل اوقراينا» عنوانى حائز ايدى، بو رسالەده اوقراينانك مستقل بر موجوديته نائلیت خصوصندەکی حقوقی دلائليله اثبات وتصريح اولنمشدر.,0.07865168539325842,0.03932584269662921,0.03932584269662921,0.6153846153846154,0.2692307692307692,0.3461538461538462,178,176,178
472,بوفرقه طرقزدن موقع انتشاره وضع اولنان ايلك رساله «مستقل اوقراييا» عنوان حائز ايدى، بو رسا لەده اوقراينانك مستيقل بر موجودکته نائلیت خصوصندەکی حقوزقی ذلائلي له اثبات وت صريه ولنمشدر.,بوفرقه طرقزدن موقع انتشاره وضع اولنان ايلك رساله «مستقل اوقراينا» عنوان حائز ايدى، بو رسالەده اوقراينانك مستيقل بر موجودکته نائلیت خصوصندەکی حقورقی دلائليله اثبات وتصريه ولنمشدر.,بوفرقه طرقندن موقع انتشاره وضع اولنان ايلك رساله «مستقل اوقراينا» عنوانى حائز ايدى، بو رسالەده اوقراينانك مستقل بر موجوديته نائلیت خصوصندەکی حقوقی دلائليله اثبات وتصريح اولنمشدر.,0.06741573033707865,0.03932584269662921,0.028089887640449437,0.5,0.2692307692307692,0.23076923076923078,181,178,178
473,بوفزقه طرقندن موقع ايتشاره وضع اولناان ايلک رساله «مستقل اوقراكنىس» عنوانى حائز ايدي، بو رسالەده اوقراينايتك مستقل بر موجوديثه نائلیتخصصندەکی حقوقی دلائلىله اثبات وتصريح اولنمش در.,بوفرقه طرقندن موقع ايتشاره وضع اولنان ايلك رساله «مستقل اوقرايناس» عنوانى حائز ايدي، بو رسالەده اوقراينايتك مستقل بر موجودينه نائلی تخصصندەکی حقوقی دلائلاله اثبات وتصريح اولنمشدر.,بوفرقه طرقندن موقع انتشاره وضع اولنان ايلك رساله «مستقل اوقراينا» عنوانى حائز ايدى، بو رسالەده اوقراينانك مستقل بر موجوديته نائلیت خصوصندەکی حقوقی دلائليله اثبات وتصريح اولنمشدر.,0.08426966292134831,0.056179775280898875,0.028089887640449437,0.5,0.3076923076923077,0.1923076923076923,180,179,178
474,بوفرقه طرقندن موقع انتاره وض اولنىن ايلك رساله «مستقل اوقرىينا» عنواني حائز ايدى، بو رالەده اوقراينانك مستقل بر مودکته نائلیت خصوصندە کی حقوقی دلائليله اثبات وتصرکح اولنمشدر.,بوفرقه طرقندن موقع انتاره وضاولنان ايلك رساله «مستقل اوقراينا» عنوانك حائز ايدى، بو رالەده اوقراينانك مستقل بر مودکته نائلیت خصوصندەکی حقوقی دلائليله اثبات وتصريح اولنمشدر.,بوفرقه طرقندن موقع انتشاره وضع اولنان ايلك رساله «مستقل اوقراينا» عنوانى حائز ايدى، بو رسالەده اوقراينانك مستقل بر موجوديته نائلیت خصوصندەکی حقوقی دلائليله اثبات وتصريح اولنمشدر.,0.06179775280898876,0.0449438202247191,0.016853932584269662,0.38461538461538464,0.23076923076923078,0.15384615384615385,174,172,178
475,بوفرفه طرقندنج موقع انتشاره وضع ىولنان ايلك رساله «مشتقل اوقراينا» غوانى حائز ايدي، بو رسالەده اوقراينانك مستقل بر موجفودكته نائلیت خصوصندەکی حقوقی ذلىئ ليله اثباب وتصرح اولنمشد.,بوفرقه طرقندن موقع انتشاره وضع اولنان ايلك رساله «مشتقل اوقراينا» غوانى حائز ايدي، بو رسالەده اوقراينانك مستقل بر موجفودكته نائلیت خصوصندەکی حقوقی دلائليله اثباب وتصرح اولنمشدر.,بوفرقه طرقندن موقع انتشاره وضع اولنان ايلك رساله «مستقل اوقراينا» عنوانى حائز ايدى، بو رسالەده اوقراينانك مستقل بر موجوديته نائلیت خصوصندەکی حقوقی دلائليله اثبات وتصريح اولنمشدر.,0.08426966292134831,0.0449438202247191,0.03932584269662921,0.46153846153846156,0.23076923076923078,0.23076923076923078,178,177,178
476,بوفرقه ظرقندي موقع انتشاره وصع اولنان ايلک رسىله «مسثقل اوقراينا» عنوانى ائز ايدى، ت رسالەدة اوقرانابك مستقل بر موجوديته نائلیت خصوصندەکی حقوقی دلائليله اثبات وتصريح اولنمش در.,بوفرقه ظرقندن موقع انتشاره وصع اولنان ايلك رساله «مسثقل اوقراينا» عنوانى ائز ايدى، ترسالەده اوقراينا مستقل بر موجوديته نائلیت خصوصندەکی حقوقی دلائليله اثبات وتصريح اولنمشدر.,بوفرقه طرقندن موقع انتشاره وضع اولنان ايلك رساله «مستقل اوقراينا» عنوانى حائز ايدى، بو رسالەده اوقراينانك مستقل بر موجوديته نائلیت خصوصندەکی حقوقی دلائليله اثبات وتصريح اولنمشدر.,0.07303370786516854,0.05056179775280899,0.02247191011235955,0.4230769230769231,0.2692307692307692,0.15384615384615385,176,173,178
477,بوفرقة طر قندن موقع انتشاره وضع النان ايلك رسال «مسرتقل اقراينا» عنوانى حائز ايدى، بو رسابلەده اوقراينانک مستقلبر موجوديىثه يائلیت حصوصندکی حقوقی دلائليلة اثبات تصريح اولنمشدر.,بوفرقه طرقندن موقع انتشاره وضع النان ايلك رسال «مسرتقل اوقراينا» عنوانى حائز ايدى، بو رسابلەده اوقراينانك مستقل بر موجودياته يائلیت حصوصندی حقوقی دلائليله اثبات تصريح اولنمشدر.,بوفرقه طرقندن موقع انتشاره وضع اولنان ايلك رساله «مستقل اوقراينا» عنوانى حائز ايدى، بو رسالەده اوقراينانك مستقل بر موجوديته نائلیت خصوصندەکی حقوقی دلائليله اثبات وتصريح اولنمشدر.,0.0898876404494382,0.056179775280898875,0.033707865168539325,0.6153846153846154,0.3076923076923077,0.3076923076923077,176,176,178
478,بوفرقه طةرقنذن موقع انتشاره وضع اولنان اكلك رساله «مستقل ىوقرايناز» ع نوانى حائز ايدى، يو رساەده اوقراينانك مستق برموجوديتة نائلیت خصوصندەک حقوقی ذلائليله اثبات وتصريح اولنمشدر.,بوفرقه طرقندن موقع انتشاره وضع اولنان ايلك رساله «مستقل اوقراينا» عنوانى حائز ايدى، يورساەده اوقراينانك مستق برموجوديته نائلیت خصوصندەکی حقوقی دلائليله اثبات وتصريح اولنمشدر.,بوفرقه طرقندن موقع انتشاره وضع اولنان ايلك رساله «مستقل اوقراينا» عنوانى حائز ايدى، بو رسالەده اوقراينانك مستقل بر موجوديته نائلیت خصوصندەکی حقوقی دلائليله اثبات وتصريح اولنمشدر.,0.07303370786516854,0.028089887640449437,0.0449438202247191,0.46153846153846156,0.19230769230769232,0.2692307692307693,177,174,178
479,بوفرقه طرقنذن موقع انتشاره وضع اولناننايل ك رساله «مستقل اوقزاينا» عنواتى حائز ىدا، يوط رسا لەده اوقراينانك مشتقل بر موجوديته نئلیت خصوصندەکی حقو قی دلائلله اثباب وتقصريح اولنمشذر.,بوفرقه طرقندن موقع انتشاره وضع اولناننايلك رساله «مستقل اوقراينا» عنواتى حائز ادا، يوط رسالەده اوقراينانك مشتقل بر موجوديته نئلیت خصوصندەکی حقوقی دلائلله اثباب وتقصريح اولنمشدر.,بوفرقه طرقندن موقع انتشاره وضع اولنان ايلك رساله «مستقل اوقراينا» عنوانى حائز ايدى، بو رسالەده اوقراينانك مستقل بر موجوديته نائلیت خصوصندەکی حقوقی دلائليله اثبات وتصريح اولنمشدر.,0.10112359550561797,0.06179775280898876,0.03932584269662921,0.6538461538461539,0.38461538461538464,0.2692307692307692,180,177,178
480,حكات سىاسيهن ك حقايقنى اوکرنة اوکربه اوراينا ملتى اجانبک كندى هركات وتجاهدات مليەسنا تقدير وکن ديسنه بومجاهداتك ظفرنى تأمين ايچون مغاونت ىبراز ایدەجکی حقندەی اسکی امیدلرینی کسدی.,حكات سااسيهنك حقايقنى اوکرنه اوکربه اوراينا ملتى اجانبي كندى هركات وتجاهدات مليەسنا تقدير وينديسنه بومجاهداتك ظفرنى تأمين ايچون معاونت ابراز ایدەجکی حقندەی اسکی امیدلرینی کسدی.,حيات سياسيهنك حقايقنى اوکرنه اوکرنه اوقراينا ملتى اجانبك كندى حركات وتجاهدات مليەسنى تقدير وكنديسنه بومجاهداتك ظفرنى تأمين ايچون معاونت ابراز ایدەجکی حقندەکی اسکی امیدلرینی کسدی.,0.07865168539325842,0.05056179775280899,0.028089887640449437,0.56,0.36,0.20000000000000007,178,176,178
481,حيات سياحسيهنك حفايقنى اوکرنه اوکرنه اوقرينا ملتى اجانبك کندى حركات وتجاهدات مليەستى تقدير وكنديسنه بةو مجاهداتك ظفرنى تأمىن اسيچون معاوتت ابراز ىیدەجکی حقندەکی اسکی امیدلرینی کسدی.,حيات سياحسيهنك حفايقنى اوکرنه اوکرنه اوقراينا ملتى اجاننك کندى حركات وتجاهدات مليەستى تقدير وكنديسنه بو مجاهداتك ظفرنى تأمين اسيچون معاوتت ابراز ایدەجکی حقندەکی اسکی امیدلرینی کسدی.,حيات سياسيهنك حقايقنى اوکرنه اوکرنه اوقراينا ملتى اجانبك كندى حركات وتجاهدات مليەسنى تقدير وكنديسنه بومجاهداتك ظفرنى تأمين ايچون معاونت ابراز ایدەجکی حقندەکی اسکی امیدلرینی کسدی.,0.06179775280898876,0.0449438202247191,0.016853932584269662,0.44,0.36,0.08000000000000002,181,181,178
482,حيات سياسيهنك حقاق نى اوکرنه اوکرنه اوقراينا ملتى اجانبككندي هركاب وتجاهدات مليەسنى تقدير وكنذكسنه بومجاهداتك ظفرنىه تأمين ايچون معاوبت اباز ایدەجکی حقندە کی اسکی امیدلرینی کشدی.,حيات سياسيه نك حقاقنى اوکرنه اوکرنه اوقراينا ملتى اجان بيكندى هركاب وتجاهدات مليەسنى تقدير وكنديسنه بومجاهداتك ظفرنيه تأمين ايچون معاوبت ابار ایدەجکی حقندەکی اسکی امیدلرینی کشدی.,حيات سياسيهنك حقايقنى اوکرنه اوکرنه اوقراينا ملتى اجانبك كندى حركات وتجاهدات مليەسنى تقدير وكنديسنه بومجاهداتك ظفرنى تأمين ايچون معاونت ابراز ایدەجکی حقندەکی اسکی امیدلرینی کسدی.,0.07303370786516854,0.07303370786516854,0.0,0.48,0.4,0.07999999999999996,178,178,178
483,حيىت سياسكةنك حقايقنى اوکرنه اوکرةنه وقراينا ملتى اجانبک كندى حركات وتجاهدت مليەسصنى تقدير وكنديسنة بومجاهداتك ظفريى تأمين ايچون معاونت ابرازایدەجکی حقندەيی اسكی امدلرینی کی,حيات سياسكهنك حقايقنى اوکرنه اوکرهنه وقراينا ملتى اجانبك كندى حركات وتجاهدت مليەسنى تقدير وكنديسنه بومجاهداتك ظفريى تأمين ايچون معاونت ابراز ایدەجکی حقندەيی اسکی امدلرینی کی,حيات سياسيهنك حقايقنى اوکرنه اوکرنه اوقراينا ملتى اجانبك كندى حركات وتجاهدات مليەسنى تقدير وكنديسنه بومجاهداتك ظفرنى تأمين ايچون معاونت ابراز ایدەجکی حقندەکی اسکی امیدلرینی کسدی.,0.09550561797752809,0.056179775280898875,0.03932584269662921,0.6,0.32,0.27999999999999997,173,173,178
484,حيات سياسيهنك حقىيفنا اوکنه ىوكرنه اوقراينا ملنى اجانبك كندى زکات وتجاهداطت مليەسنى تقدكر وكندايسنه بومجاهداتك ظفر نى أمين ايچون معاونت ابرعاز ایذەجکی حقندەکی اسکی امیدلرینی کسدی.آ,حيات سياسيه نك حقايفنا اوکنه اوكرنه اوقراينا ملنى اجانبك كندى زکات وتجاهدات مليەسنى تقدكر وكندى ايسنه بومجاهداتك ظفرنى أمين ايچون معاونت ابرعاز ایدەجکی حقندەکی اسکی امیدلرینی کسدی.,حيات سياسيهنك حقايقنى اوکرنه اوکرنه اوقراينا ملتى اجانبك كندى حركات وتجاهدات مليەسنى تقدير وكنديسنه بومجاهداتك ظفرنى تأمين ايچون معاونت ابراز ایدەجکی حقندەکی اسکی امیدلرینی کسدی.,0.10112359550561797,0.08426966292134831,0.016853932584269662,0.56,0.48,0.08000000000000007,180,180,178
485,حيىت سىاسيهنک حقايقنى اوکرنه اوکرنه اوقراينا ملتى اجىنبك كنذى حركات وتجاهدات مليەسنى تقدير وينديشن بومجاهداتك ظفرن ى تامين ايچون معىون ت ابراز ایەجکی حقندەإکی اجسکیامیدلرینی کشد.,حيات سااسيهنك حقايقنى اوکرنه اوکرنه اوقراينا ملتى اجانبك كندى حركات وتجاهدات مليەسنى تقدير وينديشن بومجاهداتك ظفرنى تامين ايچون معاونت ابراز ایەجکی حقندەکی اجسکی امیدلرینی کشدر.,حيات سياسيهنك حقايقنى اوکرنه اوکرنه اوقراينا ملتى اجانبك كندى حركات وتجاهدات مليەسنى تقدير وكنديسنه بومجاهداتك ظفرنى تأمين ايچون معاونت ابراز ایدەجکی حقندەکی اسکی امیدلرینی کسدی.,0.10112359550561797,0.05056179775280899,0.05056179775280899,0.6,0.24,0.36,178,177,178
486,حيان سياسيةنك حقاكقنى اوكرنه اوکزنه ىوقراينا ملتى اجانبرك كندى حرکات وشتجاهدات مليەسنى تقدير وكبديسنه بومجاهداتك ظفرنى تأمينايچون معاونت ابرىز ایدەجکی حقندەکی اسيی ام یدلرنی کسدی,حيان سياسيهنك حقايقنى اوكرنه اوکزنه اوقراينا ملتى اجانبرك كندى حرکات وشتجاهدات مليەسنى تقدير وكبديسنه بومجاهداتك ظفرنى تأمين ايچون معاونت ابراز ایدەجکی حقندەکی استی امیدلرنی کسدی.,حيات سياسيهنك حقايقنى اوکرنه اوکرنه اوقراينا ملتى اجانبك كندى حركات وتجاهدات مليەسنى تقدير وكنديسنه بومجاهداتك ظفرنى تأمين ايچون معاونت ابراز ایدەجکی حقندەکی اسکی امیدلرینی کسدی.,0.0898876404494382,0.05056179775280899,0.03932584269662921,0.68,0.36,0.32000000000000006,178,179,178
487,حيا شياسآيةنك قايقيى اوکرنه اوکرنه اوراينا ملتى اجان بك كندى حركات وتجاهدات مل يەسنى يقذير و كنيشنه بومجاهداتك ظفرنى تأمين ايچون معاونزت ابزاز ایدەجی حقةند کی اسکی امیدلرینی يسدی.,حيا سياسيهنك قايقيى اوکرنه اوکرنه اوراينا ملتى اجان بك كندى حركات وتجاهدات مليەسنى يقدير و كنيسنه بومجاهداتك ظفرنى تأمين ايچون معاونزت ابزار ایدەجی حقهنده کی اسکی امیدلرینی تسدی.,حيات سياسيهنك حقايقنى اوکرنه اوکرنه اوقراينا ملتى اجانبك كندى حركات وتجاهدات مليەسنى تقدير وكنديسنه بومجاهداتك ظفرنى تأمين ايچون معاونت ابراز ایدەجکی حقندەکی اسکی امیدلرینی کسدی.,0.11235955056179775,0.0898876404494382,0.02247191011235955,0.68,0.56,0.12,179,178,178
488,هيات سياسيةنك حقايقنى اوکزنه ىونکرنه اوقراىنا ملتىاجانبك كندى حزات وتجاهدات مليەسنعى تقدير وكنيسنه بومجاةداتک ظفرنى تأمين ايچون معاوت ابراز ایدەجكی حفندەکی اسکی اطمیدلزینی کسدی.,هيات سياسيهنك حقايقنى اوکزنه اونکرنه اوقراينا ملتى اجانبك كندى حزات وتجاهدات مليەسنعى تقدير وكنيسنه بومجاداتك ظفرنى تأمين ايچون معاوت ابراز ایدەجکی حقندەکی اسکی اطمیدلرینی کسدی.,حيات سياسيهنك حقايقنى اوکرنه اوکرنه اوقراينا ملتى اجانبك كندى حركات وتجاهدات مليەسنى تقدير وكنديسنه بومجاهداتك ظفرنى تأمين ايچون معاونت ابراز ایدەجکی حقندەکی اسکی امیدلرینی کسدی.,0.10112359550561797,0.056179775280898875,0.0449438202247191,0.6,0.36,0.24,177,177,178
489,حيات سياسيهنك حفايقنى ىوکرثه اوکرنه اوقراىنا ملتى اجانبك كندى حرات وتجاهدات مليستى تقدير وکديسنقه ومجاةتك ظفرنى تأمين ايچون معونت ابراز ایدەجکی حقندەکی ىسيی امیدلرینی کسدی.,حيات سياسيهنك حفايقنى اوكرنه اوکرنه اوقراينا ملتى اجانبك كندى حرات وتجاهدات مليستى تقدير وکديسنقه ومجاهتك ظفرنى تأمين ايچون معونت ابراز ایدەجکی حقندەکی استی امیدلرینی کسدی.,حيات سياسيهنك حقايقنى اوکرنه اوکرنه اوقراينا ملتى اجانبك كندى حركات وتجاهدات مليەسنى تقدير وكنديسنه بومجاهداتك ظفرنى تأمين ايچون معاونت ابراز ایدەجکی حقندەکی اسکی امیدلرینی کسدی.,0.09550561797752809,0.07303370786516854,0.02247191011235955,0.36,0.32,0.03999999999999998,172,172,178
490,حيتسکاسيهنك حقايقنى اوکرنه اوکرنه اوقراينا مالت ى اانبك کندى حركات وتجاهدات مليەسنى تقدير وكنديشسنه بإومجىهداتك ظفرنى تأمين ىيچون معاونت اب را ایدەجکی حقدەكی ىسکی امیدل رینی کسدی.,حيتسکاسيه نك حقايقنى اوکرنه اوکرنه اوقراينا مالتى ايانك کندى حركات وتجاهدات مليەسنى تقدير وكنديشسنه بومجاهداتك ظفرنى تأمين ايچون معاونت ابرا ایدەجکی حقدەکی اسکی امیدلرینی کسدی.,حيات سياسيهنك حقايقنى اوکرنه اوکرنه اوقراينا ملتى اجانبك كندى حركات وتجاهدات مليەسنى تقدير وكنديسنه بومجاهداتك ظفرنى تأمين ايچون معاونت ابراز ایدەجکی حقندەکی اسکی امیدلرینی کسدی.,0.09550561797752809,0.06179775280898876,0.033707865168539325,0.6,0.32,0.27999999999999997,179,176,178
491,حيات سياسيهنك حقايقنى او کزنه اخوکرن اوقراينا لتىاحانبك كندى هركات وجاهدات مليەسنا تقدير ويندکهسنه بومجىهدايك ظفرنى تأمين اکچورن معاونت ابر ىز ایدەجکی حقندەكی اسکی امیدلرینی کسدی.,حيات سياسيهنك حقايقنى او کزنه اخوکرن اوقراينا لتى احانبك كندى هركات وجاهدات مليەسنا تقدير وينديهسنه بومجاهدايك ظفرنى تأمين اکچورن معاونت ابر از ایدەجکی حقندەکی اسکی امیدلرینی کسدی.,حيات سياسيهنك حقايقنى اوکرنه اوکرنه اوقراينا ملتى اجانبك كندى حركات وتجاهدات مليەسنى تقدير وكنديسنه بومجاهداتك ظفرنى تأمين ايچون معاونت ابراز ایدەجکی حقندەکی اسکی امیدلرینی کسدی.,0.11235955056179775,0.08426966292134831,0.028089887640449437,0.56,0.52,0.040000000000000036,179,180,178
492,حيات سياسيهننك حقايقنى اوکرنه اوکر ه اوقراينا ملتى اجانبكصكنسدى هركآات وتجاهذنات مليەسنى قدير وكنديسية بومجاهدات ك ظفرنى تأمين اکچون معاونت ابراز ادەجکی حقندەكی اسکی امیدلری نی کدی.,حيات سياسيهننك حقايقنى اوکرنه اوکره اوقراينا ملتى اجان بك صكنسدى هركات وتجاهدنات مليەسنى قدير وكنديسيه بومجاهداتك ظفرنى تأمين اکچون معاونت ابراز ادەجکی حقندەکی اسکی امیدلرینی کدی.,حيات سياسيهنك حقايقنى اوکرنه اوکرنه اوقراينا ملتى اجانبك كندى حركات وتجاهدات مليەسنى تقدير وكنديسنه بومجاهداتك ظفرنى تأمين ايچون معاونت ابراز ایدەجکی حقندەکی اسکی امیدلرینی کسدی.,0.09550561797752809,0.06741573033707865,0.028089887640449437,0.68,0.48,0.20000000000000007,181,179,178
493,حيات سياسيهنك هقىيقنى اوکرنه ىوکرته اقراينا ملتى اجانبك كندى حركىت وتجاهدات مليەسنى تقدير وكنديسنه بومجاهداتك ظفرتي تأمين ايچون معاونت ابرز ایدەحکی حقدەکی اسکی امیلرینی کسدی,حيات سياسيه نك هقايقنى اوکرنه اوکرته اوقراينا ملتى اجانبك كندى حركات وتجاهدات مليەسنى تقدير وكنديسنه بومجاهداتك ظفرتي تأمين ايچون معاونت ابرز ایدەحکی حقدەکی اسکی امیلرینی کسدی.,حيات سياسيهنك حقايقنى اوکرنه اوکرنه اوقراينا ملتى اجانبك كندى حركات وتجاهدات مليەسنى تقدير وكنديسنه بومجاهداتك ظفرنى تأمين ايچون معاونت ابراز ایدەجکی حقندەکی اسکی امیدلرینی کسدی.,0.07303370786516854,0.05056179775280899,0.02247191011235955,0.4,0.36,0.040000000000000036,173,176,178
494,حياب سىاسيهنك حثفاىقنى اوكر نه اوکرنه اوقراکنا ملتى اانبك كندى حركات وتجاهذات مل يەسنىث تقدير وينديسنهبومجاهداتك ظفرنى تامين ايچون معنت ابراز ایدەجککی حقندەکی اسی امیدلرینی کسدی.,حياب سااسيهنك حثف ايقنى اوكرنه اوکرنه اوقراينا ملتى ايانك كندى حركات وتجاهدات مليەسنى تقدير وينديسنه بومجاهداتك ظفرنى تامين ايچون معنت ابراز ایدەجکی حقندەکی اسی امیدلرینی کسدی.,حيات سياسيهنك حقايقنى اوکرنه اوکرنه اوقراينا ملتى اجانبك كندى حركات وتجاهدات مليەسنى تقدير وكنديسنه بومجاهداتك ظفرنى تأمين ايچون معاونت ابراز ایدەجکی حقندەکی اسکی امیدلرینی کسدی.,0.10674157303370786,0.07303370786516854,0.033707865168539325,0.64,0.4,0.24,178,176,178
495,حكات سيايهنك حقايقنا ىوکرتهظ اوکره ىوقراينا مليى اجانبك كندىآ حركاب وتجاهذات مليەسنى تقدي وكنديسنه بومجىهدايك ظفرنى تأمين ايچون معاونت ابراز ایدەجكی حقندەکی اسکی امیدرین ی کسدی.,حكات سيايهنك حقايقنا اوكرته اوکره اوقراينا مليى اجانبك كندى حركاب وتجاهدات مليەسنى تقدي وكنديسنه بومجاهدايك ظفرنى تأمين ايچون معاونت ابراز ایدەجکی حقندەکی اسکی امیدرینی کسدی.,حيات سياسيهنك حقايقنى اوکرنه اوکرنه اوقراينا ملتى اجانبك كندى حركات وتجاهدات مليەسنى تقدير وكنديسنه بومجاهداتك ظفرنى تأمين ايچون معاونت ابراز ایدەجکی حقندەکی اسکی امیدلرینی کسدی.,0.10112359550561797,0.06179775280898876,0.03932584269662921,0.6,0.4,0.19999999999999996,177,174,178
496,حيات سياشيهنك حفا يقنكى اوکرنه اوکرنه اوقراينا ملي اجا نبك كندى حركاتوتجاهدات مليەسنىتقدىر وكن ديسنه بو مجاهدى تك ظفرنى تأمين ايچو معاونت اثراز ایدەجکی حقندەکی اسکی امیدلرینی کسدی.,حيات سياسيهنك حفا يقنك اوکرنه اوکرنه اوقراينا ملك اجانبك كندى حركات وتجاهدات مليەسنى تقدير وكن ديسنه بو مجاهدى تك ظفرنى تأمين ايچون معاونت اثراز ایدەجکی حقندەکی اسکی امیدلرینی کسدی.,حيات سياسيهنك حقايقنى اوکرنه اوکرنه اوقراينا ملتى اجانبك كندى حركات وتجاهدات مليەسنى تقدير وكنديسنه بومجاهداتك ظفرنى تأمين ايچون معاونت ابراز ایدەجکی حقندەکی اسکی امیدلرینی کسدی.,0.0898876404494382,0.056179775280898875,0.033707865168539325,0.6,0.36,0.24,180,181,178
497,يت سيايهنك حقايقنى او کرنه اوكرن اوق راينا ملتى اجانبك يندى حتركات وتجاهدات مليەستى تقديظر وكنديسنه بومجاهداتک ظفرنى تأمين ايچون معاونت ىبراز ایدەجکی هقندەکی اسکی امیدلرینی کشدی.,بت سيايهنك حقايقنى او کرنه اوكرن اوقراينا ملتى اجانبك يندى حتركات وتجاهدات مليەستى تقدير وكنديسنه بومجاهداتك ظفرنى تأمين ايچون معاونت ابراز ایدەجکی حقندەکی اسکی امیدلرینی کشدی.,حيات سياسيهنك حقايقنى اوکرنه اوکرنه اوقراينا ملتى اجانبك كندى حركات وتجاهدات مليەسنى تقدير وكنديسنه بومجاهداتك ظفرنى تأمين ايچون معاونت ابراز ایدەجکی حقندەکی اسکی امیدلرینی کسدی.,0.08426966292134831,0.06179775280898876,0.02247191011235955,0.6,0.36,0.24,178,176,178
498,حيات سياسهنك حفىيقي اوکرنه اخوکربه اوقرىينا ملتى اجانبك كندى حركات وتخاهدات مليەسنى تقدير وكنديسنه بومجاهدات ظقرنى تأميب اكچون ماوت ابراز ایدەجکی قنهدەکی اسکی امیقدلرینی کسدی.,حيات سياسهنك حفايقى اوکرنه اخوکربه اوقراينا ملتى اجاننك كندى حركات وتخاهدات مليەسنى تقدير وكنديسنه بومجاهدات ظقرنى تأميب ايچون ماوت ابراز ایدەجکی قنهدەکی اسکی امیقدلرینی کسدی.,حيات سياسيهنك حقايقنى اوکرنه اوکرنه اوقراينا ملتى اجانبك كندى حركات وتجاهدات مليەسنى تقدير وكنديسنه بومجاهداتك ظفرنى تأمين ايچون معاونت ابراز ایدەجکی حقندەکی اسکی امیدلرینی کسدی.,0.10112359550561797,0.08426966292134831,0.016853932584269662,0.48,0.44,0.03999999999999998,175,175,178
499,حيات سياسيهنك حقايقنا ىو کربه اوک رنة اوراينى ملتى اجانبك كنزدى حركا ت ونجاهدات مليە سنى تقدير وكتديسنه بومجاهداتك ظفزن ى تأىمين اکچو ن معاون ابراز ایدەجکی حقندەکخی اسکی امیدلرینی کسدی.,حيات سياسيهنك حقايقنا او کربه اوكرنه اوراينا ملتى اجاننك كنزدى حركات ونجاهدات مليەسنى تقدير وكتديسنه بومجاهداتك ظفرنى تأامين اکچون معاون ابراز ایدەجکی حقندەکی اسکی امیدلرینی کسدی.,حيات سياسيهنك حقايقنى اوکرنه اوکرنه اوقراينا ملتى اجانبك كندى حركات وتجاهدات مليەسنى تقدير وكنديسنه بومجاهداتك ظفرنى تأمين ايچون معاونت ابراز ایدەجکی حقندەکی اسکی امیدلرینی کسدی.,0.11235955056179775,0.06741573033707865,0.0449438202247191,0.8,0.48,0.32000000000000006,185,179,178
500,اوقراينالى مك اتب عاليه طلبەسی. «اوقرابىنستا غرومادا» نامندەکی جمعیت اطرفنده طوپلانمشلردر.,اوقراينالى مكاتب عاليه طلبەسی. «اوقراينا غرومادا» نامندەکی جمعیت اطرفنده طوپلانمشلردر.,اوقراينالى مكاتب عاليه طلبەسی. «اوقرابينستا غرومادا» نامندەکی جمعیت اطرافنده طوپلانمشلردر.,0.03333333333333333,0.044444444444444446,-0.011111111111111113,0.4,0.2,0.2,90,86,90
501,اوقرايناى مكاتب عذاليه طلبەس. «اوقرابينستا غرومادا» نامندەکی جمعیتد اظزافيهطإپلانمشلردر.,اوقراينا مكاتب عداليه طلبەس. «اوقراينا غرومادا» نامندەکی جمعیت اطرافيه طپلانمشلردر.,اوقراينالى مكاتب عاليه طلبەسی. «اوقرابينستا غرومادا» نامندەکی جمعیت اطرافنده طوپلانمشلردر.,0.1111111111111111,0.1111111111111111,0.0,0.6,0.6,0.0,88,83,90
502,اوفراينال مكثب غا ليه طبەسی. «اوقرىبينستا غرومادا» يامندەكی جمعیت اطرىففنده طوپلانمشلرذر.,اوقراينالك مكثب غاليه طبەسی. «اوقراينا غرومادى» يامندەکی جمعیت اطرافنده طوپلانمشلردر.,اوقراينالى مكاتب عاليه طلبەسی. «اوقرابينستا غرومادا» نامندەکی جمعیت اطرافنده طوپلانمشلردر.,0.14444444444444443,0.1111111111111111,0.033333333333333326,0.9,0.7,0.20000000000000007,89,85,90
503,اضقراينالى مكاتب عاليه طلظبەسی. «اوقرابينستا غروماا» نامنذەکی جمعیت ارافيده طوپلانمشلردر.,اوقراينالى مكاتب عاليه طلبەسی. «اوقراينا غروما» نامندەکی جمعیت ارافيده طوپلانمشلردر.,اوقراينالى مكاتب عاليه طلبەسی. «اوقرابينستا غرومادا» نامندەکی جمعیت اطرافنده طوپلانمشلردر.,0.06666666666666667,0.07777777777777778,-0.011111111111111113,0.5,0.3,0.2,89,84,90
504,اوقراينالى مكاتعاليه طلبەسی. «اوقرابينستا غرومادا» نامندەک ی جمعیت ىطرافدها طوپلانمشلرر.,اوقراينالى مكاتعاليه طلبەسی. «اوقراينا غرومادا» نامندەکی جمعیت اطرافده طوپلانمشلر.,اوقراينالى مكاتب عاليه طلبەسی. «اوقرابينستا غرومادا» نامندەکی جمعیت اطرافنده طوپلانمشلردر.,0.07777777777777778,0.08888888888888889,-0.011111111111111113,0.6,0.5,0.09999999999999998,88,82,90
505,اوقزاينالى مكاتب عاليه ط لەی. «اوقرابينستا غرومادا» نامندەکی جمعیت اطرافندهطپلانمشلردر.,اوقراينالى مكاتب عاليه طلەی. «اوقراينا غرومادا» نامندەکی جمعیت اطرافنده طپلانمشلردر.,اوقراينالى مكاتب عاليه طلبەسی. «اوقرابينستا غرومادا» نامندەکی جمعیت اطرافنده طوپلانمشلردر.,0.06666666666666667,0.06666666666666667,0.0,0.5,0.3,0.2,87,84,90
506,ىوقراينالى مكاتب عاليه طلبەسی. «اوقرابينس ت غزومادا» نامندە کی جمغیت ا طرابفنده طوپلانم شلردر.,اوقراينالى مكاتب عاليه طلبەسی. «اوقراينا غزومادا» نامندەکی جمعیت اطرابفنده طوپلانمشلردر.,اوقراينالى مكاتب عاليه طلبەسی. «اوقرابينستا غرومادا» نامندەکی جمعیت اطرافنده طوپلانمشلردر.,0.1,0.05555555555555555,0.04444444444444445,1.1,0.3,0.8,94,88,90
507,اوقراينالى مكىتب غاليه طةلبەسی. «اوقراب يبسا غرومىدا» نامندەکی جمعیت اطثرافنده طوپلانمشلزدرح .,اوقراينالى مكاتب غاليه طلبەسی. «اوقراينا غرومادى» نامندەکی جمعیت اطثرافنده طوپلانمشلردر.,اوقراينالى مكاتب عاليه طلبەسی. «اوقرابينستا غرومادا» نامندەکی جمعیت اطرافنده طوپلانمشلردر.,0.12222222222222222,0.06666666666666667,0.05555555555555555,0.9,0.4,0.5,94,88,90
508,اوقرىينالى مكسىتب عاليه طلبەس. «اوفرابينستا غرومادا» تامثەکی جمعیت اطزافنده طوپلانمشلردر.,اوقراينالى مكسات عاليه طلبەس. «اوقراينا غرومادا» تامثەکی جمعیت اطرافنده طوپلانمشلردر.,اوقراينالى مكاتب عاليه طلبەسی. «اوقرابينستا غرومادا» نامندەکی جمعیت اطرافنده طوپلانمشلردر.,0.1,0.1,0.0,0.6,0.4,0.19999999999999996,89,85,90
509,اوقراينالى مكاتب عاليه طلبەسی. «اوقرابينستاغذرومادا» ناميدەكی جغیت اطرافنده طوپلانم شلردر.,اوقراينالى مكاتب عاليه طلبەسی. «اوقرايناستاغرومادا» ناميدەکی جعیت اطرافنده طوپلانمشلردر.,اوقراينالى مكاتب عاليه طلبەسی. «اوقرابينستا غرومادا» نامندەکی جمعیت اطرافنده طوپلانمشلردر.,0.07777777777777778,0.05555555555555555,0.022222222222222227,0.6,0.4,0.19999999999999996,90,88,90
510,اوقراينالى مكايب عالي طلبەس. «اوقزابينستاغروماقدى» نامندەكی جمعیت اطرافيدة طوپلارنمسصلردر.,اوقراينالى مكايب عالي طلبەسندەکی جمعیت اطرافيده طوپلارنمسلردر.,اوقراينالى مكاتب عاليه طلبەسی. «اوقرابينستا غرومادا» نامندەکی جمعیت اطرافنده طوپلانمشلردر.,0.14444444444444443,0.36666666666666664,-0.2222222222222222,0.8,0.8,0.0,90,62,90
511,اوقزىنالى مكاتب عاليفه طلبەسی. «اوقرابينستا غرو م ادا» نامندەکی جمعیت اط راکقنده طوپلانمشکلردر,اوقراينالى مكاتب عاليفه طلبەسی. «اوقراينا غرومادا» نامندەکی جمعیت اطراينده طوپلانمشکلردر.,اوقراينالى مكاتب عاليه طلبەسی. «اوقرابينستا غرومادا» نامندەکی جمعیت اطرافنده طوپلانمشلردر.,0.12222222222222222,0.06666666666666667,0.05555555555555555,0.8,0.4,0.4,94,89,90
512,اوقراينالي مكاتب عىليه طلبەسی. « ىوقخرابينستا غرومادا» نامتدەيی جمعیتق اطرافنده طوپل انمسلرذر.,اوقراينالي مكاتب عاليه طلبەسی. «اوقرابينستا غرومادا» نامتدەيی جمعیت اطرافنده طوپل انمسلردر.,اوقراينالى مكاتب عاليه طلبەسی. «اوقرابينستا غرومادا» نامندەکی جمعیت اطرافنده طوپلانمشلردر.,0.12222222222222222,0.05555555555555555,0.06666666666666667,0.8,0.4,0.4,94,91,90
513,اوراکنالى مكاتب عاليه طلبەسی. «اوقرابىنستى غرومادا» نامندەکی جمغیت اظرفبدة طوپلانمشلردر.,اوراينالى مكاتب عاليه طلبەسی. «اوقرابينستى غرومادا» نامندەکی جمعیت اظرفبده طوپلانمشلردر.,اوقراينالى مكاتب عاليه طلبەسی. «اوقرابينستا غرومادا» نامندەکی جمعیت اطرافنده طوپلانمشلردر.,0.1,0.05555555555555555,0.04444444444444445,0.4,0.3,0.10000000000000003,88,88,90
514,اوقراينالى مكاتب عالي طلةبەسی. «اوقرابينستا غرومادا» نامندەکی خمعیت اطرافنده طوپلانمشله ردر.,اوقراينالى مكاتب عالي طلهبەسی. «اوقراينا غرومادا» نامندەکی خمعیت اطرافنده طوپلانمشله ردر.,اوقراينالى مكاتب عاليه طلبەسی. «اوقرابينستا غرومادا» نامندەکی جمعیت اطرافنده طوپلانمشلردر.,0.05555555555555555,0.08888888888888889,-0.03333333333333334,0.5,0.6,-0.09999999999999998,92,89,90
515,اوقراكنالى مكايب عاليه طليەسی.«اوقرابينست اغرومادا » نمندەكی جمعیت اطرافنده طوپلانمشلردر.,اوقراينالى مكايب عاليه طليەسی.«اوقراينالى مكايب عاليه طليەسی.«اوقرابينست اغرومادا » نمندەکی جمعیت اطرافنده طوپلانمشلردر.,اوقراينالى مكاتب عاليه طلبەسی. «اوقرابينستا غرومادا» نامندەکی جمعیت اطرافنده طوپلانمشلردر.,0.1,0.4,-0.30000000000000004,0.6,0.8,-0.20000000000000007,89,120,90
516,اوقراينالا مكاتب عايه طلبەسی. اوقابينستا غرومادا» نامندەکی جمعیت اظرافنده طوپلانمشلردجر.,اوقراينالا مكاتب عايه طلبەسی. اوقراينا غرومادا» نامندەکی جمعیت اظرافنده طوپلانمشلردر.,اوقراينالى مكاتب عاليه طلبەسی. «اوقرابينستا غرومادا» نامندەکی جمعیت اطرافنده طوپلانمشلردر.,0.06666666666666667,0.07777777777777778,-0.011111111111111113,0.5,0.4,0.09999999999999998,88,85,90
517,اوقراينالى مكاتب عاليه طلبەسی.«اوقرابينستا غرومادا» نامندەکیجمعیت اطرافنده طوپلا نمشلردر.,اوقراينالى مكاتب عاليه طلبەسی.«اوقراينا غرومادا» نامندەکی جمعیت اطرافنده طوپلا نمشلردر.,اوقراينالى مكاتب عاليه طلبەسی. «اوقرابينستا غرومادا» نامندەکی جمعیت اطرافنده طوپلانمشلردر.,0.03333333333333333,0.05555555555555555,-0.02222222222222222,0.6,0.4,0.19999999999999996,89,87,90
518,اوقرايتلى مكاتي عاليهطلبەسی. «اوقرابينستى غرومادا» نام ندەکی جمعیت ىطرافنه طوپلانمشلرد ر.,اوقراينالى مكاتي عاليه طلبەسی. «اوقراينا غرومادا» نامندەکی جمعیت اطرافنه طوپلانمشلردر.,اوقراينالى مكاتب عاليه طلبەسی. «اوقرابينستا غرومادا» نامندەکی جمعیت اطرافنده طوپلانمشلردر.,0.1,0.05555555555555555,0.04444444444444445,1.0,0.3,0.7,89,86,90
519,اوقراينىلى مكاتب عاليه لبەسی. «اوقرابينستاغزوامادى» نامندەکی جمعیتاطرافنذه طولانمشلردر.,اوقراينالى مكاتب عاليه لبەسی. «اوقرايناستاغ وامادى» نامندەکی جمعیت اطرافنده طولانمشلردر.,اوقراينالى مكاتب عاليه طلبەسی. «اوقرابينستا غرومادا» نامندەکی جمعیت اطرافنده طوپلانمشلردر.,0.1,0.08888888888888889,0.011111111111111113,0.7,0.4,0.29999999999999993,87,88,90
520,بو حرکت ينويريه وتمدينيه اون بدنجی عصر ده او قراکنىقزاقلرينك فوة مسلحه سنه ىستادایدییوردی.,بو حرکت ينويريه وتمدينيه اون بدنجی عصر ده او قراينا قزاقلرينك فوه مسلحه سنه استاد ایدییوردی.,بو حرکت تنويريه وتمدينيه اون بدنجی عصر ده او قرايناقزاقلرينك قوة مسلحه سنه استادایدییوردی.,0.05555555555555555,0.05555555555555555,0.0,0.2857142857142857,0.42857142857142855,-0.14285714285714285,90,92,90
521,بو هرکت تنويريه وتمدينيةاون بدنحی عضر د ه او قرايناقزاقلرينك قوة مسلحه سنة استادایدیآیورجدی.,بو هرکت تنويريه وتمدينيه اون بدنحی عضر ده او قراينا قزاقلرينك قوه مسلحه سنه استاد ایدی آیورجدی.,بو حرکت تنويريه وتمدينيه اون بدنجی عصر ده او قرايناقزاقلرينك قوة مسلحه سنه استادایدییوردی.,0.1,0.1,0.0,0.5714285714285714,0.6428571428571429,-0.07142857142857151,92,95,90
522,بو حرکت ثنويرية وتدينيه ان بدنجیعصر ده او فرايناقزاقلزكنك قوة مسلحه سنة استا دایدییوردی.,بو حرکت بنويريه وتدينيه ان بدنجی عصر ده او قراينا قزاقلرينك قوه مسلحه سنه استاد ایدییوردی.,بو حرکت تنويريه وتمدينيه اون بدنجی عصر ده او قرايناقزاقلرينك قوة مسلحه سنه استادایدییوردی.,0.1111111111111111,0.06666666666666667,0.04444444444444444,0.6428571428571429,0.5714285714285714,0.07142857142857151,88,90,90
523,بو حرکت تنويرية وتمدينيه اون بذنجی عصر د او رايناقزاقلرينك قوةمسلحة سنه استاد ایدییوردی.,بو حرکت تنويريه وتمدينيه اون بدنجی عصر د او راينا قزاقلرينك قوهمسلحه سنه استاد ایدییوردی.,بو حرکت تنويريه وتمدينيه اون بدنجی عصر ده او قرايناقزاقلرينك قوة مسلحه سنه استادایدییوردی.,0.07777777777777778,0.06666666666666667,0.011111111111111113,0.5714285714285714,0.42857142857142855,0.14285714285714285,88,89,90
524,نو حرت تنىرية وتمدينياوب بدنجی ع ضر ده او قراىناقزاقلرينك قوه مسلحه سنه اسثادایدییوردی.,نوحرت تناريه وتمديني اوبر بدنجی عضر ده او قراينا قزاقلرينك قوه مسلحه سنه استاد ایدییوردی.,بو حرکت تنويريه وتمدينيه اون بدنجی عصر ده او قرايناقزاقلرينك قوة مسلحه سنه استادایدییوردی.,0.14444444444444443,0.13333333333333333,0.0111111111111111,0.7142857142857143,0.7857142857142857,-0.0714285714285714,87,89,90
525,بوهرکت تنويره وتمديينيه اون بدنجی عصر ده ىو قرايناقزاقلرينك قوة مسلحه سنه استادایدییوردی.,بوهرکت تنويره وتمديينيه اون بدنجی عصر ده او قراينا قزاقلرينك قوه مسلحه سنه استاد ایدییوردی.,بو حرکت تنويريه وتمدينيه اون بدنجی عصر ده او قرايناقزاقلرينك قوة مسلحه سنه استادایدییوردی.,0.05555555555555555,0.07777777777777778,-0.022222222222222227,0.35714285714285715,0.6428571428571429,-0.28571428571428575,89,91,90
526,بو حرکتتنوكريه وتمدينکه اون بدنجی عصر ده او قريبازاقلرينك قوة مسلحه سنه ىستادایدییوزدی.,بو حرکتنوكريه وتمدينكه اون بدنجی عصر ده او قريبازاقلرينك قوه مسلحه سنه استاد ایدییوردی.,بو حرکت تنويريه وتمدينيه اون بدنجی عصر ده او قرايناقزاقلرينك قوة مسلحه سنه استادایدییوردی.,0.08888888888888889,0.1,-0.011111111111111113,0.35714285714285715,0.5,-0.14285714285714285,87,87,90
527,بو حرکت تنويريه وتمندىنيه اون بدنجی عصفر ده او قرايناقزاقلرينک قو ة مسلحه شنه استادایدییورد.,بو حرکت تنويريه وتمندينيه اون بدنجی عصفر ده او قراينا قزاقلرينك قوه مسلحه سنه استاد ایدییوردر.,بو حرکت تنويريه وتمدينيه اون بدنجی عصر ده او قرايناقزاقلرينك قوة مسلحه سنه استادایدییوردی.,0.07777777777777778,0.06666666666666667,0.011111111111111113,0.5,0.5,0.0,92,94,90
528,بآو حرکت تنويزيه وتذينيه اون تدنصخی عصر ده او قزايناقزاقلرينك قوة مسلحه سنه اسنادایدییورذی,بو حرکت تنويريه وتدينيه اون تدنصی عصر ده او قزاينا قزاقلرينك قوه مسلحه سنه اسناد ایدییوردی.,بو حرکت تنويريه وتمدينيه اون بدنجی عصر ده او قرايناقزاقلرينك قوة مسلحه سنه استادایدییوردی.,0.12222222222222222,0.08888888888888889,0.033333333333333326,0.42857142857142855,0.5,-0.07142857142857145,90,91,90
529,بو ح زکت تنويريه وتمدينية اون بذنجی عصر ده او قرايناقزاقلرينك قوة مسلحه سنه استادیدییوردی.,بو حرکت تنويريه وتمدينيه اون بدنجی عصر ده او قراينا قزاقلرينك قوه مسلحه سنه استادیدییوردی.,بو حرکت تنويريه وتمدينيه اون بدنجی عصر ده او قرايناقزاقلرينك قوة مسلحه سنه استادایدییوردی.,0.05555555555555555,0.03333333333333333,0.02222222222222222,0.35714285714285715,0.2857142857142857,0.07142857142857145,90,90,90
530,بو حرک ت تنويريه وتمدينيهاون بدنجی عصر ده اوقريناقزاقلرينك قوهظمسلحه سنه استادایدییوردی.,بو حرکت تنويريه وتمدينيه اون بدنجی عصر ده اوقراينا قزاقلرينك قوه مسلحه سنه استاد ایدییوردی.,بو حرکت تنويريه وتمدينيه اون بدنجی عصر ده او قرايناقزاقلرينك قوة مسلحه سنه استادایدییوردی.,0.06666666666666667,0.044444444444444446,0.02222222222222222,0.5714285714285714,0.35714285714285715,0.21428571428571425,88,91,90
531,بو حرکت تنويره وتدينيه اوت بدنجی عصر ده او قرايزناقزاقلرينك قوه مسلحه سنه اسيادایدییوردی.,بو حرکت تنويره وتدينيه اوتبدنجی عصر ده او قراينا قزاقلرينك قوه مسلحه سنه اسياد ایدییوردی.,بو حرکت تنويريه وتمدينيه اون بدنجی عصر ده او قرايناقزاقلرينك قوة مسلحه سنه استادایدییوردی.,0.06666666666666667,0.08888888888888889,-0.022222222222222227,0.42857142857142855,0.6428571428571429,-0.21428571428571436,89,89,90
532,بو حرک تنويريه وتمدينيه اون بدنجی عصر ده اصو قرايباقزاقلرکنك قوه مسلحه سبه اسيادىیهدوردی.,بو حرکت تنويريه وتمدينيه اون بدنجی عصر ده اصوقراينا قزاقلرينك قوه مسلحه سبه اسيادیه دوردی.,بو حرکت تنويريه وتمدينيه اون بدنجی عصر ده او قرايناقزاقلرينك قوة مسلحه سنه استادایدییوردی.,0.12222222222222222,0.1111111111111111,0.011111111111111113,0.42857142857142855,0.42857142857142855,0.0,89,90,90
533,بو حريت تويريه وتمدينيه اون بدنجی عصر دة او قرىيناقزاقلرينك قوة مسلحه سنه استادایدییوردی.,بو حريت تويريه وتمدينيه اون بدنجی عصر ده او قراينا قزاقلرينك قوه مسلحه سنه استاد ایدییوردی.,بو حرکت تنويريه وتمدينيه اون بدنجی عصر ده او قرايناقزاقلرينك قوة مسلحه سنه استادایدییوردی.,0.044444444444444446,0.05555555555555555,-0.011111111111111106,0.2857142857142857,0.5,-0.2142857142857143,89,91,90
534,و حرکي تنويزيه وتمدينيه اون دنجی عص ر دهاو قريناقزاقلرينک فوة مسلحه سنه استادایدییورد,و حرکي تنويريه وتمدينيه اون دنجی عصر ده او قريناقزاقلرينك فوه مسلحه سنه استاد ایدییوردی.,بو حرکت تنويريه وتمدينيه اون بدنجی عصر ده او قرايناقزاقلرينك قوة مسلحه سنه استادایدییوردی.,0.12222222222222222,0.07777777777777778,0.04444444444444444,0.7142857142857143,0.5,0.2142857142857143,85,88,90
535,بو حرکتتنويريه ومدينيه اون بد نجی عصز ده او قراينازاقلرينك قوة مسل حه سن ه استىدایدییوردی.,بو حرکت تنويريه ومدينيه اون بدنجی عصر ده او قراينازاقلرينك قوه مسلحه سنه استاد ایدییوردی.,بو حرکت تنويريه وتمدينيه اون بدنجی عصر ده او قرايناقزاقلرينك قوة مسلحه سنه استادایدییوردی.,0.08888888888888889,0.044444444444444446,0.044444444444444446,0.8571428571428571,0.35714285714285715,0.49999999999999994,90,89,90
536,يوس حرکت ينوي ريه تمدحينيه اون بديجی عصر ده او قراىناقزاقلرينك قوة مسلحه سه ىستادایدییوردی.,بوس حرکت ينويريه تمدحينيه اون بديجی عصر ده او قراينا قزاقلرينك قوه مسلحه سه استاد ایدییوردی.,بو حرکت تنويريه وتمدينيه اون بدنجی عصر ده او قرايناقزاقلرينك قوة مسلحه سنه استادایدییوردی.,0.1111111111111111,0.1,0.0111111111111111,0.5714285714285714,0.7142857142857143,-0.1428571428571429,91,92,90
537,بفو حركت تنويريه وتمدينيه اون بدنجی عصر ده او قرايناق زاقلريبك قوة ملحه سنة استادایدییوردی.,بو حركت تنويريه وتمدينيه اون بدنجی عصر ده او قرايناق زاقلرينك قوه ملحه سنه استاد ایدییوردی.,بو حرکت تنويريه وتمدينيه اون بدنجی عصر ده او قرايناقزاقلرينك قوة مسلحه سنه استادایدییوردی.,0.06666666666666667,0.05555555555555555,0.011111111111111113,0.42857142857142855,0.5,-0.07142857142857145,91,91,90
538,بو حرکت تنهويريه وتمدينيه اون بدنجی عصر ده او قراينىق زاقلرفكنك قوة مسلحه سنة استادایدیوردی.,بو حرکت تنهويريه وتمدينيه اون بدنجی عصر ده او قرايناق زاقلرفكنك قوه مسلحه سنه استاد ایدیوردی.,بو حرکت تنويريه وتمدينيه اون بدنجی عصر ده او قرايناقزاقلرينك قوة مسلحه سنه استادایدییوردی.,0.07777777777777778,0.07777777777777778,0.0,0.35714285714285715,0.42857142857142855,-0.0714285714285714,92,93,90
539,بو حرکت تنويريه وتمدينيه اون بدنجی عصر ده ىو قرىىناقزاقلركنك قوة مسلحه سنه ىستادایدییوردی.,بو حرکت تنويريه وتمدينيه اون بدنجی عصر ده او قراينا قزاقلركنك قوه مسلحه سنه استاد ایدییوردی.,بو حرکت تنويريه وتمدينيه اون بدنجی عصر ده او قرايناقزاقلرينك قوة مسلحه سنه استادایدییوردی.,0.05555555555555555,0.044444444444444446,0.011111111111111106,0.21428571428571427,0.35714285714285715,-0.14285714285714288,90,92,90
540,حالبوكةزوسیەده متمکن ىولان اوتوز مليزوظن ازوقراينالى غالیچادەكی قردىشلرينك تاثر و نفوذى آلتنذه کندی منافع مله وسياسەلرىبى بةحسق مهاكمه تقدير ايدەجك بر,حال بوكهروسیەده متمکن اولان اوتوز مليزون ازوقراينالى غالیچادەکی قرديشلرينك تاثر و نفوذى آلتنده کندی منافع مله وسياسەلرى به حسق مهايمه تقدير ايدەجك بر.,حالبوكه روسیەده متمکن اولان اوتوز مليون اوقراينالى غالیچادەكی قرداشلرينك تأثير و نفوذى آلتنده کندی منافع مليه وسياسەلرينى بحق محاكمه وتقدير ايدەجك بر,0.12080536912751678,0.12080536912751678,0.0,0.5909090909090909,0.6363636363636364,-0.045454545454545414,150,150,149
541,حالبوكه روسیەدة متمکن اتولان اوتوز مليون اوقراينالى غالیچادەيی قرداشرينك تأثير وإ نقوذى آلتنده کندی منافع مليهوسياسەلرينى بحق محاكمه وتقدير اکدەخك بر,حالبوكه روسیەده متمکن اتولان اوتوز مليون اوقراينالى غالیچادەيی قرداشرينك تأثير وإنقوذى آلتنده کندی منافع مليه وسياسەلرينى بحق محاكمه وتقدير ايدەخك بر.,حالبوكه روسیەده متمکن اولان اوتوز مليون اوقراينالى غالیچادەكی قرداشلرينك تأثير و نفوذى آلتنده کندی منافع مليه وسياسەلرينى بحق محاكمه وتقدير ايدەجك بر,0.06040268456375839,0.04697986577181208,0.01342281879194631,0.4090909090909091,0.3181818181818182,0.09090909090909094,149,150,149
542,حالبوكه ر وسیەده متمکن ىولاي اوتور مليون اوقراينالى غالیچصادەكی قرداشلرينك تأثيز و نفوذى آلتنده کندجی مافع ملية وسياسەلريقن ى بحف محاكمه وتقدير اكدەجك ب,حال بوكه روسیەده متمکن اولان اوتور مليون اوقراينالى غالیچادەکی قرداشلرينك تأثير و نفوذى آلتنده کندی مافع مليه وسياسەلريقنا بحق محاكمه وتقدير ايدەجك بر,حالبوكه روسیەده متمکن اولان اوتوز مليون اوقراينالى غالیچادەكی قرداشلرينك تأثير و نفوذى آلتنده کندی منافع مليه وسياسەلرينى بحق محاكمه وتقدير ايدەجك بر,0.09395973154362416,0.040268456375838924,0.05369127516778524,0.6363636363636364,0.2727272727272727,0.36363636363636365,152,150,149
543,حالبوكه روسیەده متمكن اولان اوتوز مليون اوقرىينالى غالیچىدەی قزداشلرينك تأثي و نفوذى آلتنده کنذی منافع مليه وسياسەلرينى بحق محاكمه وتاقدير ايدەجك بر,حالبوكه روسیەده متمكن اولان اوتوز مليون اوقراينالى غالیچادەی قزداشلرينك تأثي و نفوذى آلتنده کندی منافع مليه وسياسەلرينى بحق محاكمه وتاقدير ايدەجك بر.,حالبوكه روسیەده متمکن اولان اوتوز مليون اوقراينالى غالیچادەكی قرداشلرينك تأثير و نفوذى آلتنده کندی منافع مليه وسياسەلرينى بحق محاكمه وتقدير ايدەجك بر,0.053691275167785234,0.040268456375838924,0.01342281879194631,0.3181818181818182,0.2727272727272727,0.04545454545454547,148,149,149
544,حابوكه روسیە ده متمکن الان اوتوز مليون اوقراينالى غىلیچادەكی قرداشلرين ك تأثير و نفوذىآلتنده کندی منافع مليه وسياسەلرينى بشح محاکمه وتقدير ايدەجك بر,حابوكه روسیەده متمکن الان اوتوز مليون اوقراينالى غالیچادەکی قرداشلرينك تأثير و نفوذ آلتنده کندی منافع مليه وسياسەلرينى بشح محاکمه وتقدير ايدەجك بر.,حالبوكه روسیەده متمکن اولان اوتوز مليون اوقراينالى غالیچادەكی قرداشلرينك تأثير و نفوذى آلتنده کندی منافع مليه وسياسەلرينى بحق محاكمه وتقدير ايدەجك بر,0.06040268456375839,0.053691275167785234,0.0067114093959731586,0.5,0.3181818181818182,0.18181818181818182,148,147,149
545,حالبوكه روسیەده مت مکن اولان اوتوز مليون ىوقراىنالا غالیچادەكی قکردىش لرکنك تأير و نفوذى آلتنده ک ندی منافع مليه وشىاسەلرينى بحق محاكمره ونقدير ايدەجك ي,حالبوكه روسیەده متمکن اولان اوتوز مليون اوقراينالى غالیچادەکی قکرديش لرينك تأير و نفوذى آلتنده کندی منافع مليه وشاسەلرينى بحق محاكمره ونقدير ايدەجك ي,حالبوكه روسیەده متمکن اولان اوتوز مليون اوقراينالى غالیچادەكی قرداشلرينك تأثير و نفوذى آلتنده کندی منافع مليه وسياسەلرينى بحق محاكمه وتقدير ايدەجك بر,0.10738255033557047,0.0738255033557047,0.033557046979865765,0.5454545454545454,0.36363636363636365,0.18181818181818177,152,149,149
546,حالبوكهه روشیەده متمکن اولان اوتوز مليون اوقراينالى غالیچادەكی قرذاشلرينك تأثر و نف وذى آلتندة کندی مافع ملية وسياسەلريني بحق مهاكمه وتقدىر ايد ەج بز,حال بوكهه روسیەده متمکن اولان اوتوز مليون اوقراينالى غالیچادەکی قرداشلرينك تأثر و نفوذى آلتنده کندی مافع مليه وسياسەلرينك بحق مهايمه وتقدار ايدەجنر,حالبوكه روسیەده متمکن اولان اوتوز مليون اوقراينالى غالیچادەكی قرداشلرينك تأثير و نفوذى آلتنده کندی منافع مليه وسياسەلرينى بحق محاكمه وتقدير ايدەجك بر,0.09395973154362416,0.08053691275167785,0.013422818791946317,0.6818181818181818,0.45454545454545453,0.22727272727272724,149,147,149
547,حالبوكه روسیەده متمك ن اولان اوتوز مليوب اوقر اىنالى غالیچادەكی قرداشلرينك تأثير و نفوذى آلتنده کندی منافع مليه وسياشەلرينى بحق محاكمه وتقدير ايدەجك بر,حالبوكه روسیەده متمكن اولان اوتوز مليوب اوقراينالى غالیچادەکی قرداشلرينك تأثير و نفوذى آلتنده کندی منافع مليه وسياشەلرينى بحق محاكمه وتقدير ايدەجك بر.,حالبوكه روسیەده متمکن اولان اوتوز مليون اوقراينالى غالیچادەكی قرداشلرينك تأثير و نفوذى آلتنده کندی منافع مليه وسياسەلرينى بحق محاكمه وتقدير ايدەجك بر,0.040268456375838924,0.03355704697986577,0.006711409395973152,0.2727272727272727,0.22727272727272727,0.04545454545454544,151,150,149
548,حالبوه روسیەده متمکن اولاناويو مليوني اوقراينالى غالیچخادەكی قرداشلرينك تأثير و نفوذى آلتثدة کندی منافع مليهوسياسەلرينى بحف محاكصمه وتقدير ايدەحك بر,حالبوه روسیەده متمکن اولان اويون مليونك اوقراينالى غالیچادەکی قرداشلرينك تأثير و نفوذى آلتده کندی منافع مليه وسياسەلرينى بحق محاكصمه وتقدير ايدەحك بر.,حالبوكه روسیەده متمکن اولان اوتوز مليون اوقراينالى غالیچادەكی قرداشلرينك تأثير و نفوذى آلتنده کندی منافع مليه وسياسەلرينى بحق محاكمه وتقدير ايدەجك بر,0.08053691275167785,0.06040268456375839,0.020134228187919455,0.5,0.36363636363636365,0.13636363636363635,148,150,149
549,هالبوكه رسیەذه متکن اولان اوتوز مليون اوقراينلى غىلیچدەكیث قرداشلرينك تأثير و نفوذى آلتندة کندی منافغ مليه وىاسەلرينى بحق محاككمه وتفدير ايدەجك بر,هالبوكه رسیەده متکن اولان اوتوز مليون اوقراينالى غالیچدەکی قرداشلرينك تأثير و نفوذى آلتنده کندی منافع مليه واسەلرينى بحق محاكمه وتفدير ايدەجك بر.,حالبوكه روسیەده متمکن اولان اوتوز مليون اوقراينالى غالیچادەكی قرداشلرينك تأثير و نفوذى آلتنده کندی منافع مليه وسياسەلرينى بحق محاكمه وتقدير ايدەجك بر,0.09395973154362416,0.06040268456375839,0.03355704697986577,0.45454545454545453,0.3181818181818182,0.13636363636363635,146,145,149
550,حىلبوكة رخوس یەده متمکنق اولاي اوتوز مليون ىوقاينالى غالیچادەكی قرداشلرنك تأثير و نفوذى آلتنده کنذی منافع مليه وشياسەلركنى بحق محاكمه وتقدير اييدەجك بر,حال بوكه رخوسیەده متمکنق اولان اوتوز مليون اوقراينالى غالیچادەکی قرداشلرنك تأثير و نفوذى آلتنده کندی منافع مليه وشياسەلركنى بحق محاكمه وتقدير ايدەجك بر.,حالبوكه روسیەده متمکن اولان اوتوز مليون اوقراينالى غالیچادەكی قرداشلرينك تأثير و نفوذى آلتنده کندی منافع مليه وسياسەلرينى بحق محاكمه وتقدير ايدەجك بر,0.087248322147651,0.053691275167785234,0.03355704697986577,0.45454545454545453,0.36363636363636365,0.09090909090909088,151,152,149
551,حالبوكه روسینەده متمکن اولان اوتوز مليون اوقراينالى غالیچادەكی فرداشلرينك تأثير و نفوذى آلتنده کندی منافع مليه وياسەلرينى بحق محاكمه وتقديز ايدەجك بر,حالبوكه روسینەده متمکن اولان اوتوز مليون اوقراينالى غالیچادەکی فرداشلرينك تأثير و نفوذى آلتنده کندی منافع مليه وياسەلرينى بحق محاكمه وتقدير ايدەجك بر.,حالبوكه روسیەده متمکن اولان اوتوز مليون اوقراينالى غالیچادەكی قرداشلرينك تأثير و نفوذى آلتنده کندی منافع مليه وسياسەلرينى بحق محاكمه وتقدير ايدەجك بر,0.026845637583892617,0.03355704697986577,-0.006711409395973155,0.18181818181818182,0.22727272727272727,-0.04545454545454544,149,150,149
552,حالبوكه روسیەذه متمکن اولن اوتوز مليون اوقرىينالى غالیچادەكی قردالرينك تأثير و يفوذى آلتدهظ کندی منافع مليه وخسياسلرينى بحق محاكمه وتقدىر اىدەجك رب,حالبوكه روسیەده متمکن اولن اوتوز مليون اوقراينالى غالیچادەکی قردالرينك تأثير و يفوذى آلتده کندی منافع مليه وخسياسلرينى بحق محاكمه وتقدير ايدەجكرب,حالبوكه روسیەده متمکن اولان اوتوز مليون اوقراينالى غالیچادەكی قرداشلرينك تأثير و نفوذى آلتنده کندی منافع مليه وسياسەلرينى بحق محاكمه وتقدير ايدەجك بر,0.087248322147651,0.06040268456375839,0.026845637583892613,0.45454545454545453,0.36363636363636365,0.09090909090909088,147,145,149
553,حالبوک روسیەده متمکن اولان اوتور ميون اوقراينالى غالیچادەكی قفردىسلرينک تأثير و نفوذى آلنده كندی مبافع مليه وسياسەلرينى نحق محىيمه وقدير ايدەجك بز,حالبوك روسیەده متمکن اولان اوتور ميون اوقراينالى غالیچادەکی قفرديسلرينك تأثير و نفوذى آلنده کندی مبافع مليه وسياسەلرينى نحق محايمه وقدير ايدەجك بر.,حالبوكه روسیەده متمکن اولان اوتوز مليون اوقراينالى غالیچادەكی قرداشلرينك تأثير و نفوذى آلتنده کندی منافع مليه وسياسەلرينى بحق محاكمه وتقدير ايدەجك بر,0.10738255033557047,0.087248322147651,0.020134228187919462,0.5,0.5,0.0,146,147,149
554,حالبوكه روسیەده متمن اولان اوتوز مليوناوقراينالى غالیچادەكی قرداشصلرينك تأثير و نفوذى آلتبدهکندی منافع ملية وشياسەلرينى يحق محىکمه وتقديز ايدەجك بر,حالبوكه روسیەده متمن اولان اوتوز مليون اوقراينالى غالیچادەکی قرداشلرينك تأثير و نفوذى آلتبده کندی منافع مليه وشياسەلرينى يحق محاکمه وتقدير ايدەجك بر.,حالبوكه روسیەده متمکن اولان اوتوز مليون اوقراينالى غالیچادەكی قرداشلرينك تأثير و نفوذى آلتنده کندی منافع مليه وسياسەلرينى بحق محاكمه وتقدير ايدەجك بر,0.0738255033557047,0.04697986577181208,0.02684563758389262,0.5,0.3181818181818182,0.18181818181818182,147,149,149
555,حالبوكه روسیەذ متمکن اولاب اوتوز مليون ىوقراينالى غایچدەكی قردىشلرينك تأثير و نفوذى آلتنده کنی منافع ملکهوسياسەلرينى بحق محاكمة وتقدير ىيدەجك بر,حالبوكه روسیەده متمکن اولاب اوتوز مليون اوقراينالى غایچدەکی قرديشلرينك تأثير و نفوذى آلتنده کنی منافع ملکه وسياسەلرينى بحق محاكمه وتقدير ايدەجك بر.,حالبوكه روسیەده متمکن اولان اوتوز مليون اوقراينالى غالیچادەكی قرداشلرينك تأثير و نفوذى آلتنده کندی منافع مليه وسياسەلرينى بحق محاكمه وتقدير ايدەجك بر,0.08053691275167785,0.053691275167785234,0.026845637583892613,0.45454545454545453,0.2727272727272727,0.18181818181818182,144,147,149
556,حال بوزكة روسیده متمکن اولان اوبوز مليون اوقراينالقى غالیچادەكی فرداشلري نك بأزنير و نفوذى آلتتده کندی منافع ملىه وسياسفەلرينى بحف محاكمه وتقدير اىدەجك بر,حال بوزكه روسیده متمکن اولان اوبوز مليون اوقراينالقى غالیچادەکی فرداشلرينك برنير و نفوذى آلتتده کندی منافع ملاه وسياسەلرينى بحف محاكمه وتقدير ايدەجك بر.,حالبوكه روسیەده متمکن اولان اوتوز مليون اوقراينالى غالیچادەكی قرداشلرينك تأثير و نفوذى آلتنده کندی منافع مليه وسياسەلرينى بحق محاكمه وتقدير ايدەجك بر,0.10738255033557047,0.09395973154362416,0.013422818791946303,0.5909090909090909,0.5454545454545454,0.045454545454545525,154,152,149
557,حالبوکه زوسیەده متمکن اولان اويوز ميون اوقرىينالى غاسلیچادەكی قرداشلر کنك تأثيز و نفودى آلتنده ندی منافع ملية وسياشەلرينى بهق محاكمه وتقدير ايدەجكبر,حال بوکه زوسیەده متمکن اولان اويوز ميون اوقراينالى غاسلیچادەکی قرداشلر کنك تأثير و نفودى آلتنده ندی منافع مليه وسياشەلرينى به محاكمه وتقدير ايدەجكبر.,حالبوكه روسیەده متمکن اولان اوتوز مليون اوقراينالى غالیچادەكی قرداشلرينك تأثير و نفوذى آلتنده کندی منافع مليه وسياسەلرينى بحق محاكمه وتقدير ايدەجك بر,0.10067114093959731,0.10738255033557047,-0.0067114093959731586,0.7272727272727273,0.6363636363636364,0.09090909090909094,148,149,149
558,حالبوکه روسیەده متمکن اشلان اوتز مليون اوقراينالى غالیچاەكی قرداشلرينك تأتير و تفوذى آلتنده ندی منافعمليه وسياسەلرغينى بحق محاكمه وتقدير يدەجك بر,حال بوکه روسیەده متمکن اشلان اوترمليون اوقراينالى غالیچاەکی قرداشلرينك تأتير و تفوذى آلتنده ندی منافعمليه وسياسەلرينى بحق محاكمه وتقدير يدەجك بر.,حالبوكه روسیەده متمکن اولان اوتوز مليون اوقراينالى غالیچادەكی قرداشلرينك تأثير و نفوذى آلتنده کندی منافع مليه وسياسەلرينى بحق محاكمه وتقدير ايدەجك بر,0.06711409395973154,0.09395973154362416,-0.02684563758389262,0.5,0.5909090909090909,-0.09090909090909094,145,145,149
559,حالبوكه رو سیەده متمکن اولاي ىوتوأز مليون اوقرايثالى غالیچادەكی قرداسلرينك تأثىر و نفوذى آلتنده ندی منافع مل يه وسىاسەلبزينا تحق محاكمه وتقدير ايدەجك بر,حالبوكه روسیەده متمکن اولان اوتوأز مليون اوقراينالى غالیچادەکی قرداسلرينك تأثير و نفوذى آلتنده بر.,حالبوكه روسیەده متمکن اولان اوتوز مليون اوقراينالى غالیچادەكی قرداشلرينك تأثير و نفوذى آلتنده کندی منافع مليه وسياسەلرينى بحق محاكمه وتقدير ايدەجك بر,0.09395973154362416,0.37583892617449666,-0.2818791946308725,0.5454545454545454,0.5454545454545454,0.0,152,98,149
560,اكي نهايت (٥٠خ) نجى سنەلرك متفرق حرآكاتندن ضکره سنهلر کمشوكويليل استحصال ازاضی و حقق ايدنه چارلغه جداً ضاري لمش وشکونته طالشذى.,اكي نهايت (٥٠خ) نجى سنەلرك متفرق حركاتندن ضکره سنهلر کمش وكويليلك استحصال ازاضی و حقق ايدنه چارلغه جداً ضاريلمش وشکونته طالشدى.,اك نهايت (٥٠) نجى سنەلرك متفرق حركاتندن صکره سنهلر کمش وكويليل استحصال اراضی و حقوق ايدنجه چارلغه جداً صاريلمش وسکونته طالشدى.,0.09523809523809523,0.07142857142857142,0.023809523809523808,0.6190476190476191,0.42857142857142855,0.19047619047619052,127,127,126
561,اك نهايت (٥٠) نجى سنەرك متفرق هركىتندن صکرزه سندهلر كخمش وكويليل استحصال اراضی و قوق ايدنجهچارله جداً صاريلمش وسکوتهطالشدى.,اك نهايت (٥٠) نجى سنەرك متفرق هركاتندن صکرزه سنده لر كخمش وكويليلك استحصال اراضی و قوق ايدنجه چارله جداً صاريلمش وسيوته طالشدى.,اك نهايت (٥٠) نجى سنەلرك متفرق حركاتندن صکره سنهلر کمش وكويليل استحصال اراضی و حقوق ايدنجه چارلغه جداً صاريلمش وسکونته طالشدى.,0.09523809523809523,0.09523809523809523,0.0,0.47619047619047616,0.47619047619047616,0.0,123,127,126
562,اك نايتف (٥٠) نجى سنەلرك متفق حركاتندنك ضکره سنهلر کمش وكويل يلاشتحصال اراصی و حقوق ايدنجهچارلغة جداً صاريمش وسکونته طالشدا.,اك نايتف (٥٠) نجى سنەلرك متفق حركاتندنك ضکره سنهلر کمش وكويليلاشتحال اراصی و حقوق ايدنجه چارلغه جداً صاريمش وسکونته طالشدى.,اك نهايت (٥٠) نجى سنەلرك متفرق حركاتندن صکره سنهلر کمش وكويليل استحصال اراضی و حقوق ايدنجه چارلغه جداً صاريلمش وسکونته طالشدى.,0.10317460317460317,0.07936507936507936,0.023809523809523808,0.5238095238095238,0.38095238095238093,0.1428571428571429,124,123,126
563,اك نهايت (٥) نجى سنەلرك متفرق حرياتندن صجکره سنهلر کمش ويوغيليل استحصا ل اراصی و حقوق يدنجة چىرلغه جداً صاريلمش وس کون ته طالشدى.,اك نهايت (٥) نجى سنەلرك متفرق حرياتندن صجکره سنهلر کمش ويوغيليل استحصال اراصی و حقوق يدنجه چارلغه جداً صاريلمش وسکون ته طالشدى.,اك نهايت (٥٠) نجى سنەلرك متفرق حركاتندن صکره سنهلر کمش وكويليل استحصال اراضی و حقوق ايدنجه چارلغه جداً صاريلمش وسکونته طالشدى.,0.09523809523809523,0.06349206349206349,0.031746031746031744,0.5714285714285714,0.38095238095238093,0.19047619047619047,129,127,126
564,اك نهايت (٥٠) جى سنەرك مت فرق حركاتند ن ضکزه سنهلر کمش وكويليل استحصال اراضی و حقوق ىيدنجه چارلغه جداً صاريلمش وسکونته طالشدى.,اك نهايت (٥٠) جى سنەرك متفرق حركاتندن ضکره سنهلر کمش وكويليلك استحصال اراضی و حقوق ايدنجه چارلغه جداً صاريلمش وسکونته طالشدى.,اك نهايت (٥٠) نجى سنەلرك متفرق حركاتندن صکره سنهلر کمش وكويليل استحصال اراضی و حقوق ايدنجه چارلغه جداً صاريلمش وسکونته طالشدى.,0.05555555555555555,0.031746031746031744,0.023809523809523808,0.38095238095238093,0.19047619047619047,0.19047619047619047,126,125,126
565,اك نهايت (٥٠) نججى سنەلرك متفرق هركاتندن صکر ة سنهلر كمش وكويليل استحصالارای و حقو ايدنجه چالغه حداً صىريلمش وسکونته طالشدا.,اك نهايت (٥٠) نجى سنەلرك متفرق حركاتندن صکره سنهلر كمش وكويليلك استحالارای و حقو ايدنجه چالغه حداً صاريلمش وسکونته طالشدى.,اك نهايت (٥٠) نجى سنەلرك متفرق حركاتندن صکره سنهلر کمش وكويليل استحصال اراضی و حقوق ايدنجه چارلغه جداً صاريلمش وسکونته طالشدى.,0.09523809523809523,0.06349206349206349,0.031746031746031744,0.5714285714285714,0.3333333333333333,0.23809523809523808,124,122,126
566,اك نهايت (٠) نجا سثەلرک متفرق حركىتنذن صيره سنهلر کمش وكويليل ستحصال اراضی و حقوق اكدنجه چارلغة جدىدً ضىرلمش وسکونته طالشدى.,اك نهايت (٠) نجاسنەلرك متفرق حركاتندن صيره سنهلر کمش وكويليلك ستحصال اراضی و حقوق ايدنجه چارلغه جدادً صارلمش وسکونته طالشدى.,اك نهايت (٥٠) نجى سنەلرك متفرق حركاتندن صکره سنهلر کمش وكويليل استحصال اراضی و حقوق ايدنجه چارلغه جداً صاريلمش وسکونته طالشدى.,0.11904761904761904,0.06349206349206349,0.05555555555555555,0.47619047619047616,0.38095238095238093,0.09523809523809523,124,124,126
567,اك نهايت (٥٠) نجى سنەلرك متفرقح ركىتيذن صکره سنهلر کمش وكويليل استحصال اراضی و حقوق ايدنجه چىرلغه جداًصاريلمش وسکونيه طالشى.,اك نهايت (٥٠) نجى سنەلرك متفرق ركاتيدن صکره سنهلر کمش وكويليلك استحصال اراضی و حقوق ايدنجه چارلغه جداً صاريلمش وسکونيه طالشى.,اك نهايت (٥٠) نجى سنەلرك متفرق حركاتندن صکره سنهلر کمش وكويليل استحصال اراضی و حقوق ايدنجه چارلغه جداً صاريلمش وسکونته طالشدى.,0.07142857142857142,0.03968253968253968,0.031746031746031744,0.3333333333333333,0.19047619047619047,0.14285714285714285,124,125,126
568,اك نهايت (٥٠) نخى سنەلرك متفرق حركاتندرن صکر ه سنهلر کمش وكويليل استحصىل اراضی و حفوق ايدنجه چارلغه جداً صاريلمش وسکونته طالسدى.,اك نهايت (٥٠) نخى سنەلرك متفرق حركاتندرن صکره سنهلر کمش وكويليلك استحصال اراضی و حقوق ايدنجه چارلغه جداً صاريلمش وسکونته طالسدى.,اك نهايت (٥٠) نجى سنەلرك متفرق حركاتندن صکره سنهلر کمش وكويليل استحصال اراضی و حقوق ايدنجه چارلغه جداً صاريلمش وسکونته طالشدى.,0.047619047619047616,0.031746031746031744,0.015873015873015872,0.3333333333333333,0.19047619047619047,0.14285714285714285,128,128,126
569,ىك تهاكت (٥٠) نجى سنەلرک متفرف حركاثندن صکره سنهلر كمش وكويليل استحصال اراضی و حقق ايدنجه چارلغه جداً صارلمش وشکونته طالشدى.,اك تهاكت (٥٠) نجى سنەلرك متفرف حركاتندن صکره سنهلر كمش وكويليلك استحصال اراضی و حقق ايدنجه چارلغه جداً صارلمش وشکونته طالشدى.,اك نهايت (٥٠) نجى سنەلرك متفرق حركاتندن صکره سنهلر کمش وكويليل استحصال اراضی و حقوق ايدنجه چارلغه جداً صاريلمش وسکونته طالشدى.,0.07936507936507936,0.06349206349206349,0.015873015873015872,0.42857142857142855,0.3333333333333333,0.09523809523809523,124,125,126
570,اك نهايت (٥٠) نجى سنەلرك متفرق حرآكاتندن صکر ه سبهلر کمش وكويلکل استحصال اراضی و حقوقايدنج ارلغه جداً صاريلمش وسکونتة طالشدا.,اك نهايت (٥٠) نجى سنەلرك متفرق حركاتندن صکره سبهلر کمش وكويليلك استحصال اراضی و حقوق ايدن ارلغه جداً صاريلمش وسکونته طالشدى.,اك نهايت (٥٠) نجى سنەلرك متفرق حركاتندن صکره سنهلر کمش وكويليل استحصال اراضی و حقوق ايدنجه چارلغه جداً صاريلمش وسکونته طالشدى.,0.07142857142857142,0.03968253968253968,0.031746031746031744,0.47619047619047616,0.19047619047619047,0.2857142857142857,125,124,126
571,اك نهايت (٥٠) نجى سنەلرك متفرق حركا تندن صکره سنهلر کمش وكويليل استحالاراضشی و حفوق اكدنجه چارلغة حداً صاريلمش وسکنته طالشدى.,اك نهايت (٥٠) نجى سنەلرك متفرق حركاتندن صکره سنهلر کمش وكويليلك استحالاراسی و حقوق ايدنجه چارلغه حداً صاريلمش وسکنته طالشدى.,اك نهايت (٥٠) نجى سنەلرك متفرق حركاتندن صکره سنهلر کمش وكويليل استحصال اراضی و حقوق ايدنجه چارلغه جداً صاريلمش وسکونته طالشدى.,0.07142857142857142,0.047619047619047616,0.023809523809523808,0.42857142857142855,0.23809523809523808,0.19047619047619047,125,124,126
572,اك نهايت (٥٠) نجى سنەلرك متفرقحركاتندب صکره سن هبلر کمش وكولي ل اتهصىل ازاضیز و حقوق ايدنجه چارلغه جداً صارىلمش وسوننه طالشدى.,اك نهايت (٥٠) نجى سنەلرك متفرق حركاتندن صکره سنه بلر کمش وكوليلال اتهال ازاضیر و حقوق ايدنجه چارلغه جداً صارالمش وسوننه طالشدى.,اك نهايت (٥٠) نجى سنەلرك متفرق حركاتندن صکره سنهلر کمش وكويليل استحصال اراضی و حقوق ايدنجه چارلغه جداً صاريلمش وسکونته طالشدى.,0.1111111111111111,0.09523809523809523,0.015873015873015872,0.47619047619047616,0.3333333333333333,0.14285714285714285,126,127,126
573,اك نهايت (٥٠) نجى سنەلرك متفرق حركاتندن صکره سهلر كمش وكويلىل اشتحصال اراضی و حقوق ىيدنجه چارغه جدىًصازيلمش وس کوني طالشد.,اك نهايت (٥٠) نجى سنەلرك متفرق حركاتندن صکره سهلر كمش وكويلال اشتحال اراضی و حقوق ايدنجه چارغه جداً صاريلمش وسکوني طالشدر.,اك نهايت (٥٠) نجى سنەلرك متفرق حركاتندن صکره سنهلر کمش وكويليل استحصال اراضی و حقوق ايدنجه چارلغه جداً صاريلمش وسکونته طالشدى.,0.10317460317460317,0.07142857142857142,0.031746031746031744,0.47619047619047616,0.3333333333333333,0.14285714285714285,122,122,126
574,اك نهايت (٥٠) نجى سنەلري متفرق حركاتندني صکره سنهلر کمش وكويليل استحضال ازاضی و حقوق ايدنجه ىرلغه جدىً صاريلمش وکونته طلشد.,اك نهايت (٥٠) نجى سنەلرك متفرق حركاتندن صکره سنهلر کمش وكويليلك استحال ازاضی و حقوق ايدنجه ارلغه جداً صاريلمش وکونته طلشدر.,اك نهايت (٥٠) نجى سنەلرك متفرق حركاتندن صکره سنهلر کمش وكويليل استحصال اراضی و حقوق ايدنجه چارلغه جداً صاريلمش وسکونته طالشدى.,0.07936507936507936,0.05555555555555555,0.023809523809523808,0.38095238095238093,0.2857142857142857,0.09523809523809523,123,123,126
575,اك نهضىيت (٥٠) نجى سنەلرك متفزق حزكاتندن صکره سنهلر کمش وكويليل ا ستحصل ىراضی و حقوق ايذنجه چارلغه جداً صاريلمش وسکونته طالشدى.,اك نهايت (٥٠) نجى سنەلرك متفرق حركاتندن صکره سنهلر کمش وكويليلى ستحصل اراضی و حقوق ايدنجه چارلغه جداً صاريلمش وسکونته طالشدى.,اك نهايت (٥٠) نجى سنەلرك متفرق حركاتندن صکره سنهلر کمش وكويليل استحصال اراضی و حقوق ايدنجه چارلغه جداً صاريلمش وسکونته طالشدى.,0.06349206349206349,0.023809523809523808,0.03968253968253968,0.3333333333333333,0.09523809523809523,0.23809523809523808,127,125,126
576,اك نهاىت (٥٠) نجى سنەلرك مأترق حركاتندن صکره سنهلر يمش وكويليل استهصال اراضی و حقوق ايدنجه چارلغه جداً صاريلمسش وسکونته طالشدى.,اك نهايت (٥٠) نجى سنەلرك مأترق حركاتندن صکره سنهلر يمش وكويليلك استهصال اراضی و حقوق ايدنجه چارلغه جداً صاريلمسش وسکونته طالشدى.,اك نهايت (٥٠) نجى سنەلرك متفرق حركاتندن صکره سنهلر کمش وكويليل استحصال اراضی و حقوق ايدنجه چارلغه جداً صاريلمش وسکونته طالشدى.,0.047619047619047616,0.047619047619047616,0.0,0.23809523809523808,0.23809523809523808,0.0,127,128,126
577,اك نهايث (٥٠) نحى سنەلرك متفرق حرکاتندن صكرهسنهلر يش وكويليل استحضال اراضی و حقوق اشيد نجه چارلغه جداً ص اريلمش وسکونتة طالشدى.,اك نهاين (٥٠) نحى سنەلرك متفرق حرکاتندن صكرهسنه لريش وكويليلك استحال اراضی و حقوق اسيدنجه چارلغه جداً صاريلمش وسکونته طالشدى.,اك نهايت (٥٠) نجى سنەلرك متفرق حركاتندن صکره سنهلر کمش وكويليل استحصال اراضی و حقوق ايدنجه چارلغه جداً صاريلمش وسکونته طالشدى.,0.09523809523809523,0.09523809523809523,0.0,0.5714285714285714,0.42857142857142855,0.14285714285714285,127,125,126
578,اك يهاسكت (٥ ٠) جى سنەلرك متفرق حركاتننا صکرة سآنهلر کمش وكوکليلاتحصىل اراضی و حقوق يدنجهچارلغهجداً صاريلمش وسيونته طالشدى.,اك يهاسكت (٥٠) جى سنەلرك متفرق حركاتننا صکره سنهلر کمش وكوليلات حصال اراضی و حقوق يدنجه چارلغه جداً صاريلمش وسيونته طالشدى.,اك نهايت (٥٠) نجى سنەلرك متفرق حركاتندن صکره سنهلر کمش وكويليل استحصال اراضی و حقوق ايدنجه چارلغه جداً صاريلمش وسکونته طالشدى.,0.1349206349206349,0.09523809523809523,0.03968253968253968,0.6190476190476191,0.3333333333333333,0.28571428571428575,123,123,126
579,اك نهايت (٥٠) جى سنەلزك متفرق حراتندن صکره سنهطلر کمش وكويلل استحصال اراضی وهفوق ايدنجه چارلغهع جدً صازيلمش وسكونته طلشدى.,اك نهايت (٥٠) جى سنەلرك متفرق حراتندن صکره سنه طلر کمش وكويلل استحصال اراضی وهفوق ايدنجه چارلغه جدً صاريلمش وسكونته طلشدى.,اك نهايت (٥٠) نجى سنەلرك متفرق حركاتندن صکره سنهلر کمش وكويليل استحصال اراضی و حقوق ايدنجه چارلغه جداً صاريلمش وسکونته طالشدى.,0.10317460317460317,0.0873015873015873,0.015873015873015872,0.5714285714285714,0.47619047619047616,0.09523809523809523,122,122,126
580,آكلامغ واوقراينا ملتبه كندى مدنىتك وحيان سياسيه سنه سربستی انکشافنی تامیي ايدەجكىجتماعی و سیىسی بربروغرامك لزوم تنظکمنى درك وتقدير اينکهغ باشل اديلر.,آكلامغ واوقراينا ملتبه كندى مدنيتك وحيان سياسيه سنه سربستی انکشافنی تامین ايدەجك اجتماعی و سیاسی بربروغرامك لروم تنظيمنى درك وتقدير اينك حغ باشلاديلر.,آكلامغه واوقراينا ملتنه كندى مدنيتنك وحيات سياسيه سنه سربستی انکشافنی تأمین ايدەجك اجتماعی و سیاسی بربروغرامك لزوم تنظيمنى درك وتقدير اينكه باشلاديلر.,0.09333333333333334,0.06,0.03333333333333334,0.5454545454545454,0.36363636363636365,0.18181818181818177,149,150,150
581,آكلامعه واقراينا ملتنة كنذىمد نيثثك وحيا سياسية سنه سربستی انكشافنی تأمین ايدەجكا ىجتماعی و سیاسی برروغرامك لزوم تنظيمنى در ك وتقدير اينكه با شلاديلر.,آكلامعه واقراينا ملتنه كنديمدنينك وحيا سياسيه سنه سربستی انك شافنی تأمین ايدەجكا اجتماعی و سیاسی بر روغرامك لزوم تنظيمنى درك وتقدير اينكه باشلاديلر.,آكلامغه واوقراينا ملتنه كندى مدنيتنك وحيات سياسيه سنه سربستی انکشافنی تأمین ايدەجك اجتماعی و سیاسی بربروغرامك لزوم تنظيمنى درك وتقدير اينكه باشلاديلر.,0.10666666666666667,0.06666666666666667,0.04000000000000001,0.6818181818181818,0.45454545454545453,0.22727272727272724,150,148,150
582,آكلامغه واقرايا ملتنه كندى مدنيتنك وحي ات سياسية شنه سربست ی اکشافنیيأمخین ىيدەج ك اجتماعی و سیىسی بزبروغآرامك لزوم تنظيمنى دزك وبقدير اينكه باسلادىلر.,آكلامغه واقراينا ملتنه كندى مدنيتنك وحيات سياسيه سنه سربستی اکشافنی تأمخین ايدەجك اجتماعی و سیاسی بر بروغرامك لزوم تنظيمنى درك وبقدير اينكه باسلاديلر.,آكلامغه واوقراينا ملتنه كندى مدنيتنك وحيات سياسيه سنه سربستی انکشافنی تأمین ايدەجك اجتماعی و سیاسی بربروغرامك لزوم تنظيمنى درك وتقدير اينكه باشلاديلر.,0.12666666666666668,0.04,0.08666666666666667,0.6818181818181818,0.3181818181818182,0.3636363636363636,151,150,150
583,آكلامغه اوقراينا ملتنه كدى مدت يتنك وحيات سياسيه سنقه سزبستی انکشافنی تأمیث ايدەجك اجتماعی و سیاسی بربروغرامك لزوم تن ظيمي درک وتقدير اينكة باشلاديلر.,آكلامغه اوقراينا ملتنه كدى مدت يتنك وحيات سياسيه سنقه سزبستی انکشافنی تأمین ايدەجك اجتماعی و سیاسی بربروغرامك لزومتنك ظيمي درك وتقدير اينك باشلاديلر.,آكلامغه واوقراينا ملتنه كندى مدنيتنك وحيات سياسيه سنه سربستی انکشافنی تأمین ايدەجك اجتماعی و سیاسی بربروغرامك لزوم تنظيمنى درك وتقدير اينكه باشلاديلر.,0.08,0.08,0.0,0.5,0.4090909090909091,0.09090909090909088,150,149,150
584,كلامغه وىوقرايا ملتنه كند ى مدنىتنک وحيىت سياسي سنه سربستی اکشافنی بأمین ايدەجي جتماعی و سیاسی نرنروعرامك لزوضم تنطيمنى درك وتقدير اينكة باسلاديلر.,كلامغه واوقراينا ملتنه كندى مدناتنك وحيات سياسيسنه سربستی اکشافنی بأمین ايدەجك جتماعی و سیاسی نرنروعرامك لروم تنطيمنى درك وتقدير اينك باسلاديلر.,آكلامغه واوقراينا ملتنه كندى مدنيتنك وحيات سياسيه سنه سربستی انکشافنی تأمین ايدەجك اجتماعی و سیاسی بربروغرامك لزوم تنظيمنى درك وتقدير اينكه باشلاديلر.,0.12666666666666668,0.09333333333333334,0.03333333333333334,0.7272727272727273,0.5454545454545454,0.18181818181818188,147,144,150
585,آكلامغه واوقراينا ملتنه كندى مدنيتنك وحيات سكىسيه سنهق سربستی يکشافنی تأمین ايدەجك اتماعی و سیاسی ثربروغرامك لزوم تنظيمنى درك وتقدير اينكه باشلادهيلز.,آكلامغه واوقراينا ملتنه كندى مدنيتنك وحيات سكاسيه سنه سربستی يکشافنی تأمین ايدەجك اتماعی و سیاسی بر بروغرامك لزوم تنظيمنى درك وتقدير اينكه باشلاده يلر.,آكلامغه واوقراينا ملتنه كندى مدنيتنك وحيات سياسيه سنه سربستی انکشافنی تأمین ايدەجك اجتماعی و سیاسی بربروغرامك لزوم تنظيمنى درك وتقدير اينكه باشلاديلر.,0.06,0.04666666666666667,0.013333333333333329,0.2727272727272727,0.3181818181818182,-0.04545454545454547,150,151,150
586,آلامغة واوقراين ملتنه كندى مدييتنك وحيات سياسيه س نه ربست ی انكشىفنیتأمین ايدەجك احتماعی و سیاسی بربروغزامك لزوم تنظيمنى درك وتقديراينكه بىلىدىلر.,آلامغه واوقراينا ملتنه كندى مدييتنك وحيات سياسيه سنه ربستی انك شافنی تأمین ايدەجك احتماعی و سیاسی بربروغزامك لروم تنظيمنى درك وتقديراينك به بالاديلر.,آكلامغه واوقراينا ملتنه كندى مدنيتنك وحيات سياسيه سنه سربستی انکشافنی تأمین ايدەجك اجتماعی و سیاسی بربروغرامك لزوم تنظيمنى درك وتقدير اينكه باشلاديلر.,0.11333333333333333,0.08,0.033333333333333326,0.5909090909090909,0.5,0.09090909090909094,146,149,150
587,آكلامغه واوقرانا ملتنه كندى مدنيتنك وحيات سي اشيهسنه سربسی انکشافنی تأمین ايدەجك اتما یو سهیاسی بربزغرامكلزوم تنظيمنى درک وتقدىر ايتكه بشلاديلر.,آكلامغه واوقراينا ملتنه كندى مدنيتنك وحيات سياسيهسنه سربسی انکشافنی تأمین ايدەجك اتما یو سهیاسی بربرامك لروم تنظيمنى درك وتقدير ايتكه بشلاديلر.,آكلامغه واوقراينا ملتنه كندى مدنيتنك وحيات سياسيه سنه سربستی انکشافنی تأمین ايدەجك اجتماعی و سیاسی بربروغرامك لزوم تنظيمنى درك وتقدير اينكه باشلاديلر.,0.10666666666666667,0.08,0.026666666666666672,0.5909090909090909,0.45454545454545453,0.1363636363636364,144,143,150
588,آكامغة واوقراينا ملتنه كنذا مدنيتنك وحىاي سکاسيه سنهشربستی انکشفنی تأمین ىيدەجك اجتمىعی و ساسی بربروغراصمك لزوم نظيمنى درك وتقذير اييكه باشلاديلز,آكامغه واوقراينا ملتنه كندا مدنيتنك وحااي سکاسيه سنه شربستی انکشفنی تأمین ايدەجك اجتماعی و ساسی بر بروغراصمك لزوم نظيمنى درك وتقدير اييكه باشلاديلر.,آكلامغه واوقراينا ملتنه كندى مدنيتنك وحيات سياسيه سنه سربستی انکشافنی تأمین ايدەجك اجتماعی و سیاسی بربروغرامك لزوم تنظيمنى درك وتقدير اينكه باشلاديلر.,0.12666666666666668,0.08,0.046666666666666676,0.6818181818181818,0.5,0.18181818181818177,145,148,150
589,آكلاغه واوقهراينا ملتنه کثدى مدنکتنك وحيىت سي اسيهت سنه سربستی انيشىفيی تأمین اىدەجك اجتماعیو سیاسی بربروغرامغك لزوم بنظيمنى درک وتقي اينكه باسلاديلر.,آكلاغه واوقراينا ملتنه کثدى مدنيتنك وحيات سياسيه سنه سربستی انيشافيی تأمین ايدەجك اجتماعی و سیاسی بر بروغرامغك لزوم بنظيمنى درك وتقيي اينكه باسلاديلر.,آكلامغه واوقراينا ملتنه كندى مدنيتنك وحيات سياسيه سنه سربستی انکشافنی تأمین ايدەجك اجتماعی و سیاسی بربروغرامك لزوم تنظيمنى درك وتقدير اينكه باشلاديلر.,0.12666666666666668,0.07333333333333333,0.053333333333333344,0.7272727272727273,0.36363636363636365,0.36363636363636365,150,150,150
590,آكلامغه واوقراينا ملتنه كندي مذنكننك وحيات سياسي سنه سرباستی نکشافنی تأمن ايدەجك اجتماعی و سیاسی بربرغرامك لزوم تنظ يمنى درک وثقدير اينكه باشلىديلر.,آكلامغه واوقراينا ملتنه كندي مذنكننك وحيات سياسي سنه سرباستی نکشافنی تأمن ايدەجك اجتماعی و سیاسی بربرغرامك لروم تنيمنى درك وقدير اينكه باشلاديلر.,آكلامغه واوقراينا ملتنه كندى مدنيتنك وحيات سياسيه سنه سربستی انکشافنی تأمین ايدەجك اجتماعی و سیاسی بربروغرامك لزوم تنظيمنى درك وتقدير اينكه باشلاديلر.,0.08666666666666667,0.08,0.006666666666666668,0.5454545454545454,0.45454545454545453,0.09090909090909088,148,145,150
591,آكلامغه واوقرايناملتنه كتدى مدنتنك وحيات سيىاسه سنه شزبستی انيشافتنی تمین ايدەجك اجتماعی و سیىسی بربروغرامك لزوم تنظكمنى درك وتقدير اكنكه باشلاديلر.,آكلامغه واوقراينا ملتنه كتدى مدنتنك وحيات سياسه سنه شربستی انيشافتنی تمین ايدەجك اجتماعی و سیاسی بربروغرامك لزوم تنكمنى درك وتقدير اينكه باشلاديلر.,آكلامغه واوقراينا ملتنه كندى مدنيتنك وحيات سياسيه سنه سربستی انکشافنی تأمین ايدەجك اجتماعی و سیاسی بربروغرامك لزوم تنظيمنى درك وتقدير اينكه باشلاديلر.,0.08666666666666667,0.06,0.026666666666666672,0.5,0.3181818181818182,0.18181818181818182,148,147,150
592,آيلامغه واوقرىهي نا ملتنه كندى مدنيتنك وحيات سياسيه سنه سربستی انکشافنی تأمین ايدەجك اجتماعی وق سیاسی برظبروغراك لعزومينظيمنى درك وتقدير اكنكه بىشلاديلر.,آيلامغه واوقراينا ملتنه كندى مدنيتنك وحيات سياسيه سنه سربستی انکشافنی تأمین ايدەجك اجتماعی وقسیاسی بر طبروغراك لعزومينظيمنى درك وتقدير اينكه باشلاديلر.,آكلامغه واوقراينا ملتنه كندى مدنيتنك وحيات سياسيه سنه سربستی انکشافنی تأمین ايدەجك اجتماعی و سیاسی بربروغرامك لزوم تنظيمنى درك وتقدير اينكه باشلاديلر.,0.08,0.05333333333333334,0.026666666666666665,0.4090909090909091,0.2727272727272727,0.1363636363636364,153,151,150
593,آكلامغه واوقراينا ملتنه ك ندى مدنيننك وهيت سياسيه سنه سربستی انشافيی تأمین ايادەاجك اجتماعی و سیاسی بربرورامك لزوم تنظيمنى درك وتقدير اينكه بشلادلر.,آكلامغه واوقراينا ملتنه كندى مدنيننك وهيت سياسيه سنه سربستی انشافيی تأمین ايادەاجك اجتماعی و سیاسی بربرورامك لزوم تنظيمنى درك وتقدير اينكه بشلادلر.,آكلامغه واوقراينا ملتنه كندى مدنيتنك وحيات سياسيه سنه سربستی انکشافنی تأمین ايدەجك اجتماعی و سیاسی بربروغرامك لزوم تنظيمنى درك وتقدير اينكه باشلاديلر.,0.07333333333333333,0.06666666666666667,0.006666666666666668,0.36363636363636365,0.2727272727272727,0.09090909090909094,148,147,150
594,آکلامه واوقراينا ملتنه کندى مدنيتثك وحيىت سياسية سنه سربستی انکشافنی نأمین ايدە جك اجتمعیو سیاسی بزبرو غرامک لزوم تنظي منىدرك وتقدير ايكه باشلاديلر.,آيلامه واوقراينا ملتنه کندى مدنيتنك وحيات سياسيه سنه سربستی انکشافنی نأمین ايدەجك اجتمعی و سیاسی بر برو غرامك لزوم تنظي منادرك وتقدير ايكه باشلاديلر.,آكلامغه واوقراينا ملتنه كندى مدنيتنك وحيات سياسيه سنه سربستی انکشافنی تأمین ايدەجك اجتماعی و سیاسی بربروغرامك لزوم تنظيمنى درك وتقدير اينكه باشلاديلر.,0.10666666666666667,0.07333333333333333,0.03333333333333334,0.6363636363636364,0.45454545454545453,0.18181818181818182,148,149,150
595,آكلامغه ووقراکنا ملتنه كندى مدنکبنکوحيات سيسية سنة سربستی انکشافنی تأمین ايدەجك اجتماعی و سیاسی بزبروغرامک لزوم تتظيمنى دزك وتقدير ايتكه باشلاديلر.,آكلامغه ووقراينا ملتنه كندى مدنك بنك وحيات سيسيه سنه سربستی انکشافنی تأمین ايدەجك اجتماعی و سیاسی بر بروغرامك لزوم تتظيمنى درك وتقدير ايتكه باشلاديلر.,آكلامغه واوقراينا ملتنه كندى مدنيتنك وحيات سياسيه سنه سربستی انکشافنی تأمین ايدەجك اجتماعی و سیاسی بربروغرامك لزوم تنظيمنى درك وتقدير اينكه باشلاديلر.,0.09333333333333334,0.05333333333333334,0.04,0.4090909090909091,0.36363636363636365,0.04545454545454547,147,150,150
596,آكلامغه واوقراين املتنه كندى مدنيتنك وحىات سياسک سن سربستی انکشافنی تأمین يدەجك ىجم اعی و سیاسی بربروغىمك لزوم تنظيسمنى دري وتقدير اينكباشلاديلر,آكلامغه واوقراينا املتنه كندى مدنيتنك وحاات سياسك سنده سربستی انکشافنی تأمین يدەجك اجماعی و سیاسی بربروغامك لروم تنظيسمنى درك وتقدير اينك باشلاديلر.,آكلامغه واوقراينا ملتنه كندى مدنيتنك وحيات سياسيه سنه سربستی انکشافنی تأمین ايدەجك اجتماعی و سیاسی بربروغرامك لزوم تنظيمنى درك وتقدير اينكه باشلاديلر.,0.11333333333333333,0.07333333333333333,0.039999999999999994,0.5909090909090909,0.45454545454545453,0.1363636363636364,144,148,150
597,آكلامغه واقراينا ملين ه كندى مدنيتنكوحا ت كاسيه سه سريستیىنشافنی تأمین ايدەجك ىجتماعی و سیاسی بربروغزىمك لزوم تثظيمنى درك وتقدير اىنكة بشلاديلر.,آكلامغه واقراينا ملينه كندى مدنيتنك وحات كاسيه سه سريستی انشافنی تأمین ايدەجك اجتماعی و سیاسی بر بروغرامك لزوم تثيمنى درك وتقدير اينك بشلاديلر.,آكلامغه واوقراينا ملتنه كندى مدنيتنك وحيات سياسيه سنه سربستی انکشافنی تأمین ايدەجك اجتماعی و سیاسی بربروغرامك لزوم تنظيمنى درك وتقدير اينكه باشلاديلر.,0.13333333333333333,0.08666666666666667,0.04666666666666666,0.6363636363636364,0.5454545454545454,0.09090909090909094,144,143,150
598,آكلامغه واوقرىكنا ملتنه كندى مدنيتنك وحيات سىاسيه سنهسربسبی انکشافنی تامیي ايدەجي اجتماعی و سیاسی برتروغرامك لزوم تنظيمنا درک وتقدير اينكه باشلاديلر.,آكلامغه واوقراينا ملتنه كندى مدنيتنك وحيات سااسيه سنه سربسبی انکشافنی تامین ايدەجك اجتماعی و سیاسی برتروغرامك لزوم تنظيمنا درك وتقدير اينكه باشلاديلر.,آكلامغه واوقراينا ملتنه كندى مدنيتنك وحيات سياسيه سنه سربستی انکشافنی تأمین ايدەجك اجتماعی و سیاسی بربروغرامك لزوم تنظيمنى درك وتقدير اينكه باشلاديلر.,0.07333333333333333,0.03333333333333333,0.04,0.4090909090909091,0.22727272727272727,0.18181818181818185,149,150,150
599,آكلامغه واوقراىنا ملتنه كحندا دنيتنك وحيت سيىسية سنه سربستی انکشىفنی تأمین ايدەجک اجتماغی و سیاسی بربروغرى مك لزوم تنظيمنى درك وتقدير اينكه باس لاديلر.,آكلامغه واوقراينا ملتنه كحندا دنيتنك وحيت سياسيه سنه سربستی انکشافنی تأمین ايدەجکی اجتماعی و سیاسی بر بروغرى مك لزوم تنظيمنى درك وتقدير اينكه باسلاديلر.,آكلامغه واوقراينا ملتنه كندى مدنيتنك وحيات سياسيه سنه سربستی انکشافنی تأمین ايدەجك اجتماعی و سیاسی بربروغرامك لزوم تنظيمنى درك وتقدير اينكه باشلاديلر.,0.09333333333333334,0.06666666666666667,0.026666666666666672,0.5454545454545454,0.36363636363636365,0.18181818181818177,151,152,150
600,روس اختلال عموم سنی تعقیبىیدن سنەلرده اوراينا شوسياليست اختلالکار فرقەسی تأسیس اولندی ون ا فكار ونظرياتى عنى روس فرقەسنك اجتهاداننه موافق و شیوردی.,روس اختلال عموم سنی تعقیب ایدن سنەلرده اوراينا شوسياليست اختلالکار فرقەسی تأسیس اولندی ون افكار ونظرياتى عنى روس فرقەسنك اجتهاداننه موافق و شیوردی.,روس اختلال عموم سنی تعقیب ایدن سنەلرده اوقراينا سوسياليست اختلالکار فرقەسی تأسیس اولندی بونك افكار ونظرياتى عنى روس فرقەسنك اجتهاداتنه موافق و شیوردی.,0.05333333333333334,0.03333333333333333,0.020000000000000004,0.34782608695652173,0.17391304347826086,0.17391304347826086,147,147,150
601,رو اختلا مم سنی تعقیب ایدن شنەلرده اوقراينا سوسياليست اختلىلکار فرقەسی تأسیس اولثدی يونک افكار ونظرىاا عنى روس فرقەسنك اجتةداتنه مواقق و شیوزدی.,رو اختلاممسنی تعقیب ایدن سنەلرده اوقراينا سوسياليست اختلالکار فرقەسی تأسیس اولدی يونك افكار ونظرى اعنى روس فرقەسنك اجتداداتنه مواقق و شیوردی.,روس اختلال عموم سنی تعقیب ایدن سنەلرده اوقراينا سوسياليست اختلالکار فرقەسی تأسیس اولندی بونك افكار ونظرياتى عنى روس فرقەسنك اجتهاداتنه موافق و شیوردی.,0.10666666666666667,0.09333333333333334,0.013333333333333336,0.4782608695652174,0.43478260869565216,0.043478260869565244,144,141,150
602,روس اخلال عمو سنی ثعفی ب ایدن سنەلرذه ىوقرساينا سوسياضلكس اختلالکارأ فرقەسی تأسیس ولندی بونك افيار نظرياتا عنى روش فزقەسنكاجتهااتنه موافق و شیور ذی,روس اخلال عموسنی تعفیب ایدن سنەلرده اوقراينا سوسيالكس اختلالکار فرقەسی تأسیس ولندی بونك افيار نظرياتا عنى روس فرقەسنك اجتهااتنه موافق و شیوردی.,روس اختلال عموم سنی تعقیب ایدن سنەلرده اوقراينا سوسياليست اختلالکار فرقەسی تأسیس اولندی بونك افكار ونظرياتى عنى روس فرقەسنك اجتهاداتنه موافق و شیوردی.,0.15333333333333332,0.07333333333333333,0.07999999999999999,0.6956521739130435,0.391304347826087,0.3043478260869565,147,143,150
603,وس اختلال عمم سنی تعقیب ایدن سنەلرده اوفراينا سوسكاليست اختلالکىر فرفەسی تأسیس ىولندی بونک افكا ر نظريايى عنى زوس فرقەسنك اختهادابثة موافف و شیوزدی.,وس اختلال عمم سنی تعقیب ایدن سنەلرده اوقراينا سوسكاليست اختلالير فرقەسی تأسیس اولندی بونك افكار نظريايى عنى زوس فرقەسنك اختهادابنه موافف و شیوردی.,روس اختلال عموم سنی تعقیب ایدن سنەلرده اوقراينا سوسياليست اختلالکار فرقەسی تأسیس اولندی بونك افكار ونظرياتى عنى روس فرقەسنك اجتهاداتنه موافق و شیوردی.,0.12,0.07333333333333333,0.04666666666666666,0.6521739130434783,0.34782608695652173,0.30434782608695654,148,146,150
604,روس ا ختلال عموم سثی تغقیب ایدن سنەلرده اوقراىن سوسكاليست اختلالکار فرقەسی نأشیس اولندی ثونك ىفكار ونظرياتى عفنى روس فرقەسنك اجتهاداتنه موفق و شیوردی.,روس اختلال عمومسنی تعقیب ایدن سنەلرده اوقراينا سوسكاليست اختلالکار فرقەسی نأسیس اولندی بونك افكار ونظرياتى عفنى روس فرقەسنك اجتهاداتنه موفق و شیوردی.,روس اختلال عموم سنی تعقیب ایدن سنەلرده اوقراينا سوسياليست اختلالکار فرقەسی تأسیس اولندی بونك افكار ونظرياتى عنى روس فرقەسنك اجتهاداتنه موافق و شیوردی.,0.08,0.03333333333333333,0.04666666666666667,0.4782608695652174,0.2608695652173913,0.2173913043478261,150,149,150
605,روس احتلال عموم سنی تعقیب ایذن سنەلردة اوقراينا سوسياليست اختلالكار فرقەس تأسیس اولندی بونك افكار ونطرياتى عنىت روس فرقەسنك اجتهاداتنه مافق وشیوردی.,روس احتلال عموم سنی تعقیب ایدن سنەلرده اوقراينا سوسياليست اختلالكار فرقەسنك اجتهاداتنه مافق وشیوردی.,روس اختلال عموم سنی تعقیب ایدن سنەلرده اوقراينا سوسياليست اختلالکار فرقەسی تأسیس اولندی بونك افكار ونظرياتى عنى روس فرقەسنك اجتهاداتنه موافق و شیوردی.,0.06,0.34,-0.28,0.43478260869565216,0.5652173913043478,-0.13043478260869562,148,100,150
606,وس اختلال عموم سنی تعقیت ایدن سنەلرده ىوقرايتا سوسياليشات اختللکار قرقەسی تأسیس اولندی بونك افكار ونظرياتصى عنى روس فرقەسنك احتهضىدىتنه موافق و شیوردی.,وس اختلال عموم سنی تعقیت ایدن سنەلرده اوقراينا سوسياليشات اختللکار قرقەسی تأسیس اولندی بونك افكار ونظرياتى عنى روس فرقەسنك احتهاداتنه موافق و شیوردی.,روس اختلال عموم سنی تعقیب ایدن سنەلرده اوقراينا سوسياليست اختلالکار فرقەسی تأسیس اولندی بونك افكار ونظرياتى عنى روس فرقەسنك اجتهاداتنه موافق و شیوردی.,0.08666666666666667,0.04666666666666667,0.04,0.34782608695652173,0.2608695652173913,0.08695652173913043,151,149,150
607,روس اختلال عموم سنی تعقیب ایذن شنەلر ده اوقراىنا سوسىاليكست ختلالکار فرقەسی تأسیس اولدی بونك افكىز ونظرياتى عنى روس فرقەشنك اجتهاداتنه موافقإ و شیوردی.ي,روس اختلال عموم سنی تعقیب ایدن سنەلرده اوقراينا سوساليكست ختلالکار فرقەسی تأسیس اولدی بونك افكار ونظرياتى عنى روس فرقەسنك اجتهاداتنه موافق و شیوردی.,روس اختلال عموم سنی تعقیب ایدن سنەلرده اوقراينا سوسياليست اختلالکار فرقەسی تأسیس اولندی بونك افكار ونظرياتى عنى روس فرقەسنك اجتهاداتنه موافق و شیوردی.,0.08666666666666667,0.02666666666666667,0.06,0.4782608695652174,0.13043478260869565,0.34782608695652173,152,148,150
608,روس اختلال عموم سنی تعقیب ایدن سنەلرده اوقرايىنا سوسيالست اختلالکار فرقەسی تأسیس اولندی بنك افكار ونظرياتى عنىر روسد فرەسنك اجتةادىتبه موافق وشیوردی.,روس اختلال عموم سنی تعقیب ایدن سنەلرده اوقراينا سوسيالست اختلالکار فرقەسی تأسیس اولندی بنك افكار ونظرياتى عنار روس فرەسنك اجتهاديتنه موافق وشیوردی.,روس اختلال عموم سنی تعقیب ایدن سنەلرده اوقراينا سوسياليست اختلالکار فرقەسی تأسیس اولندی بونك افكار ونظرياتى عنى روس فرقەسنك اجتهاداتنه موافق و شیوردی.,0.06666666666666667,0.04666666666666667,0.019999999999999997,0.391304347826087,0.30434782608695654,0.08695652173913043,149,147,150
609,روس اختلال عموم سنی تعقیبخایدن سنەلرذه اوقراىنا سوسىن الىشن اختلالکار فرقەسی تأسیش ىولندیة بونك افكر وبظرياتي عنى روس فرقەسنکن اجتهاداتنه موافق و شیوردی.,روس اختلال عموم سنی تعقیب خایدن سنەلرده اوقراينا سوسان اليسنك اختلالکار فرقەسی تأسیس اولندیه بونك افكر وبرياتي عنى روس فرقەسنك اجتهاداتنه موافق و شیوردی.,روس اختلال عموم سنی تعقیب ایدن سنەلرده اوقراينا سوسياليست اختلالکار فرقەسی تأسیس اولندی بونك افكار ونظرياتى عنى روس فرقەسنك اجتهاداتنه موافق و شیوردی.,0.11333333333333333,0.07333333333333333,0.039999999999999994,0.43478260869565216,0.2608695652173913,0.17391304347826086,153,153,150
610,روس اختلال غموم سنی تعقیإب ایدن سنەلرده اقزينا سوسياليشت ىخت لاکار فرفەسی تأشیس اولندی بونك افکار ونظرياتي عنى ر وس فرقەسنك اجتهادابنه موافق و شیوردی.,روس اختلال غموم سنی تعقیب ایدن سنەلرده اقرينا سوسياليشت اختلاكار فرقەسی تأسیس اولندی بونك افکار ونظرياتي عنى روس فرقەسنك اجتهادابنه موافق و شیوردی.,روس اختلال عموم سنی تعقیب ایدن سنەلرده اوقراينا سوسياليست اختلالکار فرقەسی تأسیس اولندی بونك افكار ونظرياتى عنى روس فرقەسنك اجتهاداتنه موافق و شیوردی.,0.1,0.06,0.04000000000000001,0.5652173913043478,0.30434782608695654,0.26086956521739124,150,147,150
611,روس اختلال عموم سنی تعقیب ایدن سنەلرده ىوق رىينا سوسيالىست اختلالکار فرقەسی تأسیس اولندی بونك ىفيار ونظرياتى عنى روس فرقەنك اجتهادابنه موافق و شیروردی.,روس اختلال عموم سنی تعقیب ایدن سنەلرده اوقراينا سوسياليست اختلالکار فرقەسی تأسیس اولندی بونك افيار ونظرياتى عنى روس فرقەنك اجتهادابنه موافق و شیروردی.,روس اختلال عموم سنی تعقیب ایدن سنەلرده اوقراينا سوسياليست اختلالکار فرقەسی تأسیس اولندی بونك افكار ونظرياتى عنى روس فرقەسنك اجتهاداتنه موافق و شیوردی.,0.06,0.02666666666666667,0.033333333333333326,0.30434782608695654,0.17391304347826086,0.13043478260869568,151,150,150
612,روس ىخنلال عموم سنی عقحیت ایدن سثەلرذه اوقراينا سوياليشت اختلالكار ف زقەسیز تأسیس اولنی بونك افكار ونظر ياثى عن روش فرقەسنك اجتهااتنه موقق و شیورد.,روس اخنلال عموم سنی عقیت ایدن سنەلرده اوقراينا سوياليشت اختلالكار فرقەسی تأسیس اولنی بونك افكار ونظر ياثى عن روس فرقەسنك اجتهااتنه موقق و شیوردر.,روس اختلال عموم سنی تعقیب ایدن سنەلرده اوقراينا سوسياليست اختلالکار فرقەسی تأسیس اولندی بونك افكار ونظرياتى عنى روس فرقەسنك اجتهاداتنه موافق و شیوردی.,0.14666666666666667,0.09333333333333334,0.05333333333333333,0.6521739130434783,0.4782608695652174,0.17391304347826086,147,145,150
613,روس اختلال عموم سی ت عقیب ادي سنەلرده اوفراينا سوشيىليست اختلالكار فرقەسی تأسیس اولندیبونك افكار ونظرياتى عني روس فرقەسنك اجتهاداتنه موافق و شیوردی.,روس اختلال عموم سیت عقیب اديسنەلرده اوقراينا سوسياليست اختلالكار فرقەسی تأسیس اولندی بونك افكار ونظرياتى عنك روس فرقەسنك اجتهاداتنه موافق و شیوردی.,روس اختلال عموم سنی تعقیب ایدن سنەلرده اوقراينا سوسياليست اختلالکار فرقەسی تأسیس اولندی بونك افكار ونظرياتى عنى روس فرقەسنك اجتهاداتنه موافق و شیوردی.,0.06666666666666667,0.05333333333333334,0.013333333333333329,0.43478260869565216,0.2608695652173913,0.17391304347826086,148,147,150
614,روس اخلال عمومسبی عقیب ىیدن سەلردة اوقرىين شوسيالكست اختلا لكار فرفەسی تأسیس اولندی بونك افكار ونظرياتا عنىز روس فرقەشنك اجتهاذاتن م وافق و شیوردی.,روس اخلال عمومسی عقیب ایدن سەلرده اوقراينا شوسيالكست اختلالكار فرقەسی تأسیس اولندی بونك افكار ونظريات عناز روس فرقەسنك اجتهاداتنم وافق و شیوردی.,روس اختلال عموم سنی تعقیب ایدن سنەلرده اوقراينا سوسياليست اختلالکار فرقەسی تأسیس اولندی بونك افكار ونظرياتى عنى روس فرقەسنك اجتهاداتنه موافق و شیوردی.,0.13333333333333333,0.08666666666666667,0.04666666666666666,0.6956521739130435,0.4782608695652174,0.21739130434782605,147,144,150
615,روس اختلال عموم سنی تقیب ایدي سثەلرده اوقراينا سوسياليست اختلالکار فرقەسی تأسیس اولندی بونك افكار ونظرياتى عنى روس فرقەسنك اجتهاداتنه موافق و شیوردی.,روس اختلال عموم سنی تقیب ایديسنەلرده اوقراينا سوسياليست اختلالکار فرقەسی تأسیس اولندی بونك افكار ونظرياتى عنى روس فرقەسنك اجتهاداتنه موافق و شیوردی.,روس اختلال عموم سنی تعقیب ایدن سنەلرده اوقراينا سوسياليست اختلالکار فرقەسی تأسیس اولندی بونك افكار ونظرياتى عنى روس فرقەسنك اجتهاداتنه موافق و شیوردی.,0.02,0.02,0.0,0.13043478260869565,0.13043478260869565,0.0,149,148,150
616,روش اختلال عموم سنی تعقیب ایدن سنەلرده اوقآزايناسوسي ايست اختلالک اغر فرقەسی تأسیسأ ىولندی بونك افكار ونظريىتى غنى روس فرفەسنك اجيهاداتنه موقق و ش یوردی.,روس اختلال عموم سنی تعقیب ایدن سنەلرده اوقراينا سوسي ايست اختلالك اغر فرقەسی تأسیس اولندی بونك افكار ونظرياتى غنى روس فرقەسنك اجياداتنه موقق و شیوردی.,روس اختلال عموم سنی تعقیب ایدن سنەلرده اوقراينا سوسياليست اختلالکار فرقەسی تأسیس اولندی بونك افكار ونظرياتى عنى روس فرقەسنك اجتهاداتنه موافق و شیوردی.,0.11333333333333333,0.06666666666666667,0.04666666666666666,0.6086956521739131,0.30434782608695654,0.30434782608695654,153,150,150
617,روس اختلا عوم سنی تعقیب ایدن سنەلرهظ اوقراينا وسياليسب اختلالکار فرقەسی تأسیش اولندی بونك افكارغ ونظرياتى عنى روش فرقەسنک اجتهاداثنه موافق و شیوردی.,روس اختلاعوم سنی تعقیب ایدن سنەلره اوقراينا وسياليسب اختلالکار فرقەسی تأسیس اولندی بونك افكار ونظرياتى عنى روس فرقەسنك اجتهاداثنه موافق و شیوردی.,روس اختلال عموم سنی تعقیب ایدن سنەلرده اوقراينا سوسياليست اختلالکار فرقەسی تأسیس اولندی بونك افكار ونظرياتى عنى روس فرقەسنك اجتهاداتنه موافق و شیوردی.,0.07333333333333333,0.04666666666666667,0.026666666666666665,0.391304347826087,0.21739130434782608,0.1739130434782609,148,145,150
618,رو س اختلال عموم سنی تعقیب ایدن سنەلرده اوقراينى سوسيالىست اختىلک ار فرفەسی تأسیس اوکلندی بونك فكىز ونظريىتى عنى رو فنرقسيك اجتهادىتنه موافق و شیوردی,روس اختلال عموم سنی تعقیب ایدن سنەلرده اوقراينا سوسياليست اختلال عموم سنی تعقیب ایدن سنەلرده اوقراينا سوسياليست اختلال عموم سنی تعقیب ایدن سنەلرده اوقراينا سوسياليست اختلال عموم سنی تعقیب ایدن سنەلرده اوقراينا سوسياليست اختلال عموم سنی تعقیب ایدن سنەلرده اوقراينا سوسياليست اخ,روس اختلال عموم سنی تعقیب ایدن سنەلرده اوقراينا سوسياليست اختلالکار فرقەسی تأسیس اولندی بونك افكار ونظرياتى عنى روس فرقەسنك اجتهاداتنه موافق و شیوردی.,0.12,1.1266666666666667,-1.0066666666666668,0.6086956521739131,1.434782608695652,-0.826086956521739,149,276,150
619,روس اختلال عموم سنیتعقیب ایدن سنەلردة اوقراىنا سفوسياليست اختلالکار ف رقەسی تأسیس اولتدی بونك افکار ونطزيىتى عنى روش رقسنكك اجتهاداتنه موافق و شیوردی.,روس اختلال عموم سنی تعقیب ایدن سنەلرده اوقراينا سفوسياليست اختلالکار فرقەسی تأسیس اولتدی بونك افکار ونطرياتى عنى روس رقسنك اجتهاداتنه موافق و شیوردی.,روس اختلال عموم سنی تعقیب ایدن سنەلرده اوقراينا سوسياليست اختلالکار فرقەسی تأسیس اولندی بونك افكار ونظرياتى عنى روس فرقەسنك اجتهاداتنه موافق و شیوردی.,0.09333333333333334,0.04,0.05333333333333334,0.5217391304347826,0.21739130434782608,0.30434782608695654,150,149,150
620,حكومتك اييکص نجی دومایی داغ یتدقذن صيره كورك ونفى جزالرينه م حکوم ایدیلنآ اوقرىينا مبعوثلری حالا شيبرياه چوومکدەدزلر.,حكومتك اييك نجی دومایی داغ یتدقدن صيره كورك ونفى جزالرينه محکوم ایدیلن اوقراينا مبعوثلری حالا شيبرياه چوومکدەدرلر.,حكومتك ايكنجی دومایی داغیتدقدن صكره كورك ونفى جزالرينه محکوم ایدیلن اوقراينا مبعوثلری حالا سيبرياده چورومکدەدرلر.,0.12389380530973451,0.061946902654867256,0.061946902654867256,0.7333333333333333,0.4666666666666667,0.2666666666666666,117,114,113
621,حكو متکش ايکنجی دومایی داغیتدقدن صكر كوركونفى جزالرنهمحکوم ایدیلن اوفراينا مبعوثلری هالا سكبرياذه چورومکدەدرر.,حكومتکش ايکنجی دومایی داغیتدقدن صكر كوركونفى جزالرنه محکوم ایدیلن اوقراينا مبعوثلری هالا سكبرياده چورومکدەدر.,حكومتك ايكنجی دومایی داغیتدقدن صكره كورك ونفى جزالرينه محکوم ایدیلن اوقراينا مبعوثلری حالا سيبرياده چورومکدەدرلر.,0.11504424778761062,0.08849557522123894,0.02654867256637168,0.8,0.6,0.20000000000000007,110,109,113
622,هكومتك ايكنجی دومایی داغیتدخقدن صكره كورك ونى جزا لرينهمحکوم ایدیلن اوقراينا مبغو ثلری حالا سيبريادجه چوروميدەدرلإر.,هكومتك ايكنجی دومایی داغیت دخقدن صكره كورك ونى جزالرينه محکوم ایدیلن اوقراينا مبعوثلری حالا سيبريادجه چوروميدەدرلر.,حكومتك ايكنجی دومایی داغیتدقدن صكره كورك ونفى جزالرينه محکوم ایدیلن اوقراينا مبعوثلری حالا سيبرياده چورومکدەدرلر.,0.08849557522123894,0.05309734513274336,0.035398230088495575,0.6,0.4,0.19999999999999996,116,115,113
623,حك ومتك ايكنجی دنویی داغیتدقدن صكرهکورك ونفى جزالرينه محکوم ایدیلن اوقرايظنا مبعوثلری حالا سيبرياده چورومكدەدرلر.,حكومتك ايكنجی دنویی داغیتدقدن صكره کورك ونفى جزالرينه محکوم ایدیلن اوقراينا مبعوثلری حالا سيبرياده چورومكدەدرلر.,حكومتك ايكنجی دومایی داغیتدقدن صكره كورك ونفى جزالرينه محکوم ایدیلن اوقراينا مبعوثلری حالا سيبرياده چورومکدەدرلر.,0.07079646017699115,0.04424778761061947,0.02654867256637168,0.4666666666666667,0.2,0.26666666666666666,113,112,113
624,هكومتك اىكنجی دوماکیی د اإغیتدقىدث صکرة كورك ونفى جزالريه محکوم ایدیلن اوقراي نا مبعوبلری حالى سي برياده چو رومکدەدرلر.,هكومتك ايكنجی دوماکیی داغیت دقادن صکره كورك ونفى جزالريه محکوم ایدیلن اوقراينا مبعوبلری حالى سيت برياده چورومکدەدرلر.,حكومتك ايكنجی دومایی داغیتدقدن صكره كورك ونفى جزالرينه محکوم ایدیلن اوقراينا مبعوثلری حالا سيبرياده چورومکدەدرلر.,0.13274336283185842,0.08849557522123894,0.04424778761061948,1.0,0.6666666666666666,0.33333333333333337,119,117,113
625,حكومتك ىيكنجی دومىیی داغیتدقدن صكر كورك ونفى جزالرينهمظکوم ایدیلن اوقراينا معوثلری هىلا سيبزياده چورومکدەدر لر.,حكومتك ايكنجی دومایی داغیتدقدن صكر كورك ونفى جزالرينه مظکوم ایدیلن اوقراينا معوثلری هالا سيبرياده چورومکدەدرلر.,حكومتك ايكنجی دومایی داغیتدقدن صكره كورك ونفى جزالرينه محکوم ایدیلن اوقراينا مبعوثلری حالا سيبرياده چورومکدەدرلر.,0.08849557522123894,0.035398230088495575,0.05309734513274336,0.6666666666666666,0.26666666666666666,0.39999999999999997,111,111,113
626,حكومتك ايکنج دومایی داغیتدقدن صكزه كورك ونفى جزالرينه محکوم ایدیلن اوقرايتا م بعوثلری حالا سيبرياده چورومکدەدرلر,حكومتك ايکنج دومایی داغیتدقدن صكزه كورك ونفى جزالرينه محکوم ایدیلن اوقراينا مبعوثلری حالا سيبرياده چورومکدەدرلر.,حكومتك ايكنجی دومایی داغیتدقدن صكره كورك ونفى جزالرينه محکوم ایدیلن اوقراينا مبعوثلری حالا سيبرياده چورومکدەدرلر.,0.05309734513274336,0.02654867256637168,0.02654867256637168,0.4,0.13333333333333333,0.2666666666666667,112,112,113
627,حكومك ايكنجی دومایی داغیتدقدنع صكره كوررك ونفى جزالري نه محکوم ایدیلن اوقراينا مبعوثلری حالا سيبرياده چوزمکەدرلر.,حكومك ايكنجی دومایی داغیت دقدن صكره كوررك ونفى جزالرينه محکوم ایدیلن اوقراينا مبعوثلری حالا سيبرياده چوزمکەدرلر.,حكومتك ايكنجی دومایی داغیتدقدن صكره كورك ونفى جزالرينه محکوم ایدیلن اوقراينا مبعوثلری حالا سيبرياده چورومکدەدرلر.,0.061946902654867256,0.05309734513274336,0.008849557522123894,0.4,0.3333333333333333,0.06666666666666671,113,112,113
628,حكومتك ايكنجی دومایی دىغیتدقدن صكره كورك ونفا جزالرينه محکو ایدیلعن اوقراينا مبعوثلری حالا سيبراده چوومکد ەذرلر.,حكومتك ايكنجی دومایی داغیتدقدن صكره كورك ونفا جزالرينه محکو ایدیلن اوقراينا مبعوثلری حالا سيبراده چوومکدەدرلر.,حكومتك ايكنجی دومایی داغیتدقدن صكره كورك ونفى جزالرينه محکوم ایدیلن اوقراينا مبعوثلری حالا سيبرياده چورومکدەدرلر.,0.07079646017699115,0.035398230088495575,0.035398230088495575,0.4666666666666667,0.26666666666666666,0.2,112,110,113
629,حكومتك ايكنجی دومایبی داغیتدقدن صکره كوركونفى جرارينه محکوم یدیلن اوقراينا مبعوثلری حالا سکبرىاده چ ورومکدەدرر.,حكومتك ايكنجی دومایبی داغیتدقدن صکره كوركونفى جرارينه محکوم یدیلن اوقراينا مبعوثلری حالا سکبرااده چورومکدەدر.,حكومتك ايكنجی دومایی داغیتدقدن صكره كورك ونفى جزالرينه محکوم ایدیلن اوقراينا مبعوثلری حالا سيبرياده چورومکدەدرلر.,0.08849557522123894,0.08849557522123894,0.0,0.6,0.5333333333333333,0.06666666666666665,111,109,113
630,حكومتكى يكنجی دومایی ذعیتدقدن صكره كورك ونفى جزالريثنة محکو ایدیلن اوقراينا مبعوثلزی هالا شيبرياده چور ومکدەدرلر.,حكومتكى يكنجی دومایی دعیتدقدن صكره كورك ونفى جزالرينه محکو ایدیلن اوقراينا مبعوثلری هالا شيبرياده چور ومکدەدرلر.,حكومتك ايكنجی دومایی داغیتدقدن صكره كورك ونفى جزالرينه محکوم ایدیلن اوقراينا مبعوثلری حالا سيبرياده چورومکدەدرلر.,0.10619469026548672,0.07079646017699115,0.035398230088495575,0.6666666666666666,0.5333333333333333,0.1333333333333333,113,112,113
631,حكومتك ايكنجی دومایی داغیتدقدن صكرة كورك ونفي جزىلرينه محکوم یدیلن اوقزاي نا مبعوثلری حالا سىبرياده چوروميدەدرلر.,حكومتك ايكنجی دومایی داغیتدقدن صكره كورك ونفي جزالرينه محکوم یدیلن اوقراينا مبعوثلری حالا سابرياده چوروميدەدرلر.,حكومتك ايكنجی دومایی داغیتدقدن صكره كورك ونفى جزالرينه محکوم ایدیلن اوقراينا مبعوثلری حالا سيبرياده چورومکدەدرلر.,0.07079646017699115,0.035398230088495575,0.035398230088495575,0.5333333333333333,0.26666666666666666,0.26666666666666666,113,112,113
632,حومتك اككنج ی دومایی داعیتدقدن صكره كورك وفى جزالرينةمحکوم ایدیلن او قراينا مبغوثلری ح الا سيبرياده چوومکدەدرلر.,حومتك ايكنجی دومایی داعیتدقدن صكره كورك وفاجزالرينه محکوم ایدیلن اوقراينا مبعوثلری حالا سيبرياده چوومکدەدرلر.,حكومتك ايكنجی دومایی داغیتدقدن صكره كورك ونفى جزالرينه محکوم ایدیلن اوقراينا مبعوثلری حالا سيبرياده چورومکدەدرلر.,0.09734513274336283,0.05309734513274336,0.04424778761061947,0.8666666666666667,0.3333333333333333,0.5333333333333334,112,109,113
633,حکومتک ايكنجی دوای داغیتدقدن صكره كوزكونفى جزالرينة محکوم ایدیلن اوقراينا مبعوثلری حالا سيرياده چورومکدەدرلر.,حکومتك ايكنجی دوای داغیتدقدن صكره كوركونفى جزالرينه محکوم ایدیلن اوقراينا مبعوثلری حالا سيرياده چورومکدەدرلر.,حكومتك ايكنجی دومایی داغیتدقدن صكره كورك ونفى جزالرينه محکوم ایدیلن اوقراينا مبعوثلری حالا سيبرياده چورومکدەدرلر.,0.07079646017699115,0.04424778761061947,0.02654867256637168,0.4,0.3333333333333333,0.06666666666666671,109,109,113
634,حكومك ايكنجی دومیی داغذیتدقد ن صكره كورك ونفي جزالرينه محکوم ایدیلناوقراينا مبعوثلری حالا سيبرياده چوروم کدەدرلر.,حكومك ايكنجی دومیی داغیتدقدن صكره كورك ونفي جزالرينه محکوم ایدیلن اوقراينا مبعوثلری حالا سيبرياده چوروم کدەدرلر.,حكومتك ايكنجی دومایی داغیتدقدن صكره كورك ونفى جزالرينه محکوم ایدیلن اوقراينا مبعوثلری حالا سيبرياده چورومکدەدرلر.,0.061946902654867256,0.035398230088495575,0.02654867256637168,0.6,0.3333333333333333,0.26666666666666666,113,112,113
635,حكومتك اکبکنج دومایی ذایتدقدن صكرةغ كوزك ونفى جزال رينه محکم ایدیلن اوقراينا مبعوثلری حالا سيبريادة چورومکدەتدزلر.,حكومتك ايبينج دومایی دایتدقدن صكره كورك ونفى جزالرينه محکم ایدیلن اوقراينا مبعوثلری حالا سيبرياده چورومکدەتدرلر.,حكومتك ايكنجی دومایی داغیتدقدن صكره كورك ونفى جزالرينه محکوم ایدیلن اوقراينا مبعوثلری حالا سيبرياده چورومکدەدرلر.,0.12389380530973451,0.05309734513274336,0.07079646017699115,0.6,0.26666666666666666,0.3333333333333333,114,112,113
636,حكومتک ايكنجی دومىی داغیتدقدن صكرة ك ورك ونفا جزالرينه محکوم ایدیلن اوقرىينا ميعوثثلریحالا سيب زياده چورومکدەدرلر.,حكومتك ايكنجی دومای داغیتدقدن صكره كورك ونفا جزالرينه محکوم ایدیلن اوقراينا ميعوثلری حالا سيب زياده چورومکدەدرلر.,حكومتك ايكنجی دومایی داغیتدقدن صكره كورك ونفى جزالرينه محکوم ایدیلن اوقراينا مبعوثلری حالا سيبرياده چورومکدەدرلر.,0.10619469026548672,0.04424778761061947,0.061946902654867256,0.6666666666666666,0.3333333333333333,0.3333333333333333,114,113,113
637,حضكومتك ىيأكنجی ذومای داعیتدقدن صكره كوزك ونفى جزالري نه محکوم ایدیلن اوقرينا مبعو ثلری حال ا يبرىاده چورومکدەدرلر.,حكومتك ايأكنجی دومای داعیتدقدن صكره كورك ونفى جزالرينه محکوم ایدیلن اوقراينا مبعوثلری حال ايبراده چورومکدەدرلر.,حكومتك ايكنجی دومایی داغیتدقدن صكره كورك ونفى جزالرينه محکوم ایدیلن اوقراينا مبعوثلری حالا سيبرياده چورومکدەدرلر.,0.11504424778761062,0.05309734513274336,0.061946902654867256,0.8666666666666667,0.3333333333333333,0.5333333333333334,115,111,113
638,هکومتك ايكنجی دومایی داغیتدقدن صيره كوري ونفى جزالرينه مهکومایدیلن اوقراينا مأبعوثلری حىلاسيبرياد ه چدورومکدەذرر.,هکومتك ايكنجی دومایی داغیتدقدن صيره كورين ونفى جزالرينه مهکوم ایدیلن اوقراينا مأبعوثلری حالاسي برياده چدورومکدەدر.,حكومتك ايكنجی دومایی داغیتدقدن صكره كورك ونفى جزالرينه محکوم ایدیلن اوقراينا مبعوثلری حالا سيبرياده چورومکدەدرلر.,0.11504424778761062,0.10619469026548672,0.008849557522123894,0.6,0.5333333333333333,0.06666666666666665,113,114,113
639,حكومتك ايكنجی دومایی داغیتذقد ن صكره كوري ونى ج زالرينة محکوم ایدین اوقراينا مبعوثلری حالا سيبرياده وزومکدەدزلر.,حكومتك ايكنجی دومایی داغیت دقدن صكره كوريونى جزالرينه محکوم ایدین اوقراينا مبعوثلری حالا سيبرياده وزومکدەدرلر.,حكومتك ايكنجی دومایی داغیتدقدن صكره كورك ونفى جزالرينه محکوم ایدیلن اوقراينا مبعوثلری حالا سيبرياده چورومکدەدرلر.,0.08849557522123894,0.061946902654867256,0.02654867256637168,0.5333333333333333,0.4,0.1333333333333333,112,110,113
640,اوقراینایی استقبالده پولونيانك تجىوزاتنه قازشو محاظه ومداقعه ایدەبيلمك ايچوحن (شـمەليتكى) دولت عثمانیە دن وترانسيلوانيا =إ(اردەل) حكومتنهدن طلب معاونت ايلى .,اوقراینایی استقبالده پولونيانك تجاوزاتنه قارشو محاظه ومداقعه ایدەبيلمك ايچوحن (شـمەليتكى) دولت عثمانیەدن وترانسيلوانيا ! (اردەل) حكومتنه دن طلب معاونت ايلى .,اوقراینایی استقبالده پولونيانك تجاوزاتنه قارشو محافظه ومدافعه ایدەبيلمك ايچون (شـمەليتسكى) دولت عثمانیەدن وترانسيلوانيا =(اردەل) حكومتندن طلب معاونت ايلدى .,0.0641025641025641,0.057692307692307696,0.006410256410256401,0.5789473684210527,0.47368421052631576,0.10526315789473689,157,157,156
641,اوقرایاییاستقبالده پولونيانك تجاوزاتنه قارشو محاظه ومدىفعه ایدەبكلمك ايچون (شـمەليتسكى) ذولت عثمافنیەدن وترانسکلوانيا =اردەل) حكومتندن طلب مغاونت ل دى .,اوقراینایی استقبالده پولونيانك تجاوزاتنه قارشو محاظه ومدافعه ایدەبيلمك ايچون (شـمەليتسكى) دولت عثمافنیەدن وترانسکلوانيا ! اردەل) حكومتندن طلب معاونتلدى.,اوقراینایی استقبالده پولونيانك تجاوزاتنه قارشو محافظه ومدافعه ایدەبيلمك ايچون (شـمەليتسكى) دولت عثمانیەدن وترانسيلوانيا =(اردەل) حكومتندن طلب معاونت ايلدى .,0.08333333333333333,0.057692307692307696,0.025641025641025633,0.631578947368421,0.42105263157894735,0.21052631578947367,152,152,156
642,اوقراینایی ىستقإبالده پولونياسنكتجاوزىتنه قارشو محافظه ومذافه ایدەبىلمكع اآيچثون (شـمەليتشكى) دولت عثمانتیەدن وترابسيوانيا =(اردەل) حكومتيدن طلب معاونت ىيلدا .,اوقراینایی استقبالده پولونياسنك تجاوزاتنه قارشو محافظه ومدافه ایدەبالمك ايچون (شـمەليتشكى) دولت عثمانتیەدن وترابسيوانيا !(اردەل) حكومتيدن طلب معاونت ايلدى.,اوقراینایی استقبالده پولونيانك تجاوزاتنه قارشو محافظه ومدافعه ایدەبيلمك ايچون (شـمەليتسكى) دولت عثمانیەدن وترانسيلوانيا =(اردەل) حكومتندن طلب معاونت ايلدى .,0.11538461538461539,0.0641025641025641,0.051282051282051294,0.5789473684210527,0.5263157894736842,0.052631578947368474,159,155,156
643,اوقراینیی استفبالده پولونيانك تجازاتنه فارشو محافظه ومدافعة ایدزەبيلمك ايچون (شـمەليتسکى) دولت عثمانیەدب وتزانفس يلوانيا =(اردەل) حكومتندن طلب معهاونت ايلدى .,اوقراینایی استفبالده پولونيانك تجاراتنه فارشو محافظه ومدافعه ایدرەبيلمك ايچون (شـمەليتسکى) دولت عثمانیەدن وتزانفس يلوانيا !(اردەل) حكومتندن طلب معه اونت ايلدى.,اوقراینایی استقبالده پولونيانك تجاوزاتنه قارشو محافظه ومدافعه ایدەبيلمك ايچون (شـمەليتسكى) دولت عثمانیەدن وترانسيلوانيا =(اردەل) حكومتندن طلب معاونت ايلدى .,0.07692307692307693,0.08333333333333333,-0.006410256410256401,0.5789473684210527,0.5789473684210527,0.0,158,159,156
644,اوقزاینایی استقبالدة پولونيانك تجاوزاتنه قارش محافظه ومافع ه ایدەبيلمك ايچون (شـمەليتسكي) دولت عثنیەدن تانسيلوانيى =(اردەل) حكومتندن طلت معاونتايلدى .,اوقراینایی استقبالده پولونيانك تجاوزاتنه قارش محافظه ومافعه ایدەبيلمك ايچون (شـمەليتسكي) دولت عثنیەدن تانسيلوانيى !(اردەل) حكومتندن طلت معاونتايلدى.,اوقراینایی استقبالده پولونيانك تجاوزاتنه قارشو محافظه ومدافعه ایدەبيلمك ايچون (شـمەليتسكى) دولت عثمانیەدن وترانسيلوانيا =(اردەل) حكومتندن طلب معاونت ايلدى .,0.08333333333333333,0.07692307692307693,0.006410256410256401,0.5789473684210527,0.5263157894736842,0.052631578947368474,150,148,156
645,اوقراینایی ىستقبلده پولونيى نك تجاوزاتنة قارشو محافظه ومدافعه ایەبيلمي ايچون (شـمەليتسكى) دولت عثانیەدن وترانسيلوانيا =(اردەل) حكومجتندن طلب م غىونت ايلدى .,اوقراینایی استقبلده پولونيا نك تجاوزاتنه قارشو محافظه ومدافعه ایەبيلمك ايچون (شـمەليتسكى) دولت عثانیەدن وترانسيلوانيا =(اردەل) حكومتندن طلب معاونت ايلدى.,اوقراینایی استقبالده پولونيانك تجاوزاتنه قارشو محافظه ومدافعه ایدەبيلمك ايچون (شـمەليتسكى) دولت عثمانیەدن وترانسيلوانيا =(اردەل) حكومتندن طلب معاونت ايلدى .,0.07692307692307693,0.03205128205128205,0.04487179487179488,0.47368421052631576,0.3684210526315789,0.10526315789473684,156,153,156
646,اوقراینایی استقبىلده پولونىانك ت جاوزاتنه قارشو محىفظه ومدافع ه ایدەبيلم ك ايچوي (ش ـمەلىتسكى) دولت عثمانیەدن وترانسيلوانيا =(اردەل) حكومتبدن طلب معاونت ايلدى .,اوقراینایی استقبالده پولوناانك تجاوزاتنه قارشو محافظه ومدافعه ایدەبيلمك ايچون (شـمەلاتسكى) دولت عثمانیەدن وترانسيلوانيا !(اردەل) حكومتبدن طلب معاونت ايلدى.,اوقراینایی استقبالده پولونيانك تجاوزاتنه قارشو محافظه ومدافعه ایدەبيلمك ايچون (شـمەليتسكى) دولت عثمانیەدن وترانسيلوانيا =(اردەل) حكومتندن طلب معاونت ايلدى .,0.0641025641025641,0.03205128205128205,0.03205128205128205,0.6842105263157895,0.3157894736842105,0.368421052631579,160,155,156
647,اوقراینایی اشتقبالده پولونيانك تجاوزاتنة قىرشو محافظه ومدفعه ایدەبيلمك ىيچوب (شـمەليتسكى) دولت عثمانیەدن وترانشيوانيا =(ازدەل) حكومتندن طلن معاونت ايلدى .,اوقراینایی استقبالده پولونيانك تجاوزاتنه قارشو محافظه ومدفعه ایدەبيلمك ايچوب (شـمەليتسكى) دولت عثمانیەدن وترانسيوانيا =(اردەل) حكومتندن طلن معاونت ايلدى.,اوقراینایی استقبالده پولونيانك تجاوزاتنه قارشو محافظه ومدافعه ایدەبيلمك ايچون (شـمەليتسكى) دولت عثمانیەدن وترانسيلوانيا =(اردەل) حكومتندن طلب معاونت ايلدى .,0.0641025641025641,0.03205128205128205,0.03205128205128205,0.42105263157894735,0.3157894736842105,0.10526315789473684,154,153,156
648,اوقراینای استقبالده پولونيانك تجاورزاتنة قارشو حظه ومدافع ایدەبيلمك ايچون (شـمەليتسكى) دوت عثمىنیەدن ويرىنسيلوانيا =(اردەل) حكومجتندن طلي مغىونت ايلدي .,اوقراینای استقبالده پولونيانك تجاورزاتنه قارشو حظه ومدافع ایدەبيلمك ايچون (شـمەليتسكى) دوت عثمانیەدن ويرانسيلوانيا !(اردەل) حكومجتندن طلي معاونت ايلدى.,اوقراینایی استقبالده پولونيانك تجاوزاتنه قارشو محافظه ومدافعه ایدەبيلمك ايچون (شـمەليتسكى) دولت عثمانیەدن وترانسيلوانيا =(اردەل) حكومتندن طلب معاونت ايلدى .,0.10256410256410256,0.07692307692307693,0.025641025641025633,0.5789473684210527,0.5789473684210527,0.0,152,151,156
649,اوقراینایی استقبالذه پولونيانك تحاوزاتنة قظارشو محاقظة ومدافعة ایدەبيلمك ايچون (شـمەليتسكى) دولت عةثانیەدن وترانسيلوانيا =(ىردەل) حكومتنذن طلب غاوثت ىعيلةديث .,اوقراینایی استقبالده پولونيانك تحاوزاتنه قطارشو محاقطه ومدافعه ایدەبيلمك ايچون (شـمەليتسكى) دولت عثانیەدن وترانسيلوانيا !(اردەل) حكومتندن طلب غاوت اعيله دين.,اوقراینایی استقبالده پولونيانك تجاوزاتنه قارشو محافظه ومدافعه ایدەبيلمك ايچون (شـمەليتسكى) دولت عثمانیەدن وترانسيلوانيا =(اردەل) حكومتندن طلب معاونت ايلدى .,0.12179487179487179,0.08974358974358974,0.03205128205128205,0.5263157894736842,0.42105263157894735,0.10526315789473684,159,157,156
650,اوقراینایی استقبالده پولونيانك بجاوزاتنه قارشو محافظه ومدافعه ایدەبيلمك ايچون(شـمەلكتسكا) دولت عثمانیەدن وراتسيوانيا =(اردەل) حكومتبدن طلب معاوت ايلدى .,اوقراینایی استقبالده پولونيانك بجاوزاتنه قارشو محافظه ومدافعه ایدەبيلمك ايچون (شـمەلكتسكا) دولت عثمانیەدن وراتسيوانيا !(اردەل) حكومتبدن طلب معاوت ايلدى.,اوقراینایی استقبالده پولونيانك تجاوزاتنه قارشو محافظه ومدافعه ایدەبيلمك ايچون (شـمەليتسكى) دولت عثمانیەدن وترانسيلوانيا =(اردەل) حكومتندن طلب معاونت ايلدى .,0.057692307692307696,0.0641025641025641,-0.006410256410256401,0.3157894736842105,0.42105263157894735,-0.10526315789473684,152,152,156
651,اوقراینایی استقبالده پولونيان ت جاوزاتنه قارشو محافظة ومدافعة ایذەبيلك ايچون (شمەلکتسکى) دول عثمايیەدن وترانسيلوانىا =(اردەل) حكومتندن طلب معاونت ايلذى .,اوقراینایی استقبالده پولونيان تجاوزاتنه قارشو محافظه ومدافعه ایدەبيلك ايچون (شمەلکتسکى) دول عثمايیەدن وترانسيلوانى !(اردەل) حكومتندن طلب معاونت ايلدى.,اوقراینایی استقبالده پولونيانك تجاوزاتنه قارشو محافظه ومدافعه ایدەبيلمك ايچون (شـمەليتسكى) دولت عثمانیەدن وترانسيلوانيا =(اردەل) حكومتندن طلب معاونت ايلدى .,0.08333333333333333,0.07051282051282051,0.012820512820512817,0.5789473684210527,0.47368421052631576,0.10526315789473689,153,150,156
652,اوقرایناكیی استقنالده پولون يانک تجاوزاتنه قارششو محافظة ومدافعه ایدەبيلمك ايچون (شـمەليتسكى) دول عثمانیەدن وترانسيلو انيا = (اردەل) ح كومتندن طلب معاونت ايلدى .,اوقراینایی استقنالده پولون يانك تجاوزاتنه قارشو محافظه ومدافعه ایدەبيلمك ايچون (شـمەليتسكى) دول عثمانیەدن وترانسيلو انيا = (اردەل) حكومتندن طلب معاونت ايلدى.,اوقراینایی استقبالده پولونيانك تجاوزاتنه قارشو محافظه ومدافعه ایدەبيلمك ايچون (شـمەليتسكى) دولت عثمانیەدن وترانسيلوانيا =(اردەل) حكومتندن طلب معاونت ايلدى .,0.0641025641025641,0.038461538461538464,0.025641025641025633,0.6842105263157895,0.5263157894736842,0.1578947368421053,161,157,156
653,اوقراینایی استقبالده پولونىاتک تجاوزات نه قازشو محافظه ومدافعه ىیدەبيلمك ايچون (شـم ەليتسكى) دولت عثمنیە دنوترانسيلوانيا = (اردەل) حكومتندن طلي معا نب ايلى,اوقراینایی استقبالده پولوناتك تجاوزاتنه قارشو محافظه ومدافعه ایدەبيلمك ايچون (شـمەليتسكى) دولت عثمنیە دن وترانسيلوانيا = (اردەل) حكومتندن طلي معانب ايلى,اوقراینایی استقبالده پولونيانك تجاوزاتنه قارشو محافظه ومدافعه ایدەبيلمك ايچون (شـمەليتسكى) دولت عثمانیەدن وترانسيلوانيا =(اردەل) حكومتندن طلب معاونت ايلدى .,0.10897435897435898,0.07051282051282051,0.038461538461538464,0.7894736842105263,0.47368421052631576,0.31578947368421056,155,152,156
654,اوقزایىییباستفبالدة پولونکانك تجازاتنه قارشو محافظة ومدافعه ایدەبيلم ك ايچون (شـمەليتسكى) دولت عثمانیەدن وترانسيلوانىا =(اردەل حكومتنذن طلب معاونب ايلدى .,اوقراینایی باستفبالده پولونيانك تجاراتنه قارشو محافظه ومدافعه ایدەبيلمك ايچون (شـمەليتسكى) دولت عثمانیەدن وترانسيلوانى !(اردەل حكومتندن طلب معاونب ايلدى.,اوقراینایی استقبالده پولونيانك تجاوزاتنه قارشو محافظه ومدافعه ایدەبيلمك ايچون (شـمەليتسكى) دولت عثمانیەدن وترانسيلوانيا =(اردەل) حكومتندن طلب معاونت ايلدى .,0.08974358974358974,0.0641025641025641,0.025641025641025647,0.5789473684210527,0.3684210526315789,0.21052631578947373,154,153,156
655,اوقزاینایی است قبالده پولوبيانك تجاوزاتنة قارشو محافظه ومدفه ایدەبيلمك ايچون (شـمەلکتسكى) دولت عثمانیەذن ورانسيلوانکى =(اردەل) حكومتند طلب معاونت ايلدى .,اوقراینایی است قبالده پولونيانك تجاوزاتنه قارشو محافظه ومدفه ایدەبيلمك ايچون (شـمەلکتسكى) دولت عثمانیەدن ورانسيلوانك !(اردەل) حكومتنده طلب معاونت ايلدى.,اوقراینایی استقبالده پولونيانك تجاوزاتنه قارشو محافظه ومدافعه ایدەبيلمك ايچون (شـمەليتسكى) دولت عثمانیەدن وترانسيلوانيا =(اردەل) حكومتندن طلب معاونت ايلدى .,0.07692307692307693,0.0641025641025641,0.01282051282051283,0.5263157894736842,0.47368421052631576,0.05263157894736842,153,152,156
656,اوقراینایی استقبال ده پولونيانكتجاوزاتنه قازوس محافظه ومدفعه ایدەبيلمك ىيچون (شـمەليتسيى) دولت غثمانیەدن وتران سيلوانيا =(اردەل) حكمتندن طلب معاوتتايلدى .,اوقراینایی استقبال ده پولونيانك تجاوزاتنه قاروس محافظه ومدفعه ایدەبيلمك ايچون (شـمەليتسيى) دولت غثمانیەدن وتران سيلوانيا !(اردەل) حكمتندن طلب معاوتتايلدى.,اوقراینایی استقبالده پولونيانك تجاوزاتنه قارشو محافظه ومدافعه ایدەبيلمك ايچون (شـمەليتسكى) دولت عثمانیەدن وترانسيلوانيا =(اردەل) حكومتندن طلب معاونت ايلدى .,0.08333333333333333,0.07692307692307693,0.006410256410256401,0.6842105263157895,0.6842105263157895,0.0,154,154,156
657,اوقراینایی استقبالده پولونىانك تجاوزانه فارشو محاقظه ودافعه ایدەبيلمك ايچون (ـمەلينسك) دولت عصثمانیەدن وترانسيطلانيا =(اردەل) حكومتندن طلبمعاونت ايلدى,اوقراینایی استقبالده پولوناانك تجاوزانه فارشو محاقطه ودافعه ایدەبيلمك ايچون (ـمەلينسك) دولت عصثمانیەدن وترانسيطلانيا =(اردەل) حكومتندن طلب معاونت ايلدى.,اوقراینایی استقبالده پولونيانك تجاوزاتنه قارشو محافظه ومدافعه ایدەبيلمك ايچون (شـمەليتسكى) دولت عثمانیەدن وترانسيلوانيا =(اردەل) حكومتندن طلب معاونت ايلدى .,0.08974358974358974,0.08333333333333333,0.006410256410256415,0.5789473684210527,0.5263157894736842,0.052631578947368474,150,152,156
658,اقر ىینایی استقبالده پولونيانك تجاوراتنه قارشو محافظه وةمذافعه ایدەبيلمك ايچوب (شـذمليتسكى) دولب عثمانیەدن وترا انسيلو انيا =(اردەل) حومتثد طلب مغاونت اكلدى .,اقراینایی استقبالده پولونيانك تجاوراتنه قارشو محافظه ومدافعه ایدەبيلمك ايچوب (شـدمليتسكى) دولب عثمانیەدن وتراس انسيلو انيا !(اردەل) حومتد طلب معاونت ايلدى.,اوقراینایی استقبالده پولونيانك تجاوزاتنه قارشو محافظه ومدافعه ایدەبيلمك ايچون (شـمەليتسكى) دولت عثمانیەدن وترانسيلوانيا =(اردەل) حكومتندن طلب معاونت ايلدى .,0.11538461538461539,0.09615384615384616,0.019230769230769232,0.6842105263157895,0.631578947368421,0.052631578947368474,158,155,156
659,اوقراینایی ا ستقبالده پولونكانك تجاوزاتنه قارشو محافظه ودافعة ایدەبيجلمكايچون (شـمەليتسکى) دولت عثمایەدن وترانسيلوانيا =(اردەل) حكومتندن طلب معاونت ايلدى .,اوقراینایی استقبالده پولونكانك تجاوزاتنه قارشو محافظه ودافعه ایدەبيجلمك ايچون (شـمەليتسکى) دولت عثمایەدن وترانسيلوانيا !(اردەل) حكومتندن طلب معاونت ايلدى.,اوقراینایی استقبالده پولونيانك تجاوزاتنه قارشو محافظه ومدافعه ایدەبيلمك ايچون (شـمەليتسكى) دولت عثمانیەدن وترانسيلوانيا =(اردەل) حكومتندن طلب معاونت ايلدى .,0.05128205128205128,0.04487179487179487,0.006410256410256408,0.42105263157894735,0.42105263157894735,0.0,155,154,156
660,و تاريخدن اول اقوام مذکوره آنجق (اوقراينا نک جسيم اورمانلر ايلة مستور حوالی شمالیەسندقه ساکن بونمتقده ايديلر.,و تاريخدن اولاقوام مذکوره آنجق (اوقراينانك جسيم اورمانلر ايله مستور حوالی شمالیەسنده ساکن بونمتقده ايديلر.,او تاريخدن اول اقوام مذکوره آنجق (اوقراينا) نك جسيم اورمانلر ايله مستور حوالی شمالیەسنده ساکن بولنمتقده ايديلر.,0.05405405405405406,0.04504504504504504,0.009009009009009014,0.35294117647058826,0.35294117647058826,0.0,109,106,111
661,او تايخدن اول اقوام مذکوره آنجق اروقراينا) نك خسيم اورمانلر اي له مسيور حوالیغ شمالیەسنده ساکن بولنمکتقده ايديلر.,او تايخدن اولك اقوام مذکوره آنجق اروقراينا) نك خسيم اورمانلر ايله مسيور حوالیغ شمالیەسنده ساکن بولنمکتقده ايديلر.,او تاريخدن اول اقوام مذکوره آنجق (اوقراينا) نك جسيم اورمانلر ايله مستور حوالی شمالیەسنده ساکن بولنمتقده ايديلر.,0.07207207207207207,0.07207207207207207,0.0,0.47058823529411764,0.4117647058823529,0.05882352941176472,113,113,111
662,ىو تاريخذن اول ىقوام مذکوريه آنجق (اوقرىينا) ك جسيم اورمانلر ايىلة مستور حو الی شمالیەسند ساكن بولمتقده ىيديلر .,او تاريخدن اولك اقوام مذکوريه آنجق (اوقراينا) ك جسيم اورمانلر اياله مستور حوالی شمالیەسنده ساكن بولمتقده ايديلر.,او تاريخدن اول اقوام مذکوره آنجق (اوقراينا) نك جسيم اورمانلر ايله مستور حوالی شمالیەسنده ساکن بولنمتقده ايديلر.,0.12612612612612611,0.05405405405405406,0.07207207207207206,0.8235294117647058,0.35294117647058826,0.4705882352941176,112,112,111
663,او تىريخدن اول اقوىم مذکزه آجق (اوقايا) نكد جسيماورمانلر ايله مستور حوالی شمالیەسنده س اکن بولنمتقدة ايدي لر.,او تاريخدن اولك اقوام مذکزه آجق (اوقراينا) نك جسيم اورمانلر ايله مستور حوالی شمالیەسنده ساکن بولنمتقده ايديلر.,او تاريخدن اول اقوام مذکوره آنجق (اوقراينا) نك جسيم اورمانلر ايله مستور حوالی شمالیەسنده ساکن بولنمتقده ايديلر.,0.10810810810810811,0.036036036036036036,0.07207207207207209,0.7647058823529411,0.17647058823529413,0.588235294117647,109,110,111
664,اوتاريخدن اول اقوام مذکورهآنجق (اورا ين) نك جسيم اورمانلر اله مسيتوز حوالی شمالیەسندة ساين بولنمتقده ايدکلر .,اوتاريخدن اول اقوام مذکوره آنجق (اوراين) نك جسيم اورمانلر اله مسيتور حوالی شمالیەسنده ساين بولنمتقده ايديلر.,او تاريخدن اول اقوام مذکوره آنجق (اوقراينا) نك جسيم اورمانلر ايله مستور حوالی شمالیەسنده ساکن بولنمتقده ايديلر.,0.10810810810810811,0.05405405405405406,0.05405405405405406,0.6470588235294118,0.35294117647058826,0.29411764705882354,109,108,111
665,او تاريخدن اول افوام مذک وره آنجق (اوقراينا) نك جسيم ورانر ايله مستور حوىی شمالیەسنده ساکن بولنمزتقده ايدکل.,او تاريخدن اولك افوام مذکوره آنجق (اوقراينا) نك جسيم ورانر ايله مستور حوای شمالیەسنده ساکن بولنمزتقده ايديلر.,او تاريخدن اول اقوام مذکوره آنجق (اوقراينا) نك جسيم اورمانلر ايله مستور حوالی شمالیەسنده ساکن بولنمتقده ايديلر.,0.09009009009009009,0.06306306306306306,0.02702702702702703,0.4117647058823529,0.29411764705882354,0.11764705882352938,108,109,111
666,او تاريخدن اولاقوام مذکوره آنجق (اوقراينا) نك جسيم ىورمانلر ايله مستوةر حوالی شمالیەسنده ساکت بولنمتقده يدط يلر.,او تاريخدن اولاقوام مذکوره آنجق (اوقراينا) نك جسيم اورمانلر ايله مستوهر حوالی شمالیەسنده ساکت بولنمتقده يديلر.,او تاريخدن اول اقوام مذکوره آنجق (اوقراينا) نك جسيم اورمانلر ايله مستور حوالی شمالیەسنده ساکن بولنمتقده ايديلر.,0.06306306306306306,0.036036036036036036,0.02702702702702702,0.4117647058823529,0.29411764705882354,0.11764705882352938,112,110,111
667,او تاريخ دن اول اقوام مذکوقره آنجق(اوقراينا) نك جسيم اورمانلر ايله مسور حوظالی شما لیەسنده ساکنز بولنمتقده ايديلر.,او تاريخدن اولك اقوام مذکوقره آنجق (اوقراينا) نك جسيم اورمانلر ايله مسور حوالی شمالیەسنده ساکنز بولنمتقده ايديلر.,او تاريخدن اول اقوام مذکوره آنجق (اوقراينا) نك جسيم اورمانلر ايله مستور حوالی شمالیەسنده ساکن بولنمتقده ايديلر.,0.06306306306306306,0.036036036036036036,0.02702702702702702,0.5882352941176471,0.23529411764705882,0.35294117647058826,114,113,111
668,او تاريخدن اول اقوام مذکوره آنجق (اوقراينا) نك ج شيم ىورانلرب يله مستور هوالی شمالیەسنده سىکن بولنمتق ده اذيلر.,او تاريخدن اولاقوام مذکوره آنجق (اوقراينا) نك جشيم اورانلرنيله مستور هوالی شمالیەسنده ساکن بولنمتقده اديلر.,او تاريخدن اول اقوام مذکوره آنجق (اوقراينا) نك جسيم اورمانلر ايله مستور حوالی شمالیەسنده ساکن بولنمتقده ايديلر.,0.0990990990990991,0.06306306306306306,0.03603603603603604,0.5294117647058824,0.4117647058823529,0.11764705882352944,111,107,111
669,او تريخدن اول اقوىم مذکوره آنجق (اوقرانا) نك جسيم اورمانلر اىله مستور والی شمىلیەسنده ساکن بولنمتقدة ايديلر.,او تريخدن اولك اقوام مذکوره آنجق (اوقراينا) نك جسيم اورمانلر ايله مستور والی شمالیەسنده ساکن بولنمتقده ايديلر.,او تاريخدن اول اقوام مذکوره آنجق (اوقراينا) نك جسيم اورمانلر ايله مستور حوالی شمالیەسنده ساکن بولنمتقده ايديلر.,0.06306306306306306,0.02702702702702703,0.03603603603603603,0.4117647058823529,0.17647058823529413,0.2352941176470588,108,110,111
670,او تاريخدن اولاقوام مذکوره آنجق (ىوقراينا) نك جسىم اورمانلر ايله متر حواعلی شمالیەسنده سا کنبولنمت قدة ايديلر.,او تاريخدن اولاقوام مذکوره آنجق (اوقراينا) نك جسام اورمانلر ايله متر حواعلی شمالیەسنده ساکن بولنمت قده ايديلر.,او تاريخدن اول اقوام مذکوره آنجق (اوقراينا) نك جسيم اورمانلر ايله مستور حوالی شمالیەسنده ساکن بولنمتقده ايديلر.,0.09009009009009009,0.05405405405405406,0.03603603603603603,0.5294117647058824,0.4117647058823529,0.11764705882352944,110,110,111
671,او اريخدت اول اقوام مذکوره آنجق (اوقرىينا) نك جسيم اورما لر ىيلهص مستور حوا لی شمالیەسنذه اکن بولنمتقذه ايديلر,او اريخدت اول اقوام مذکوره آنجق (اوقراينا) نك جسيم اورمالر ايله مستور حوالی شمالیەسنده اين بولنمتقده ايديلر.,او تاريخدن اول اقوام مذکوره آنجق (اوقراينا) نك جسيم اورمانلر ايله مستور حوالی شمالیەسنده ساکن بولنمتقده ايديلر.,0.0990990990990991,0.04504504504504504,0.05405405405405406,0.6470588235294118,0.17647058823529413,0.47058823529411764,110,108,111
672,او تار يخدن اول اقوام مذکوره آنجق (ىوقراينا) نك جسيم ىورما نل ايله م ستور حوالی شمالیەهسنده شباکن بولنمتده ا يديلر.,او تاريخدن اوله اقوام مذکوره آنجق (اوقراينا) نك جسيم اورمانله ايله مستور حوالی شمالیەسنده شباين بولنمتده ايديلر.,او تاريخدن اول اقوام مذکوره آنجق (اوقراينا) نك جسيم اورمانلر ايله مستور حوالی شمالیەسنده ساکن بولنمتقده ايديلر.,0.0990990990990991,0.05405405405405406,0.04504504504504504,0.7058823529411765,0.23529411764705882,0.4705882352941177,115,112,111
673,او تاريدن اول اقوام مذکوره آج (ىوقراينا نك جسيم اورمان لر ايله مستور حو الی شمالیەسنده اکن بولنمتقده ايديلر.,او تاريدن اولك اقوام مذکوره آج (اوقراينانك جسيم اورمانلر ايله مستور حوالی شمالیەسنده اين بولنمتقده ايديلر.,او تاريخدن اول اقوام مذکوره آنجق (اوقراينا) نك جسيم اورمانلر ايله مستور حوالی شمالیەسنده ساکن بولنمتقده ايديلر.,0.07207207207207207,0.07207207207207207,0.0,0.47058823529411764,0.35294117647058826,0.11764705882352938,108,106,111
674,او تارىخدن اول اقوام مذکوره آيجق (افراينا) نك جسيم اورمانلر اية مستور حواتلی شمالیەسنده ساکن بولنمتفده ايدلر.,او تاراخدن اولك اقوام مذکوره آيجق (افراينا) نك جسيم اورمانلر ايه مستور حواتلی شمالیەسنده ساکن بولنمتفده ايدلر.,او تاريخدن اول اقوام مذکوره آنجق (اوقراينا) نك جسيم اورمانلر ايله مستور حوالی شمالیەسنده ساکن بولنمتقده ايديلر.,0.08108108108108109,0.08108108108108109,0.0,0.4117647058823529,0.47058823529411764,-0.05882352941176472,109,110,111
675,ا و تاريخدن اول اقوام مذکره آجق (ىوقراينى) نك جسكم اورمانلر ايهمستور حوالی مالیەسنده سان بولنمتفده ىيدي لر.,او تاريخدن اولاقوام مذکره آجق (اوقراينا) نك جسكم اورمانلر ايه مستور حوالی مالیەسنده سان بولنمتفده ايديلر.,او تاريخدن اول اقوام مذکوره آنجق (اوقراينا) نك جسيم اورمانلر ايله مستور حوالی شمالیەسنده ساکن بولنمتقده ايديلر.,0.11711711711711711,0.07207207207207207,0.04504504504504504,0.7647058823529411,0.5294117647058824,0.23529411764705876,107,105,111
676,او تاريخدن اول افوام مذکوره آنجق(اوراينا) نك جسيم اورمانلر ايله مسيور حوای شماهلیەسنذه ساکن بولنةمتقدفة ىيديلر.,او تاريخدن اولك افوام مذکوره آنجق (اوراينا) نك جسيم اورمانلر ايله مسيور حوای شماهلیەسنده ساکن بولنه متقدفه ايديلر.,او تاريخدن اول اقوام مذکوره آنجق (اوقراينا) نك جسيم اورمانلر ايله مستور حوالی شمالیەسنده ساکن بولنمتقده ايديلر.,0.0990990990990991,0.08108108108108109,0.018018018018018014,0.47058823529411764,0.47058823529411764,0.0,111,114,111
677,او تاريخدن و ل ىقوام مذکوره آنجق (اوقرينا) نك جسيم اوزمانلر ايله مستور حوالی شمالیەسنده ساکن بولمتقده ايدکيلر.,او تاريخدن و لاقوام مذکوره آنجق (اوقراينا) نك جسيم اوزمانلر ايله مستور حوالی شمالیەسنده ساکن بولمتقده ايدييلر.,او تاريخدن اول اقوام مذکوره آنجق (اوقراينا) نك جسيم اورمانلر ايله مستور حوالی شمالیەسنده ساکن بولنمتقده ايديلر.,0.06306306306306306,0.05405405405405406,0.009009009009009,0.4117647058823529,0.29411764705882354,0.11764705882352938,110,110,111
678,او تاريخدن اول اقوم مذکره آنج (اوقراينا) نك جسكم اورمانلر ايله مستور حوالی شمالیەسنده ساکن بولنمتقده ايذيلر.,او تاريخدن اولاقوم مذکره آنجه (اوقراينا) نك جسكم اورمانلر ايله مستور حوالی شمالیەسنده ساکن بولنمتقده ايديلر.,او تاريخدن اول اقوام مذکوره آنجق (اوقراينا) نك جسيم اورمانلر ايله مستور حوالی شمالیەسنده ساکن بولنمتقده ايديلر.,0.04504504504504504,0.04504504504504504,0.0,0.29411764705882354,0.29411764705882354,0.0,108,108,111
679,او تارىجدن اول اق وام مذکوره آنحق (اوقراينا) نك جسيم اورمانلر اي له مستور حو الی شمالیەسنده سکن بولنمتقده ايديل ر.,او تاراجدن اولاق وام مذکوره آنحق (اوقراينا) نك جسيم اورمانلر ايله مستور حوالی شمالیەسنده سکن بولنمتقده ايديلر.,او تاريخدن اول اقوام مذکوره آنجق (اوقراينا) نك جسيم اورمانلر ايله مستور حوالی شمالیەسنده ساکن بولنمتقده ايديلر.,0.07207207207207207,0.05405405405405406,0.018018018018018014,0.6470588235294118,0.29411764705882354,0.35294117647058826,114,110,111
680,چونکه اويلر حالص پولونياليلرطرقندن اوةلدیغی قدر زمان ىیله پولونياليلشمش اولان کندی عرقداشلرجه دحی انواع تضييقات وتعذيباته معرو قيلسينوزدی.,چونکه اويلر حالص پولونياليلر طرقندن اولدیغی قدر زمان ایله پولونياليلشمش اولان کندی عرقداشلرجه دحی انواع تضييقات وتعديباته معروق قيلسينوردی.,چونکه اونلر خالص پولونياليلر طرقندن اولدیغی قدر زمان ایله پولونياليلشمش اولان کندی عرقداشلرنجه دحی انواع تضييقات وتعذيباته معروض قيلينوردی.,0.06474820143884892,0.04316546762589928,0.021582733812949638,0.47368421052631576,0.3157894736842105,0.15789473684210525,138,139,139
681,چونکه اونلر خالص پولونياليلر طرقندن اولیعی قر زمان ای له پ ولونياليلشمش الاب کندی عرقداشلزثطجه حی انواع تضكيقىت وتعيباته معروض قلنوردی.,چونکه اونلر خالص پولونياليلر طرقندن اولیعی قرزمان ایله پولونياليلر طرقندن اولیعی قرزمان ایله پولونياليلشمش الاب کندی عرقداشلرنجه حی انواع تضكيقات وتعيباته معروض قلنوردی.,چونکه اونلر خالص پولونياليلر طرقندن اولدیغی قدر زمان ایله پولونياليلشمش اولان کندی عرقداشلرنجه دحی انواع تضييقات وتعذيباته معروض قيلينوردی.,0.11510791366906475,0.3237410071942446,-0.20863309352517984,0.631578947368421,0.631578947368421,0.0,135,169,139
682,چونکه اونلر خالص پولونياليلر طرندن ا ولدیغی قدر زمات ایله پوةلونياليلشمش اولان کندی عجرقداشلرنجه دحی انوباع تضيکقات وتعذيباته مغروض يلينوریط.,چونکه اونلر خالص پولونياليلر طرندن اولدیغی قدر زمات ایله پولونياليلشمش اولان کندی عجرقداشلرنجه دحی انوباع تضييقات وتعديباته معروض يلينوری.,چونکه اونلر خالص پولونياليلر طرقندن اولدیغی قدر زمان ایله پولونياليلشمش اولان کندی عرقداشلرنجه دحی انواع تضييقات وتعذيباته معروض قيلينوردی.,0.07913669064748201,0.050359712230215826,0.02877697841726618,0.5263157894736842,0.3157894736842105,0.21052631578947367,141,138,139
683,ونکه اونلر خىلص پولونياليلز طرقد ن اولدغی قد ر زمن ایله پولون ياليلشمش اولان کندی رقداشلرنجه دح انواع تضکيقات وتعذيباته معروض فيلينوردی.,ونکه اونلر خالص پولونياليلر طرقدن اولدی قدر زمن ایله پولون ياليلشمش اولان کندی رقداشلرنجه دح انواع تضکيقات وتعديباته معروض فيلينوردی.,چونکه اونلر خالص پولونياليلر طرقندن اولدیغی قدر زمان ایله پولونياليلشمش اولان کندی عرقداشلرنجه دحی انواع تضييقات وتعذيباته معروض قيلينوردی.,0.09352517985611511,0.07913669064748201,0.014388489208633101,0.7894736842105263,0.5789473684210527,0.21052631578947367,136,133,139
684,چونکه ىونلر خالص پولونياليلررن طرقندن اولدیعی قذر زمان اله پول ونىاليلسمش او ان کندی عرقداشلرنحه ح انواع تضىيقات وتعذياته معروض قيلينردی.,چونکه اونلر خالص پولونياليلرن طرقندن اولدیغی قدر زمان اله پولونااليلسمش او ان کندی عرقداشلرنحه حانواع تضايقات وتعدياته معروض قيلينردی.,چونکه اونلر خالص پولونياليلر طرقندن اولدیغی قدر زمان ایله پولونياليلشمش اولان کندی عرقداشلرنجه دحی انواع تضييقات وتعذيباته معروض قيلينوردی.,0.11510791366906475,0.09352517985611511,0.021582733812949645,0.7368421052631579,0.5789473684210527,0.1578947368421052,137,134,139
685,چونکه اونلر خالص پولونياليلرطرقندن اولدغی قذر زمىن ا یله پولونياليلشمش اولان کنذی عرقداسلرنجه دحی ان واع تضييقات وتعذيباتة معروض قيلينوردی.,چونکه اونلر خالص پولونياليلر طرقندن اولدی قدر زمان ایله پولونياليلشمش اولان کندی عرقداسلرنجه دحیان واع تضييقات وتعديباته معروض قيلينوردی.,چونکه اونلر خالص پولونياليلر طرقندن اولدیغی قدر زمان ایله پولونياليلشمش اولان کندی عرقداشلرنجه دحی انواع تضييقات وتعذيباته معروض قيلينوردی.,0.06474820143884892,0.04316546762589928,0.021582733812949638,0.5789473684210527,0.2631578947368421,0.31578947368421056,139,137,139
686,چونکه اون لر خاصپولونكالير طرقندن الدیغی قدر زمان ایله پولونياليلشمش اولان کندی عرقداشلرنجه ذحی ىنواغ تضييقاتوتعذيباته معروض قكلينوردی.,چونکه اونلر خاصپولونكالير طرقندن الدیغی قدر زمان ایله پولونياليلشمش اولان کندی عرقداشلرنجه دحی انواغ تضييقات وتعديباته معروض قيلينوردی.,چونکه اونلر خالص پولونياليلر طرقندن اولدیغی قدر زمان ایله پولونياليلشمش اولان کندی عرقداشلرنجه دحی انواع تضييقات وتعذيباته معروض قيلينوردی.,0.07913669064748201,0.050359712230215826,0.02877697841726618,0.47368421052631576,0.2631578947368421,0.21052631578947367,135,135,139
687,چوانکه اونلر خإالسصپولونياليلر طرندن اولدیغی قدر زمان ایله پولونكاليلشمش اوان کندید عرقداسلرنجه دحی ىنواع تضييات وتعذيباته معروض قيلکنورد.,چوانکه اونلر خالس پولونياليلر طرندن اولدیغی قدر زمان ایله پولونياليلشمش اوان کندید عرقداسلرنجه دحی انواع تضييات وتعديباته معروض قيلينوردر.,چونکه اونلر خالص پولونياليلر طرقندن اولدیغی قدر زمان ایله پولونياليلشمش اولان کندی عرقداشلرنجه دحی انواع تضييقات وتعذيباته معروض قيلينوردی.,0.09352517985611511,0.06474820143884892,0.02877697841726619,0.5789473684210527,0.47368421052631576,0.10526315789473689,138,138,139
688,چونکة اويلر خالص پولونياليلر طرقندن اولدیغی قدر زمان ایله پولوک ايلشمش اولان کنی عرقداشلرنج ه ذحی انواع تضييقات وتعذيباته معروض قکليوردی.,چونکه اويلر خالص پولونياليلر طرقندن اولدیغی قدر زمان ایله پولوك ايلشمش اولان کنی عرقداشلرنجه دحی انواع تضييقات وتعديباته معروض قکليوردی.,چونکه اونلر خالص پولونياليلر طرقندن اولدیغی قدر زمان ایله پولونياليلشمش اولان کندی عرقداشلرنجه دحی انواع تضييقات وتعذيباته معروض قيلينوردی.,0.07194244604316546,0.05755395683453238,0.014388489208633087,0.47368421052631576,0.3157894736842105,0.15789473684210525,137,136,139
689,چونکه اونلر خالص پولونياليلر طرقندن اولیغی قدر زمان ایله پولوانياليلشم ش اولاث كندی عرداش لرنجه دحی انوناع تضييقکات تديبات معروص قيثلين وردی.,چونکه اونلر خالص پولونياليلر طرقندن اولیغی قدر زمان ایله پولوانياليلشمش اولان کندی عرداشلرنجه دحی انوناع تضييقيات تديبات معروص قيثلينوردی.,چونکه اونلر خالص پولونياليلر طرقندن اولدیغی قدر زمان ایله پولونياليلشمش اولان کندی عرقداشلرنجه دحی انواع تضييقات وتعذيباته معروض قيلينوردی.,0.11510791366906475,0.07913669064748201,0.035971223021582746,0.6842105263157895,0.42105263157894735,0.26315789473684215,141,138,139
690,چونکه اونلز خالص پوإلونيىليلر طزقندن اولدیغی فدر زمان ایله پولونياليلشمش اولىن کندی عرقدالرنجته دحی انواع تضييقت وتغذيباته عروض قيلينوردی.,چونکه اونلر خالص پولونياليلر طرقندن اولدیغی فدر زمان ایله پولونياليلشمش اولان کندی عرقدالرنجه دحی انواع تضييقت وتعديباته عروض قيلينوردی.,چونکه اونلر خالص پولونياليلر طرقندن اولدیغی قدر زمان ایله پولونياليلشمش اولان کندی عرقداشلرنجه دحی انواع تضييقات وتعذيباته معروض قيلينوردی.,0.07913669064748201,0.03597122302158273,0.043165467625899276,0.47368421052631576,0.2631578947368421,0.21052631578947367,138,136,139
691,چونکه ىونلر خالص پولونيالير طرفندن الدیغ قدر زم اب ایلهپولونياليلشمش اولىن كندی عقداشلرنجه دحی انوع تضييفات وتعذيباذته مغروض قيلىتوردی.,چونکه اونلر خالص پولونيالير طرفندن الدیغ قدر زماب ایله پولونياليلشمش اولان کندی عقداشلرنجه دحی انوع تضييفات وتعديبادته معروض قيلاتوردی.,چونکه اونلر خالص پولونياليلر طرقندن اولدیغی قدر زمان ایله پولونياليلشمش اولان کندی عرقداشلرنجه دحی انواع تضييقات وتعذيباته معروض قيلينوردی.,0.1223021582733813,0.08633093525179857,0.03597122302158273,0.7894736842105263,0.47368421052631576,0.31578947368421056,135,135,139
692,چونکه اونلر خالص پولونياليلر طرقندن اولدیغی قدر زمان ایله پولونكىليلشمش اولان کندی عرقداشلرنجه دهی انواع تضييقات وتعذيياته معروض يلنوردی.,چونکه اونلر خالص پولونياليلر طرقندن اولدیغی قدر زمان ایله پولونياليلر طرقندن اولدیغی قدر زمان ایله پولونياليلشمش اولان کندی عرقداشلرنجه دهی انواع تضييقات وتعديياته معروض يلنوردی.,چونکه اونلر خالص پولونياليلر طرقندن اولدیغی قدر زمان ایله پولونياليلشمش اولان کندی عرقداشلرنجه دحی انواع تضييقات وتعذيباته معروض قيلينوردی.,0.04316546762589928,0.33093525179856115,-0.28776978417266186,0.21052631578947367,0.47368421052631576,-0.2631578947368421,137,178,139
693,چإونکة اونلر حاصپوونيىيلر طرقنذن اودیغی قدر مظان ایله پولونيالىلشم اولان کنذی عرقداشلرنجه د حیانوا غ تضيقىت وتعذيىته معروض قيلينوردی.,چونکه اونلر حاصپوونياليلر طرقندن اودیغی قدر مظان ایله پولونياليلشم اولان کندی عرقداشلرنجه دحیانوا تضيقيت وتعدياته معروض قيلينوردی.,چونکه اونلر خالص پولونياليلر طرقندن اولدیغی قدر زمان ایله پولونياليلشمش اولان کندی عرقداشلرنجه دحی انواع تضييقات وتعذيباته معروض قيلينوردی.,0.16546762589928057,0.10071942446043165,0.06474820143884892,0.6842105263157895,0.47368421052631576,0.21052631578947373,133,130,139
694,چونکه اونلر خ ايلص پولونكىللر ط رقندن اولدی غی قد زمىن ایله پولونيىليلشمش اولىن کندی عرقداشلزنجه دح انواع تضى يقات وتغذيبىتة معروص قثكليثوردی.,چونکه اونلر خايلص پولونياللر طرقندن اولدیغی قدر زمان ایله پولونياليلشمش اولان کندی عرقداشلرنجه دح انواع تضى يقات وتعديبيته معروص قنكليوردی.,چونکه اونلر خالص پولونياليلر طرقندن اولدیغی قدر زمان ایله پولونياليلشمش اولان کندی عرقداشلرنجه دحی انواع تضييقات وتعذيباته معروض قيلينوردی.,0.15827338129496402,0.07913669064748201,0.07913669064748201,0.9473684210526315,0.42105263157894735,0.5263157894736842,142,139,139
695,چونيه اونلر خالض پولونياليلر طرقندن اولدیغی قذر زما ن ایل پولويىاليلشمش اولان کنذی عرقداشلرنجة دحی انواع تضييقات وتع ذبته معروض قيلي نورذی.,چونيه اونلر خالض پولونياليلر طرقندن اولدیغی قدر زمان ایله پولونياليلر طرقندن اولدیغی قدر زمان ایله پولونياليلر طرقندن اولدیغی قدر زمان ایله پولونياليلر طرقندن اولدیغی قدر زمان ایله پولونياليلر طرقندن اولدیغی قدر زمان ایله پولونياليلر طرقندن اولدیغی قدر زمان ایله پولونياليلر ط,چونکه اونلر خالص پولونياليلر طرقندن اولدیغی قدر زمان ایله پولونياليلشمش اولان کندی عرقداشلرنجه دحی انواع تضييقات وتعذيباته معروض قيلينوردی.,0.10071942446043165,1.223021582733813,-1.1223021582733812,0.6842105263157895,1.7894736842105263,-1.1052631578947367,139,276,139
696,چونكة ا ونلر خالثص پولونياليلر طرندن اولدیغی قدر زمان ایله پولونياليلشجمش اولان کندی عرقداشلرنضجه دحی انو اع تضييقات وتعذيب اته معروض قيلين وردی.,چونك اونلر خالت پولونياليلر طرندن اولدیغی قدر زمان ایله پولونياليلشجمش اولان کندی عرقداشلرنجه دحی انواع تضييقات وتعديب اته معروض قيلينوردی.,چونکه اونلر خالص پولونياليلر طرقندن اولدیغی قدر زمان ایله پولونياليلشمش اولان کندی عرقداشلرنجه دحی انواع تضييقات وتعذيباته معروض قيلينوردی.,0.07194244604316546,0.050359712230215826,0.021582733812949638,0.6842105263157895,0.3157894736842105,0.368421052631579,145,139,139
697,چونکه اونلر خالص پولونياليلر طزندن اولدیغی قدر ز ما ایله پولونياليلشمش اولىن کندی عرقداشلةرجه دحی انواع تضكىفات وثعذيباته معروض قيلينوردی.,چونکه اونلر خالص پولونياليلر طرندن اولدیغی قدر زما ایله پولونياليلر اولان کندی عرقداشلهرجه دحی انواع تضكافات وتعديباته معروض قيلينوردی.,چونکه اونلر خالص پولونياليلر طرقندن اولدیغی قدر زمان ایله پولونياليلشمش اولان کندی عرقداشلرنجه دحی انواع تضييقات وتعذيباته معروض قيلينوردی.,0.07913669064748201,0.07913669064748201,0.0,0.3684210526315789,0.3157894736842105,0.05263157894736842,138,135,139
698,چونکه اونلر خىلص پولونيا ليل ر طرقندن اولدیغی قدر زما ن ایله پولونيىليلشمش ارولان کند عرقداسلرنجه دحی انواع ضييقات ونعذيباتة معروض قيلينوری.,چونکه اونلر خالص پولونيا ليلر طرقندن اولدیغی قدر زمان ایله پولونياليلشمش ارولان کنده عرقداسلرنجه دحی انواع ضييقات ونعديباته معروض قيلينوری.,چونکه اونلر خالص پولونياليلر طرقندن اولدیغی قدر زمان ایله پولونياليلشمش اولان کندی عرقداشلرنجه دحی انواع تضييقات وتعذيباته معروض قيلينوردی.,0.08633093525179857,0.05755395683453238,0.02877697841726619,0.6842105263157895,0.42105263157894735,0.26315789473684215,140,139,139
699,چونکه اونلر خالص پولونكاليلر طرقندن اولذیغ ی قدر زمان ایل پولونياليلشمش اولان کندی عر قداشلرثجة دحی انواغ تضييقات وتعذيباتة معروض قيلينور دی.,چونکه اونلر خالص پولونياليلر طرقندن اولدیغی قدر زمان ایله پولونياليلر طرقندن اولدیغی قدر زمان ایله پولونياليلر طرقندن اولدیغی قدر زمان ایله پولونياليلر طرقندن اولدیغی قدر زمان ایله پولونياليلر طرقندن اولدیغی قدر زمان ایله پولونياليلر طرقندن اولدیغی قدر زمان ایله پولونياليلر ط,چونکه اونلر خالص پولونياليلر طرقندن اولدیغی قدر زمان ایله پولونياليلشمش اولان کندی عرقداشلرنجه دحی انواع تضييقات وتعذيباته معروض قيلينوردی.,0.07194244604316546,1.20863309352518,-1.1366906474820144,0.5263157894736842,1.6842105263157894,-1.1578947368421053,141,276,139
700,تاريخك احداث ایندیکی ضروزتلرروسیه ایل ه اروپا آرەسنده مشتقل نراوقراينا حكومتنك موجو ديتنى يمل شدتله استلزام ایلکدەدر.,تاريخك احداث ایندیکی ضرورتلر روسیه ایله اروپا آرەسنده مشتقل نراوقراينا حكومتنك موجوديتنى يمل شدتله استلرام ایلکدەدر.,تاريخك احداث ایندیکی ضرورتلر روسیه ایله اوروپا آرەسنده مستقل براوقراينا حكومتنك موجوديتنى كمال شدتله استلزام ایلکدەدر.,0.07627118644067797,0.05084745762711865,0.025423728813559324,0.5625,0.3125,0.25,117,116,118
701,تاريخک احداث ىیندیکی ضرورتلر روسیه ایله اوروپا آەسنده مستقل براوقرىينا هكومتنك موجوديتنىكمال شدتله ىشتلزام ىیلکدەدر.,تاريخك احداث ایندیکی ضرورتلر روسیه ایله اوروپا آەسنده مستقل براوقراينا هكومتنك موجوديتنى كمال شدتله اشتلرام ایلکدەدر.,تاريخك احداث ایندیکی ضرورتلر روسیه ایله اوروپا آرەسنده مستقل براوقراينا حكومتنك موجوديتنى كمال شدتله استلزام ایلکدەدر.,0.07627118644067797,0.03389830508474576,0.04237288135593221,0.5625,0.1875,0.375,116,117,118
702,تارخک احداث ایندیکی ضرورتلر روسیه افله اوروپا آرەسنده م ستقغل براوجفراينا حكومتنك موجوديتنا كمال شدتله استلزام ایلکدەدر.,تاريخك احداث ایندیکی ضرورتلر روسیه افله اوروپا آرەسنده مستقل براوجقراينا حكومتنك موجوديتنا كمال شدتله استلرام ایلکدەدر.,تاريخك احداث ایندیکی ضرورتلر روسیه ایله اوروپا آرەسنده مستقل براوقراينا حكومتنك موجوديتنى كمال شدتله استلزام ایلکدەدر.,0.06779661016949153,0.03389830508474576,0.03389830508474576,0.375,0.25,0.125,120,119,118
703,تارىخك احداث ىیندیکی ضرورتلر روسیه اله اوروپا آرەسنده مستقل براوبقراثينا حكومتنك وجوديتنى كمال شدتلة استلزام ایلکدەادر.,تاريخك احداث ایندیکی ضرورتلر روسیه اله اوروپا آرەسنده مستقل براوقراينا حكومتنك وجوديتنى كمال شدتله استلزام ایلکدەادر.,تاريخك احداث ایندیکی ضرورتلر روسیه ایله اوروپا آرەسنده مستقل براوقراينا حكومتنك موجوديتنى كمال شدتله استلزام ایلکدەدر.,0.06779661016949153,0.025423728813559324,0.0423728813559322,0.4375,0.1875,0.25,119,117,118
704,ياريخك احدىث ایندیکی ضرورتلر روسیه ا یله اوروپا آزەسثده مستقلبراوقرانا ححكومتنك موجوديتنى کمال شدتله استلزام ایلکددر.,باريخك احداث ایندیکی ضرورتلر روسیه ایله اوروپا آزەسنده مستقل براوقرانى حكومتنك موجوديتنى کمال شدتله استلزام ایلکدر.,تاريخك احداث ایندیکی ضرورتلر روسیه ایله اوروپا آرەسنده مستقل براوقراينا حكومتنك موجوديتنى كمال شدتله استلزام ایلکدەدر.,0.0847457627118644,0.059322033898305086,0.025423728813559317,0.625,0.3125,0.3125,117,115,118
705,تا ريخي احداث ایتیکی ضرورتلر زوسیه ایله اوروپا آرەسنده مستقل راوقراىنى كومتنك موجوينيكمال دتله ىستزام یلکدەد.,تاريخى احداث ایتیکی ضرورتلر زوسیه ایله اوروپا آرەسنده مستقل راوقراينا كومتنك موجوينيك مالدنله استزام یلکدەدر.,تاريخك احداث ایندیکی ضرورتلر روسیه ایله اوروپا آرەسنده مستقل براوقراينا حكومتنك موجوديتنى كمال شدتله استلزام ایلکدەدر.,0.15254237288135594,0.13559322033898305,0.01694915254237289,0.6875,0.625,0.0625,109,109,118
706,تاريخك احذاث اینیکی ضزورتلر روسیثه ایل ه اوروپا آزەسنده مستقل براوقرنى حكومتنك موجوديتنى ك مال شدتله استلزام ایلکدەدر.,تاريخك احداث اینیکی ضرورتلر روسینه ایله اوروپا آزەسنده مستقل براوقرانى حكومتنك موجوديتنى ك مالشدتله استلرام ایلکدەدر.,تاريخك احداث ایندیکی ضرورتلر روسیه ایله اوروپا آرەسنده مستقل براوقراينا حكومتنك موجوديتنى كمال شدتله استلزام ایلکدەدر.,0.0847457627118644,0.06779661016949153,0.016949152542372878,0.625,0.4375,0.1875,118,117,118
707,تاريخك احدث ایندیکی ضرورتلر روسیه ایله اوزوپا آرەسنده مستجقل براوقرىينا حكومبنك موجوديتنى كمال شذتله استلزامآ ایلکدەدر.,تاريخك احدن ایندیکی ضرورتلر روسیه ایله اوزوپا آرەسنده مستجقل براوقراينا حكومتنك موجوديتنى كمال شدتله استلرام ایلکدەدر.,تاريخك احداث ایندیکی ضرورتلر روسیه ایله اوروپا آرەسنده مستقل براوقراينا حكومتنك موجوديتنى كمال شدتله استلزام ایلکدەدر.,0.059322033898305086,0.0423728813559322,0.016949152542372885,0.4375,0.25,0.1875,119,118,118
708,تاريخك اداث ایندیکی صرورتلر روسیه ایله اوروپا آرەسنده مستقل براوقريناذ حكومثنك موجقوديتنى يمال شدتله استلزام ایلكدەدر.,تاريخك اداث ایندیکی صرورتلر روسیه ایله اوروپا آرەسنده مستقل براوقراينا حكومتنك موجقوديتنى يمال شدتله استلرام ایلکدەدر.,تاريخك احداث ایندیکی ضرورتلر روسیه ایله اوروپا آرەسنده مستقل براوقراينا حكومتنك موجوديتنى كمال شدتله استلزام ایلکدەدر.,0.06779661016949153,0.0423728813559322,0.025423728813559324,0.4375,0.3125,0.125,118,118,118
709,تازيخكاحداثف ایندیکی رورتلر زوسیه ایله اوروپا آرسنده مستقل براوقراينا حکمتبك موجضوديتنى الشذتله استلزام ایلكدەدر.,تاريخك احداثف ایندیکی رورتلر زوسیه ایله اوروپا آرسنده مستقل براوقراينا حکمتنك موجوديتنى الشدتله استلزام ایلکدەدر.,تاريخك احداث ایندیکی ضرورتلر روسیه ایله اوروپا آرەسنده مستقل براوقراينا حكومتنك موجوديتنى كمال شدتله استلزام ایلکدەدر.,0.1271186440677966,0.07627118644067797,0.050847457627118633,0.625,0.4375,0.1875,113,113,118
710,تاريخك احداث ایندیکی ضرورتلر روسیه ایله اوروپا آرەسنده مستقل براوقراينا حكومتنك موجوديت نى كمال ش دتله استلزام ایلکدەدر.,تاريخك احداث ایندیکی ضرورتلر روسیه ایله اوروپا آرەسنده مستقل براوقراينا حكومتنك موجوديتنى كمال شدتله استلرام ایلکدەدر.,تاريخك احداث ایندیکی ضرورتلر روسیه ایله اوروپا آرەسنده مستقل براوقراينا حكومتنك موجوديتنى كمال شدتله استلزام ایلکدەدر.,0.01694915254237288,0.00847457627118644,0.00847457627118644,0.25,0.0625,0.1875,120,118,118
711,تاريخك احدطاث ایندیکی ضرورتلر ر وسیه ایله اوروپا آرەسنده مستقل براوقراينا حكومتنك موجوذيتنى كمال ش دتله اسبلرىم لکدەدر.,تاريخك احداث ایندیکی ضرورتلر روسیه ایله اوروپا آرەسنده مستقل براوقراينا حكومتنك موجوديتنى كمال شدتله اسبلراملکدەدر.,تاريخك احداث ایندیکی ضرورتلر روسیه ایله اوروپا آرەسنده مستقل براوقراينا حكومتنك موجوديتنى كمال شدتله استلزام ایلکدەدر.,0.07627118644067797,0.0423728813559322,0.03389830508474577,0.5,0.125,0.375,119,115,118
712,تارىخك احداث ایندیکی صرورتلرروسیه ایلهاوروپا آرەشندهز مستقلا برأ اوأقرانا حكومتنكموجود يتنى كمال شدتله استلزا ایلک دەر.,تاريخك احداث ایندیکی صرورتلر روسیه ایله اوروپا آرەسنده مستقلا بر اوقرانى حكومتنك موجود يتنى كمال شدتله استلرا ایلکدەر.,تاريخك احداث ایندیکی ضرورتلر روسیه ایله اوروپا آرەسنده مستقل براوقراينا حكومتنك موجوديتنى كمال شدتله استلزام ایلکدەدر.,0.13559322033898305,0.07627118644067797,0.05932203389830508,0.8125,0.5,0.3125,119,118,118
713,تاريخك احداث ایندیکی ضزوزتلر رشزیه ایله اوزوپا آرەسنده مستقل بروفراينا حكومتنك موجوديتنى كمىل شدتله استلزىم ایلکدەدر.,تاريخك احداث ایندیکی ضرورتلر رشریه ایله اوزوپا آرەسنده مستقل بروقراينا حكومتنك موجوديتنى كمال شدتله استلريم ایلکدەدر.,تاريخك احداث ایندیکی ضرورتلر روسیه ایله اوروپا آرەسنده مستقل براوقراينا حكومتنك موجوديتنى كمال شدتله استلزام ایلکدەدر.,0.07627118644067797,0.05084745762711865,0.025423728813559324,0.375,0.25,0.125,117,117,118
714,تىريخك ىحداث ایندیکی ضرورتلر روشیة ایله اورپا آرەسنده مفستقل براقراينا حكومتنك موجوديتنى كمال شدتله ىستلزام ایلکدەدر,تاريخك احداث ایندیکی ضرورتلر روسیه ایله اورپا آرەسنده مفستقل براقراينا حكومتنك موجوديتنى كمال شدتله استلرام ایلکدەدر.,تاريخك احداث ایندیکی ضرورتلر روسیه ایله اوروپا آرەسنده مستقل براوقراينا حكومتنك موجوديتنى كمال شدتله استلزام ایلکدەدر.,0.07627118644067797,0.03389830508474576,0.04237288135593221,0.5,0.25,0.25,116,117,118
715,تاريخك احدىث انذیكی ضرورتلروسیه ای له اوروپا آرەسنده مستقل براوقراينا حكمتنك موجوديتنى كمال شدتله ااستلزام ایلکدەذز.,تاريخك احداث اندیکی ضرورتلروسیه ایله اوروپا آرەسنده مستقل براوقراينا حكمتنك موجوديتنى كمال شدتله استلرام ایلکدەدر.,تاريخك احداث ایندیکی ضرورتلر روسیه ایله اوروپا آرەسنده مستقل براوقراينا حكومتنك موجوديتنى كمال شدتله استلزام ایلکدەدر.,0.09322033898305085,0.0423728813559322,0.05084745762711865,0.5,0.3125,0.1875,116,114,118
716,ثاريخك ىهداث ایندیکی ضرورثلر روسیه اله اورپا آرەسنده مست قل براوراينا حكومتنجك موجود يتنا كمال شدتله استلزام ایلكدەدر.,باريخك اهدان ایندیکی ضرورنلر روسیه اله اورپا آرەسنده مستقل براوراينا حكومتنجك موجود يتنا كمال شدتله استلرام ایلکدەدر.,تاريخك احداث ایندیکی ضرورتلر روسیه ایله اوروپا آرەسنده مستقل براوقراينا حكومتنك موجوديتنى كمال شدتله استلزام ایلکدەدر.,0.1016949152542373,0.09322033898305085,0.008474576271186446,0.75,0.625,0.125,118,117,118
717,تريخ ك احداایندیی ضرورتلر روشیه ایله اوروپا آرەسنده مستقل براوقرىيينا هكومتنك موجوديتنى كمال شدتله استلزام ایلکدەدر.,تريخك احداایندیی ضرورتلر روسیه ایله اوروپا آرەسنده مستقل براوقراينا هكومتنك موجوديتنى كمال شدتله استلرام ایلکدەدر.,تاريخك احداث ایندیکی ضرورتلر روسیه ایله اوروپا آرەسنده مستقل براوقراينا حكومتنك موجوديتنى كمال شدتله استلزام ایلکدەدر.,0.07627118644067797,0.05084745762711865,0.025423728813559324,0.375,0.3125,0.0625,116,114,118
718,تاريخك اإحداث ایندیکی ضرخورتل ر رإوسیه ایله اوروپا آرەسنده مشتقل براوخقراينا حكومتنک موحوديتتا كمال شفدتله ىستلزام ایلکدەدر.,تاريخك احداث ایندیکی ضرخورتلر روسیه ایله اوروپا آرەسنده مشتقل براوقراينا حكومتنك موحوديتا كمال شفدتله استلرام ایلکدەدر.,تاريخك احداث ایندیکی ضرورتلر روسیه ایله اوروپا آرەسنده مستقل براوقراينا حكومتنك موجوديتنى كمال شدتله استلزام ایلکدەدر.,0.1016949152542373,0.059322033898305086,0.04237288135593221,0.625,0.3125,0.3125,124,119,118
719,تىريخك اصحداث افیندیکی ضرورتلر روسیه ایله اوروپا آزەسنه مستل براوقراينا كومتنك موجودكتن ى ك مال شدتله استلزام ایلکدەدر.,تاريخك اصحداث افیندیکی ضرورتلر روسیه ایله اوروپا آزەسنه مستلر براوقراينا كومتنك موجوديتنى ك مالشدتله استلزام ایلکدەدر.,تاريخك احداث ایندیکی ضرورتلر روسیه ایله اوروپا آرەسنده مستقل براوقراينا حكومتنك موجوديتنى كمال شدتله استلزام ایلکدەدر.,0.0847457627118644,0.07627118644067797,0.008474576271186432,0.625,0.4375,0.1875,119,118,118
720,بو اراضی داخلنده ١٨٩٧ ده تقریباً اونآلتی مكليونى نفوس بولنمقده ایدی که اون بر میلیوبی اوقرايناليدر. ديمك كه اوقرايناليلر او طرفده عموم نفوسك ي وزده آلتمش سکسزینی تشکیل ايدکيورلر.,بو اراضی داخلنده ١٨٩٧ ده تقریباً اون آلتی مكليونى نفوس بولنمقده ایدی که اون بر میلیوبی اوقرايناليدر. ديمك كه اوقرايناليلر او طرفده عموم نفوسك بوزده آلتمش سکسزینی تشکیل ايدييورلر.,بو اراضی داخلنده ١٨٩٧ ده تقریباً اون آلتی ميليونى نفوس بولنمقده ایدی که اون بر میلیونی اوقرايناليدر. ديمك كه اوقرايناليلر او طرفده عموم نفوسك يوزده آلتمش سکسزینی تشکیل ايدييورلر.,0.028089887640449437,0.016853932584269662,0.011235955056179775,0.2413793103448276,0.10344827586206896,0.13793103448275862,178,178,178
721,بو اراصی داخلنده ١٨٩٧ ده تقریباً اون آلتی ميليونى نفوس بولنمقده ای دی ه اون برمیلیونی اوقرايناليدر. دمك كه اوقرايناليلر او ظرفده عموم نفوسك يوزده آلتمش سکسزینی تشکیلأ اييکورلر.,بو اراصی داخلنده ١٨٩٧ ده تقریباً اون آلتی ميليونى نفوس بولنمقده ایدیه اون برمیلیونی اوقرايناليدر. دمكه اوقرايناليلر او ظرفده عموم نفوسك يوزده آلتمش سکسزینی تشکیل ايتيورلر.,بو اراضی داخلنده ١٨٩٧ ده تقریباً اون آلتی ميليونى نفوس بولنمقده ایدی که اون بر میلیونی اوقرايناليدر. ديمك كه اوقرايناليلر او طرفده عموم نفوسك يوزده آلتمش سکسزینی تشکیل ايدييورلر.,0.05056179775280899,0.056179775280898875,-0.0056179775280898875,0.3448275862068966,0.3103448275862069,0.03448275862068967,176,171,178
722,بو اراضی داخلنده ١٨٩٧ دة تقریباًاون آلتی ميليونى نفوس بولنمقدة ىیدی که اون بر میلیوثی ىوقرايناليدر. ديمك كه اوقزايناليلر او طرفده عموم نفكوسك يوزدة آلتمش سکشییتشکی ايد يكورلر.,بو اراضی داخلنده ١٨٩٧ ده تقریباً اون آلتی ميليونى نفوس بولنمقده ایدی که اون بر میلیوتی اوقرايناليدر. ديمك كه اوقرايناليلر او طرفده عموم نفكوسك يوزده آلتمش سکسییتشکی ايديكورلر.,بو اراضی داخلنده ١٨٩٧ ده تقریباً اون آلتی ميليونى نفوس بولنمقده ایدی که اون بر میلیونی اوقرايناليدر. ديمك كه اوقرايناليلر او طرفده عموم نفوسك يوزده آلتمش سکسزینی تشکیل ايدييورلر.,0.0898876404494382,0.03932584269662921,0.05056179775280899,0.4482758620689655,0.1724137931034483,0.27586206896551724,175,175,178
723,بو اراضی داخلنده ٨٩٧ ده تقریباً اون آلتی ميلبيونى نقوس بولنمقده ایدی که اوية بر میلیظونی اوقراکناليدر. ديم ك كه اوقرىىنالکلر او طزفده عموم نفوسك يوزده آلتمش سکسزینی تکیل ايدييورلر.,بو اراضی داخلنده ٨٩٧ ده تقریباً اون آلتی ميلبيونى نقوس بولنمقده ایدی که اويه بر میلیونی اوقرايناليدر. ديمك كه اوقرايناليلر او طرفده عموم نفوسك يوزده آلتمش سکسزینی تکیل ايدييورلر.,بو اراضی داخلنده ١٨٩٧ ده تقریباً اون آلتی ميليونى نفوس بولنمقده ایدی که اون بر میلیونی اوقرايناليدر. ديمك كه اوقرايناليلر او طرفده عموم نفوسك يوزده آلتمش سکسزینی تشکیل ايدييورلر.,0.07303370786516854,0.033707865168539325,0.03932584269662921,0.3793103448275862,0.1724137931034483,0.2068965517241379,180,178,178
724,بو اراضی داخلنده ١٨٩٧ى ده تفریباً ا ون آلتی ميليونى نفوس بولنمقده ایدیک ىون نر میلیونی اوقراينىليد. ديمك كه انوقراينا لىلر او طرفده عمومنفوغسك يوزده آلتمش سکسزدینی تکیل ايدييورةلر.,بو اراضی داخلنده ١٨٩٧ى ده تفریباً اون آلتی ميليونى نفوس بولنمقده ایدیکی اون نر میلیونی اوقرايناليدى. ديمك كه انوقرايناليلر او طرفده عموم نفوسك يوزده آلتمش سکسزدینی تکیل ايدييورلر.,بو اراضی داخلنده ١٨٩٧ ده تقریباً اون آلتی ميليونى نفوس بولنمقده ایدی که اون بر میلیونی اوقرايناليدر. ديمك كه اوقرايناليلر او طرفده عموم نفوسك يوزده آلتمش سکسزینی تشکیل ايدييورلر.,0.09550561797752809,0.05056179775280899,0.0449438202247191,0.5517241379310345,0.3103448275862069,0.24137931034482757,180,179,178
725,بو اراض ی داخلنده ١٨٩٧ ده تقریباً اونآلتی ميليونى نفس بولنشمقده ایدی که اونا بر میلیونیوقراينالكدر. ديمك كه اوقرايناليلر او طفرفده عموم نفوسك يوزدة آلتمش سکسزینی تشکیل ايدىيور لر.,بو اراضی داخلنده ١٨٩٧ ده تقریباً اون آلتی ميليونى نفس بولنشمقده ایدی که اونا بر میلیونی وقرايناليدر. ديمك كه اوقرايناليلر او طفرفده عموم نفوسك يوزده آلتمش سکسزینی تشکیل ايدييورلر.,بو اراضی داخلنده ١٨٩٧ ده تقریباً اون آلتی ميليونى نفوس بولنمقده ایدی که اون بر میلیونی اوقرايناليدر. ديمك كه اوقرايناليلر او طرفده عموم نفوسك يوزده آلتمش سکسزینی تشکیل ايدييورلر.,0.06741573033707865,0.028089887640449437,0.03932584269662921,0.4482758620689655,0.1724137931034483,0.27586206896551724,179,179,178
726,و ازاضی داخلنده١٨٩٧ ذه تقریباً اون آلتی ميليسونى نففوس بولنمقده ایدی يه اون بر میلیونی اوقراينليضدر ديمك ك اوقزاينةالکلر او طرفدة عموم نفوسك يوزده آلتمش سکسزینی تشکیل ايدييورلر.,و ازاضی داخلنده ١٨٩٧ ده تقریباً اون آلتی ميليسونى نفقوس بولنمقده ایدی يه اون بر میلیونی اوقرايناليلر او طرفده عموم نفوسك يورده آلتمش سکسزینی تشکیل ايدييورلر.,بو اراضی داخلنده ١٨٩٧ ده تقریباً اون آلتی ميليونى نفوس بولنمقده ایدی که اون بر میلیونی اوقرايناليدر. ديمك كه اوقرايناليلر او طرفده عموم نفوسك يوزده آلتمش سکسزینی تشکیل ايدييورلر.,0.08426966292134831,0.15730337078651685,-0.07303370786516854,0.41379310344827586,0.3103448275862069,0.10344827586206895,177,157,178
727,بواراضی داخلندة١٨٩٧ ده تقریباً اون آلتی مليونى نفوس بولنمقده ایدی که ان بر میلیونی اوقرايثاليدر. ديمك ك ه ىوقثرايناليلر او طرفدة عموم نفوسك ىوزذه آلتمش سکسزینی تشکیل ايدييورر.,بواراضی داخلنده ١٨٩٧ ده تقریباً اون آلتی مليونى نفوس بولنمقده ایدی که ان بر میلیونی اوقرايناليدر. ديمك كه اوقرايناليلر او طرفده عموم نفوسك اوزده آلتمش سکسزینی تشکیل ايدييور.,بو اراضی داخلنده ١٨٩٧ ده تقریباً اون آلتی ميليونى نفوس بولنمقده ایدی که اون بر میلیونی اوقرايناليدر. ديمك كه اوقرايناليلر او طرفده عموم نفوسك يوزده آلتمش سکسزینی تشکیل ايدييورلر.,0.07303370786516854,0.033707865168539325,0.03932584269662921,0.4482758620689655,0.20689655172413793,0.2413793103448276,175,173,178
728,ثو اراضی داخلنده ١٨٩٧ ده تریباً اون آتی مکليونى نوس بولنمق د ه ایدی که اون بر میلینی او قرايناليدر. ديمك كه اوقرايناليلر او طرفدهغ عموم فوسك يوزده آلتش سکسزینی ت شکیل ايدييورلر.,بو اراضی داخلنده ١٨٩٧ ده تریباً اون آتی مکليونى نوس بولنمقده ایدی که اون بر میلینی او قرايناليدر. ديمك كه اوقرايناليلر او طرفده عموم فوسك يوزده آلتش سکسزینی تشکیل ايدييورلر.,بو اراضی داخلنده ١٨٩٧ ده تقریباً اون آلتی ميليونى نفوس بولنمقده ایدی که اون بر میلیونی اوقرايناليدر. ديمك كه اوقرايناليلر او طرفده عموم نفوسك يوزده آلتمش سکسزینی تشکیل ايدييورلر.,0.07303370786516854,0.0449438202247191,0.028089887640449437,0.5517241379310345,0.3103448275862069,0.24137931034482757,177,173,178
729,بو ىراضی داحلنده ١٨٩٧ ده تقزیباً اون آليی مكيونى فوس بونمقده ایدی که اون بر میونی اوقرايناليدر. ديمك كه اوقاين اليلرظ او طرفده عمومنفوسك يوزده آلتمس سکسزینی تشکیل ايذيىورلر.,بو اراضی داحلنده ١٨٩٧ ده تقریباً اون آليی مكيونى فوس بونمقده ایدی که اون بر میونی اوقرايناليدر. ديمك كه اوقرايناليلر او طرفده عمومنفوسك يوزده آلتمس سکسزینی تشکیل ايدييورلر.,بو اراضی داخلنده ١٨٩٧ ده تقریباً اون آلتی ميليونى نفوس بولنمقده ایدی که اون بر میلیونی اوقرايناليدر. ديمك كه اوقرايناليلر او طرفده عموم نفوسك يوزده آلتمش سکسزینی تشکیل ايدييورلر.,0.09550561797752809,0.056179775280898875,0.03932584269662921,0.4827586206896552,0.3103448275862069,0.1724137931034483,173,172,178
730,بو راضی داخندة ١٨٩٧ده تقزی باً اون آلت ميليونى نفوس بولنمقدهىیدی که اون بر میلیونی اوقرىيناليدر. ديمك كه ىوقرايباليلر او طرفده عموم نفوسك ىور ده آلتمش سکسزیتی تشکیل ايدييورلر.,بو راضی داخنده ١٨٩٧ده تقریباً اون آلت ميليونى نفوس بولنمقده ایدی که اون بر میلیونی اوقرايناليدر. ديمك كه اوقرايناليلر او طرفده عموم نفوسك اورده آلتمش سکسزیتی تشکیل ايدييورلر.,بو اراضی داخلنده ١٨٩٧ ده تقریباً اون آلتی ميليونى نفوس بولنمقده ایدی که اون بر میلیونی اوقرايناليدر. ديمك كه اوقرايناليلر او طرفده عموم نفوسك يوزده آلتمش سکسزینی تشکیل ايدييورلر.,0.0898876404494382,0.03932584269662921,0.05056179775280899,0.4482758620689655,0.2413793103448276,0.20689655172413793,175,174,178
731,بو اراض داخلنده ١٨٩٧ ده تقریباً اونة آلتی ميليونى نفوس بزولتمقده ىیدی که ون ب میلیونی اقراينىليدر. ديمك كه اوقرايناليلر او طرفده عموم نقوسك يوزدضه آلتمش سکسزینی تسکیل ايديکورلر.,بو اراض داخلنده ١٨٩٧ ده تقریباً اونه آلتی ميليونى نفوس برولتمقده ایدی که اون بو میلیونی اقرايناليدر. ديمك كه اوقرايناليلر او طرفده عموم نقوسك يوزده آلتمش سکسزینی تسکیل ايديکورلر.,بو اراضی داخلنده ١٨٩٧ ده تقریباً اون آلتی ميليونى نفوس بولنمقده ایدی که اون بر میلیونی اوقرايناليدر. ديمك كه اوقرايناليلر او طرفده عموم نفوسك يوزده آلتمش سکسزینی تشکیل ايدييورلر.,0.07303370786516854,0.05056179775280899,0.02247191011235955,0.3793103448275862,0.27586206896551724,0.10344827586206895,177,178,178
732,بوا ا راضی داخلهنده ١٨٩٧ ده تقریباً اون آلی يليونى نفوس بولنمقده ایدیظکه اون ب یلیوتی اوقراينليجدر. ديکمي كة اوفراناليلز اوطرفده عموم نقوسك يوزده آلتمش سکسزینی تشکیل ايدي يورلر.,بواراضی داخلهنده ١٨٩٧ ده تقریباً اون آلی يليونى نفوس بولنمقده ایدیکه اون بیلیوتی اوقرايناليجدر. ديکميه اوقراناليلر اوطرفده عموم نقوسك يوزده آلتمش سکسزینی تشکیل ايدييورلر.,بو اراضی داخلنده ١٨٩٧ ده تقریباً اون آلتی ميليونى نفوس بولنمقده ایدی که اون بر میلیونی اوقرايناليدر. ديمك كه اوقرايناليلر او طرفده عموم نفوسك يوزده آلتمش سکسزینی تشکیل ايدييورلر.,0.11235955056179775,0.09550561797752809,0.016853932584269662,0.6551724137931034,0.5517241379310345,0.10344827586206895,177,170,178
733,بو ىراضی داخلنده ١٨٩٧ ده تقریباً ىوث الثی ميليونى نفوس نولنمفذه ایدی کة اون بر میلیونی اوقراينىاليذر. ديمك كه اوقرايناليلر او طزقده عموم نفوسك كوزده آلتصمش سکس زینی تسکیل ايدييور.,بو اراضی داخلنده ١٨٩٧ ده تقریباً اون التی ميليونى نفوس نولنمفده ایدیکه اون بر میلیونی اوقرايناليدر. ديمك كه اوقرايناليلر او طرقده عموم نفوسك كورده آلتصمش سکس زینی تسکیل ايدييور.,بو اراضی داخلنده ١٨٩٧ ده تقریباً اون آلتی ميليونى نفوس بولنمقده ایدی که اون بر میلیونی اوقرايناليدر. ديمك كه اوقرايناليلر او طرفده عموم نفوسك يوزده آلتمش سکسزینی تشکیل ايدييورلر.,0.10674157303370786,0.06741573033707865,0.03932584269662921,0.4482758620689655,0.3793103448275862,0.06896551724137934,179,177,178
734,بو اراضی دالنده ١٨٩٧ ده تقریباً اون آلتی ميليونى نفوس بولنمقده ایدی که او بر میلیونی اوقرايناليدرج. ديمك كه اوقزاىنالکلاو ظرفد ه عموم ثفوسك يوردهظ آلتمش سکسزینی تشکیل ايدييورلر.,بو اراضی دالنده ١٨٩٧ ده تقریباً اون آلتی ميليونى نفوس بولنمقده ایدی که او بر میلیونی اوقرايناليدر. ديمك كه اوقرايناليلاو ظرفده عموم ثفوسك يورده آلتمش سکسزینی تشکیل ايدييورلر.,بو اراضی داخلنده ١٨٩٧ ده تقریباً اون آلتی ميليونى نفوس بولنمقده ایدی که اون بر میلیونی اوقرايناليدر. ديمك كه اوقرايناليلر او طرفده عموم نفوسك يوزده آلتمش سکسزینی تشکیل ايدييورلر.,0.07303370786516854,0.03932584269662921,0.033707865168539325,0.27586206896551724,0.2413793103448276,0.03448275862068964,177,174,178
735,يو ااضی دخلنده ١٨٩٧ دهآ تقریباً اوي آلتی ميليونى نفوس بوةلنمقده ایدی كه اون يرمیلیونی اوقرايناليد ر. ديمك كه او قراي ناليلر او طرده عوم نفوسك ىوزذه آلتمش سکسزهینی تشکیل ايدييورلر.,بو ااضی دخلنده ١٨٩٧ ده تقریباً اون آلتی ميليونى نفوس بولنمقده ایدی که اون برمیلیونی اوقرايناليدر. ديمك كه او قرايناليلر او طرده عوم نفوسك اوزده آلتمش سکسزهینی تشکیل ايدييورلر.,بو اراضی داخلنده ١٨٩٧ ده تقریباً اون آلتی ميليونى نفوس بولنمقده ایدی که اون بر میلیونی اوقرايناليدر. ديمك كه اوقرايناليلر او طرفده عموم نفوسك يوزده آلتمش سکسزینی تشکیل ايدييورلر.,0.09550561797752809,0.0449438202247191,0.05056179775280899,0.5862068965517241,0.3448275862068966,0.2413793103448275,179,175,178
736,بو اراضی داخلنده ٨٩ ٧ ده ت قریبىً اوي آلثی ميليونا نفوس بولنمقذه ایدی که ىون بر میلیون ی اوقرايناليدر. ديمك كه اوقزاکناليلز او طرقدغة عموم نفوسکك يوزده آلتمش سکسری نی تشکیل ايديورلز.,بو اراضی داخلنده ٨٩٧ ده تقریبى اون آلتی ميليونا نفوس بولنمقده ایدی که اون بر میلیونی اوقرايناليدر. ديمك كه اوقرايناليلر او طرقده عموم نفوسكه يوزده آلتمش سکسری نی تشکیل ايديورلر.,بو اراضی داخلنده ١٨٩٧ ده تقریباً اون آلتی ميليونى نفوس بولنمقده ایدی که اون بر میلیونی اوقرايناليدر. ديمك كه اوقرايناليلر او طرفده عموم نفوسك يوزده آلتمش سکسزینی تشکیل ايدييورلر.,0.11797752808988764,0.05056179775280899,0.06741573033707865,0.5862068965517241,0.27586206896551724,0.31034482758620685,182,177,178
737,بو اراضی داجلنذة ١٨٩٧ ده تفریباًاون آلتی ميل ي ونى ثفوس بولنمقده ایذ که اون بر ییونی اوقراىنالير.ديمك که اوقرايناليل ر اوطرففده عموم نفوسك يوزده آلتمش سکسزینی تسکل ايدي يورر.,بو اراضی داجلنده ١٨٩٧ ده تفریباً اون آلتی ميليونى ثفوس بولنمقده ایدکه اون بر ییونی اوقراينالير.ديمك که اوقرايناليلر اوطرفقده عموم نفوسك يوزده آلتمش سکسزینی تسکل ايدييور.,بو اراضی داخلنده ١٨٩٧ ده تقریباً اون آلتی ميليونى نفوس بولنمقده ایدی که اون بر میلیونی اوقرايناليدر. ديمك كه اوقرايناليلر او طرفده عموم نفوسك يوزده آلتمش سکسزینی تشکیل ايدييورلر.,0.12921348314606743,0.0898876404494382,0.039325842696629226,0.6206896551724138,0.4482758620689655,0.1724137931034483,174,169,178
738,بو ارىضی داخلندخ ه ١٨٩٧ ده تریباً اون آلتی ميليونى نف وس بولنمقده ایدی که اون بز میلیوشنی اوقرايناليدر. ديمک كه اوقرايناليلر او طرفده غموم نفسك يوزده آلتمش سکسزینی تشکیل ايديىو رلر.,بو اراضی داخلنده ١٨٩٧ ده تریباً اون آلتی ميليونى نفوس بولنمقده ایدی که اون بر میلیوسنی اوقرايناليدر. ديمك كه اوقرايناليلر او طرفده غموم نفسك يوزده آلتمش سکسزینی تشکیل ايدياورلر.,بو اراضی داخلنده ١٨٩٧ ده تقریباً اون آلتی ميليونى نفوس بولنمقده ایدی که اون بر میلیونی اوقرايناليدر. ديمك كه اوقرايناليلر او طرفده عموم نفوسك يوزده آلتمش سکسزینی تشکیل ايدييورلر.,0.06741573033707865,0.028089887640449437,0.03932584269662921,0.4482758620689655,0.1724137931034483,0.27586206896551724,181,177,178
739,بو ارضی داخلنده ١٨٩٧ ده تقریباً ىون آلتی ميليونى نفوس بولقده ایدی يه اون برمیلیونی اوايناليدر.ديمككه اوقراي نالير او طرفده عموم نفوسك يوزده آتمش سکسزینی تکیل ايدييوزلر.,بو ارضی داخلنده ١٨٩٧ ده تقریباً اون آلتی ميليونى نفوس بولقده ایدی يه اون برمیلیونی اوايناليدر. ديمكه اوقراينالير او طرفده عموم نفوسك يوزده آتمش سکسزینی تکیل ايدييورلر.,بو اراضی داخلنده ١٨٩٧ ده تقریباً اون آلتی ميليونى نفوس بولنمقده ایدی که اون بر میلیونی اوقرايناليدر. ديمك كه اوقرايناليلر او طرفده عموم نفوسك يوزده آلتمش سکسزینی تشکیل ايدييورلر.,0.08426966292134831,0.06741573033707865,0.016853932584269662,0.4482758620689655,0.3793103448275862,0.06896551724137934,168,167,178
740,ةیئت استخلىصه، كندی مؤكللرينه مؤثر بر معاونت ابرزايده بيلم ايچن روش او قرایناسند هم ملی، هم سیاسی برتشکیلات وجوده كتیردی.,حیئت استخلاصه، کندی مؤكللرينه مؤثر بر معاونت ابرزايده بيلم ايچن روس او قرایناسنده هم ملی، هم سیاسی برتشکیلات وجوده کتیردی.,هیئت استخلاصه، کندی مؤكللرينه مؤثر بر معاونت ابرازايده بيلمك ايچون روس او قرایناسنده هم ملی، هم سیاسی بر تشکیلات وجوده كتیردی.,0.07142857142857142,0.047619047619047616,0.023809523809523808,0.47619047619047616,0.3333333333333333,0.14285714285714285,121,122,126
741,هیئت ىستخلاضه، کندی مؤكللرينه مؤثر بر معاونت ابرازاکد بيلمك ايخچون روس او قرایناسندةهم ملی، هزم سیاسی بر تشيیلات وجوده كتیردی.,هیئت استخلاضه، کندی مؤكللرينه مؤثر بر معاونت ابرازايد بيلمك ايخچون روس او قرایناسنده ملی، هزم سیاسی بر تشکیلات وجوده کتیردی.,هیئت استخلاصه، کندی مؤكللرينه مؤثر بر معاونت ابرازايده بيلمك ايچون روس او قرایناسنده هم ملی، هم سیاسی بر تشکیلات وجوده كتیردی.,0.07142857142857142,0.06349206349206349,0.007936507936507936,0.3333333333333333,0.2857142857142857,0.047619047619047616,126,124,126
742,هیئب استخلاصه، کندی مؤکللرينه مؤثر ب معاونت ابرازاده بيلمك ايچون روس ىو قرایناسنده هم ملی، هم سیاسی بر تسکیلات وجوده كتیردی.,هیئب استخلاصه، کندی مؤکللرينه مؤثر به معاونت ابرازاده بيلمك ايچون روس او قرایناسنده هم ملی، هم سیاسی بر تسکیلات وجوده کتیردی.,هیئت استخلاصه، کندی مؤكللرينه مؤثر بر معاونت ابرازايده بيلمك ايچون روس او قرایناسنده هم ملی، هم سیاسی بر تشکیلات وجوده كتیردی.,0.047619047619047616,0.047619047619047616,0.0,0.2857142857142857,0.2857142857142857,0.0,124,125,126
743,هیئت استخلاصه، کندی مؤكللرينه مؤثر بر معاونت اب رازاي ده بيلمك ايچون روس او قرایناسندههم ملی، ه سیاسی بر تجشيیلات و جوده كتیردی.,هیئت استخلاصه، کندی مؤكللرينه مؤثر بر معاونت ابرازايده بيلمك ايچون روس او قرایناسنده هم ملی، حسیاسی بر تجشیلات و جوده کتیردی.,هیئت استخلاصه، کندی مؤكللرينه مؤثر بر معاونت ابرازايده بيلمك ايچون روس او قرایناسنده هم ملی، هم سیاسی بر تشکیلات وجوده كتیردی.,0.05555555555555555,0.05555555555555555,0.0,0.42857142857142855,0.2857142857142857,0.14285714285714285,128,125,126
744,هیئت استخلاصه، کندی مؤكللري نه مؤثر بز معا وثت ابرازاکدده بيلمك ايچون روس او قرىناسنه هم ملی، همسیاسی بر تشکیلات وجوده كتیردی.,هیئت استخلاصه، کندی مؤكللرينه مؤثر بر معاونت ابرازايده بيلمك ايچون روس او قراناسنه هم ملی، همسیاسی بر تشکیلات وجوده کتیردی.,هیئت استخلاصه، کندی مؤكللرينه مؤثر بر معاونت ابرازايده بيلمك ايچون روس او قرایناسنده هم ملی، هم سیاسی بر تشکیلات وجوده كتیردی.,0.07936507936507936,0.031746031746031744,0.047619047619047616,0.42857142857142855,0.19047619047619047,0.23809523809523808,126,123,126
745,هیت استخلاصه، کندی مؤك للرينة مؤثر بز معاونت اثرازايده بيلماك يچون روس او قرایناسقنده م ملی، هم سیاسی بر تشکیلات وجوده كتیری.,هیت استخلاصه، کندی مؤكللرينه مؤثر بر معاونت اثراز ايده بيلماك بچون روس او قرایناسنده مملی، هم سیاسی بر تشکیلات وجوده کتیری.,هیئت استخلاصه، کندی مؤكللرينه مؤثر بر معاونت ابرازايده بيلمك ايچون روس او قرایناسنده هم ملی، هم سیاسی بر تشکیلات وجوده كتیردی.,0.07936507936507936,0.07936507936507936,0.0,0.47619047619047616,0.38095238095238093,0.09523809523809523,125,123,126
746,هیئت اسضتخلاصة، كندیمؤكللرينه مؤث ر بر معاونت ابرازايده ب کلمك ايچو ن روس او قرایناسنة هم ملی، هم سیاسی بز تشکیلات وجوده كتیيردی.,هیئت استخلاصه، كندی مؤكللرينه مؤثر بر معاونت ابرازايده بيلمك ايچون روس او قرایناسنه هم ملی، هم سیاسی بر تشکیلات وجوده کتیردی.,هیئت استخلاصه، کندی مؤكللرينه مؤثر بر معاونت ابرازايده بيلمك ايچون روس او قرایناسنده هم ملی، هم سیاسی بر تشکیلات وجوده كتیردی.,0.09523809523809523,0.023809523809523808,0.07142857142857142,0.5238095238095238,0.14285714285714285,0.380952380952381,129,125,126
747,ةیئت استخاصه،کندی مؤكللرينه مؤث بر معاونت اآبرازايده بيلمك ايچون روس او قرایناسنده هم ملی، م ساسی ب تشکیلات وجوده كتیرذی.,حیئت استخاصه، کندی مؤكللرينه مؤث بر معاونت ابرازايده بيلمك ايچون روس او قرایناسنده هم ملی، مساسی بر تشکیلات وجوده کتیردی.,هیئت استخلاصه، کندی مؤكللرينه مؤثر بر معاونت ابرازايده بيلمك ايچون روس او قرایناسنده هم ملی، هم سیاسی بر تشکیلات وجوده كتیردی.,0.07142857142857142,0.05555555555555555,0.015873015873015872,0.42857142857142855,0.2857142857142857,0.14285714285714285,121,121,126
748,ةیئن اسبخلاصه، کندیآ مؤكللرييه مؤثربر مغاونت ابرازايده بيلمك اي چون روس او قرایناسندة هم ملی،ع هم سیا سی بر تشیلاتص وح وإده کتیردی.,حیئن اسبخلاصه، کندی مؤكللرينه مؤثر بر معاونت ابرازايده بيلمك ايچون روس او قرایناسنده هم ملی، عهم سیاسی بر تشیلات وحوده کتیردی.,هیئت استخلاصه، کندی مؤكللرينه مؤثر بر معاونت ابرازايده بيلمك ايچون روس او قرایناسنده هم ملی، هم سیاسی بر تشکیلات وجوده كتیردی.,0.1349206349206349,0.05555555555555555,0.07936507936507936,0.8095238095238095,0.2857142857142857,0.5238095238095238,131,126,126
749,هیئت استخ لاصه، کندی مؤكللينه مؤثر برن معاونت ارازايده بيلم ك ايچوث روس و قراناسنده هم ملی، ةم سیاسی ير نشکیلىت وجوده كتیردی.,هیئت استخلاصه، کندی مؤكللينه مؤثر برندن معاونت ارازايده بيلمك ايچون روس و قراناسنده هم ملی، هم سیاسی بر نشکیلات وجوده کتیردی.,هیئت استخلاصه، کندی مؤكللرينه مؤثر بر معاونت ابرازايده بيلمك ايچون روس او قرایناسنده هم ملی، هم سیاسی بر تشکیلات وجوده كتیردی.,0.09523809523809523,0.07142857142857142,0.023809523809523808,0.6190476190476191,0.3333333333333333,0.28571428571428575,125,125,126
750,هیئت استخلاصه، کندی مؤكللرينه مؤثر بر معاونت ابرازاي دهبيلمك ايچون روس او قراینسقنده هم ملی، هم سیاسی بر تشکیلا ت وجوده كتیردی.,هیئت استخلاصه، کندی مؤكللرينه مؤثر بر معاونت ابرازاينده بيلمك ايچون روس او قرایناسنده هم ملی، هم سیاسی بر تشکیلات وجوده کتیردی.,هیئت استخلاصه، کندی مؤكللرينه مؤثر بر معاونت ابرازايده بيلمك ايچون روس او قرایناسنده هم ملی، هم سیاسی بر تشکیلات وجوده كتیردی.,0.03968253968253968,0.015873015873015872,0.023809523809523808,0.23809523809523808,0.09523809523809523,0.14285714285714285,127,127,126
751,هیئت استخلصه، كندی مؤكللرىن مؤبر بر م عاونت ابرزايده بلمك ايچون روس او قرایباسند ه هم ملی، هم سیجاسی بر تشکیلات وجوده كت یردی.,هیئت استخلصه، کندی مؤكللرين مؤبر بر معاونت ابرزايده بلمك ايچون روس او قرایناسنده هم ملی، هم سیاسی بر تشکیلات وجوده كتیردی.,هیئت استخلاصه، کندی مؤكللرينه مؤثر بر معاونت ابرازايده بيلمك ايچون روس او قرایناسنده هم ملی، هم سیاسی بر تشکیلات وجوده كتیردی.,0.09523809523809523,0.03968253968253968,0.05555555555555555,0.6190476190476191,0.23809523809523808,0.380952380952381,126,122,126
752,هیئت استخلاضه، کندی مؤكللرينه مؤثر بر معاونت ابرازذايده بيلمك ايچون روس او قرىیناسنده هم می، هم ساسی بر تشکیلات وجوده کتیزدی.,هیئت استخلاضه، کندی مؤكللرينه مؤثر بر معاونت ابرازدايده بيلمك ايچون روس او قرایناسنده هم می، هم ساسی بر تشکیلات وجوده کتیردی.,هیئت استخلاصه، کندی مؤكللرينه مؤثر بر معاونت ابرازايده بيلمك ايچون روس او قرایناسنده هم ملی، هم سیاسی بر تشکیلات وجوده كتیردی.,0.05555555555555555,0.03968253968253968,0.015873015873015872,0.2857142857142857,0.23809523809523808,0.047619047619047616,125,125,126
753,هیئت ىتجلاصه،کدی مؤكللرين مؤثر بر مغاونت ابرازايدهبيلمك اکچون روس او قرایباسنده هم ملی، هم سیاسی بر تشکلىت وجودة كتیردی.,هیئت اتجلاصه، کدی مؤكللرين مؤثر بر معاونت ابراز ايده بيلمك اکچون روس او قرایناسنده هم ملی، هم سیاسی بر تشکلات وجوده کتیردی.,هیئت استخلاصه، کندی مؤكللرينه مؤثر بر معاونت ابرازايده بيلمك ايچون روس او قرایناسنده هم ملی، هم سیاسی بر تشکیلات وجوده كتیردی.,0.10317460317460317,0.06349206349206349,0.03968253968253968,0.47619047619047616,0.38095238095238093,0.09523809523809523,120,123,126
754,هی ئت استطخلاصه، کندی مؤكللريةز مؤثر بر معاونت ابزازايده بيلمك ايچون روساو قرایناشنذ هم ملی، هم سیاسی بر تسکیلي وج وده كتیردی.,هیئت استطلاصه، کندی مؤكللريهز مؤثر بر معاونت ابزارايده بيلمك ايچون روس او قرایناسنده هم ملی، هم سیاسی بر تسکیلى وجوده کتیردی.,هیئت استخلاصه، کندی مؤكللرينه مؤثر بر معاونت ابرازايده بيلمك ايچون روس او قرایناسنده هم ملی، هم سیاسی بر تشکیلات وجوده كتیردی.,0.10317460317460317,0.07142857142857142,0.031746031746031744,0.5238095238095238,0.23809523809523808,0.28571428571428575,126,125,126
755,ةیئت استخلاصه، کندی مؤكللرينة مؤثز بر معاونت ابرازايده بيلمنك اكچون روس او قرایناسنده هم ملی، هم سیاسی بر تکلات وجوده كتیردی.,حیئت استخلاصه، کندی مؤكللرينه مؤثر بر معاونت ابرازايده بيلمنك ايچون روس او قرایناسنده هم ملی، هم سیاسی بر تکلات وجوده کتیردی.,هیئت استخلاصه، کندی مؤكللرينه مؤثر بر معاونت ابرازايده بيلمك ايچون روس او قرایناسنده هم ملی، هم سیاسی بر تشکیلات وجوده كتیردی.,0.05555555555555555,0.03968253968253968,0.015873015873015872,0.2857142857142857,0.19047619047619047,0.09523809523809523,125,125,126
756,هیئت ىتلاصه، کند مؤكللرينه مؤثر بر مععاون اترازا که بيلمك ايچون روس او قرایياسنده همي ملی، هم سیاسی بر تشکیلات وجودة كتیردی.,هیئت اتلاصه، کنده مؤكللرينه مؤثر بر معاون اترازا که بيلمك ايچون روس او قرایناسنده هميملی، هم سیاسی بر تشکیلات وجوده کتیردی.,هیئت استخلاصه، کندی مؤكللرينه مؤثر بر معاونت ابرازايده بيلمك ايچون روس او قرایناسنده هم ملی، هم سیاسی بر تشکیلات وجوده كتیردی.,0.09523809523809523,0.07142857142857142,0.023809523809523808,0.38095238095238093,0.38095238095238093,0.0,124,123,126
757,هیئت اشتخلاصثه، كندی مؤكللرينه مؤثر بر معاونتق ابرازايده ييلمك اىچون روس او قراناسندة هم ملی، هم سیاس بر تشکیلات وجوده كتیردی.,هیئت اشتخلاصنه، كندی مؤكللرينه مؤثر بر معاونتق ابرازايده ييلمك ايچون روس او قراناسنده هم ملی، هم سیاس بر تشکیلات وجوده کتیردی.,هیئت استخلاصه، کندی مؤكللرينه مؤثر بر معاونت ابرازايده بيلمك ايچون روس او قرایناسنده هم ملی، هم سیاسی بر تشکیلات وجوده كتیردی.,0.07142857142857142,0.06349206349206349,0.007936507936507936,0.3333333333333333,0.3333333333333333,0.0,126,126,126
758,هیئت استحلاصه، کندی مؤكللرينه مؤثر بر معاوغنت ابرازايده بيلمك اکچون زوس او قرایناسنده هم ملی، هم سیاسی بر تشکیلات وجوده كتیردی.,هیئت استحلاصه، کندی مؤكللرينه مؤثر بر معاوغنت ابرازايده بيلمك اکچون زوس او قرایناسنده هم ملی، هم سیاسی بر تشکیلات وجوده کتیردی.,هیئت استخلاصه، کندی مؤكللرينه مؤثر بر معاونت ابرازايده بيلمك ايچون روس او قرایناسنده هم ملی، هم سیاسی بر تشکیلات وجوده كتیردی.,0.031746031746031744,0.03968253968253968,-0.007936507936507936,0.19047619047619047,0.23809523809523808,-0.047619047619047616,127,127,126
759,هیئث استخلاصه، کندی مؤكللرنة مؤثر بر معاوجنت ابراايده بيلمك ايچون روس او فرایناسنده هم ملی، هم سیاشیبر تشکیلات وجوزده كتیردی.,هیئت استخلاصه، کندی مؤكللرنه مؤثر بر معاوجنت ابراايده بيلمك ايچون روس او قرایناسنده هم ملی، هم سیاسی بر تشکیلات وجورده کتیردی.,هیئت استخلاصه، کندی مؤكللرينه مؤثر بر معاونت ابرازايده بيلمك ايچون روس او قرایناسنده هم ملی، هم سیاسی بر تشکیلات وجوده كتیردی.,0.07142857142857142,0.03968253968253968,0.031746031746031744,0.38095238095238093,0.23809523809523808,0.14285714285714285,125,126,126
760,کندیب حقوق مليەرینی مداعه وتوشيع ايچونقزاقلر بر قاچ دفعه پولونياليلره تعرض و هجوم ابتدىلر.,کندی حقوق مليەرینی مداعه وتوشيع ايچون قزاقلر بر قاچ دفعه پولونياليلره تعرض و هجوم ابتدالر.,کندی حقوق مليەلرینی مدافعه وتوسيع ايچون قزاقلر بر قاچ دفعه پولونياليلره تعرض و هجوم ابتديلر.,0.06521739130434782,0.043478260869565216,0.021739130434782608,0.4666666666666667,0.26666666666666666,0.2,90,90,92
761,کندی حقوق مليەلرینی مدا فعه وتوسع ىيچون قزضقلر بر قا چ دفغه پولونياليلره تغرض و هجومىبتديلر.,کندی حقوق مليەلرینی مدافعه وتوسع ايچون قرقلر بر قاچ دفغه پولونياليلره تغرض و هجوم ابتديلر.,کندی حقوق مليەلرینی مدافعه وتوسيع ايچون قزاقلر بر قاچ دفعه پولونياليلره تعرض و هجوم ابتديلر.,0.09782608695652174,0.05434782608695652,0.04347826086956522,0.7333333333333333,0.26666666666666666,0.4666666666666666,92,90,92
762,کبدی حقوق ميەرینی مفدافعة وتوسکع ايچون قزاقلر بر قاچ دفعه پولضونياليلره تعرض و هجوم ابتديلز.,کبدی حقوق متەرینی مفدافعه وتوسيع ايچون قزاقلر بر قاچ دفعه پولونياليلره تعرض و هجوم ابتديلر.,کندی حقوق مليەلرینی مدافعه وتوسيع ايچون قزاقلر بر قاچ دفعه پولونياليلره تعرض و هجوم ابتديلر.,0.08695652173913043,0.05434782608695652,0.03260869565217391,0.4,0.2,0.2,92,91,92
763,کندیحقوق مليەلرینی مدافعه ونوسكع ايچن قزاقلر بر قاچ دفعه پولونياليلره تعرض و هجوم ابتديلز.,کندی حقوق مليەلرینی مدافعه ونوسكع ايچن قزاقلر بر قاچ دفعه پولونياليلره تعرض و هجوم ابتديلر.,کندی حقوق مليەلرینی مدافعه وتوسيع ايچون قزاقلر بر قاچ دفعه پولونياليلره تعرض و هجوم ابتديلر.,0.05434782608695652,0.03260869565217391,0.021739130434782608,0.3333333333333333,0.13333333333333333,0.19999999999999998,90,91,92
764,کندطی حقوق مليەلرینیإ م دافعه وتوسيع ايچون قاقل بر ق اچ دفعه پولونياليلره تعرزض و هجوم انتديلر,کندی حقوق مليەلرینی مدافعه وتوسيع ايچون قاقل بر قاچ دفعه پولونياليلره تعرز و هجوم انتديلر.,کندی حقوق مليەلرینی مدافعه وتوسيع ايچون قزاقلر بر قاچ دفعه پولونياليلره تعرض و هجوم ابتديلر.,0.09782608695652174,0.043478260869565216,0.05434782608695653,0.6,0.2,0.39999999999999997,94,90,92
765,کتدی حقوق مليەلرینی مدافعه وتوسيع ايچون قزاقلر بر قاچ دعفعه پولوثيالكلره تغرض و هجوم ابتىلر.,کتدی حقوق مليەلرینی مدافعه وتوسيع ايچون قزاقلر بر قاچ دعفعه پولونياليلره تغرض و هجوم ابتالر.,کندی حقوق مليەلرینی مدافعه وتوسيع ايچون قزاقلر بر قاچ دفعه پولونياليلره تعرض و هجوم ابتديلر.,0.07608695652173914,0.05434782608695652,0.021739130434782615,0.3333333333333333,0.26666666666666666,0.06666666666666665,92,92,92
766,کند حقوقمليەلرینی مدافعة وتفوسيع ايچون قزاقلربر قاچ ذفعه پولونيىلل ره تعرض و ةجوم ابتديلر.,کنده حقوق مليەلرینی مدافعه وتفوسيع ايچون قزاقلربر قاچ دفعه پولونياللره تعرض و هجوم ابتديلر.,کندی حقوق مليەلرینی مدافعه وتوسيع ايچون قزاقلر بر قاچ دفعه پولونياليلره تعرض و هجوم ابتديلر.,0.10869565217391304,0.043478260869565216,0.06521739130434782,0.7333333333333333,0.3333333333333333,0.39999999999999997,90,91,92
767,كندی حفوق ميەلرینی مدافعه وتوسيع ايچون قزصافلر بر قاچ دفعه پولونياليلره تعرص و هجوم ايتديلر.,كندی حفوق ميەلرینی مدافعه وتوسيع ايچون قزافلر بر قاچ دفعه پولونياليلره تعرص و هجوم ايتديلر.,کندی حقوق مليەلرینی مدافعه وتوسيع ايچون قزاقلر بر قاچ دفعه پولونياليلره تعرض و هجوم ابتديلر.,0.07608695652173914,0.06521739130434782,0.010869565217391311,0.4,0.4,0.0,92,91,92
768,کتدی حقوق مليەلرینی مدافعه وتوشيع اکچون قزاقلر بر قاچدفعه پولونىاليلره بعرضش و هنجوم ابتديلر.,کتدی حقوق مليەلرینی مدافعه وتوشيع ايچون قزاقلر بر قاچدفعه پولوناليلره بعرش و هنجوم ابتديلر.,کندی حقوق مليەلرینی مدافعه وتوسيع ايچون قزاقلر بر قاچ دفعه پولونياليلره تعرض و هجوم ابتديلر.,0.08695652173913043,0.07608695652173914,0.010869565217391297,0.5333333333333333,0.4666666666666667,0.06666666666666665,93,91,92
769,کندیظ حقوق ملكەلرینی مدافعه وتوس ىع ىيچون فزاقلر بري قاچ د فعه پ ولونياليلره تعر ض و هجوم ادبتدكلز.,کندی حقوق ملکەلرینی مدافعه وتوساع ايچون فراقلر برينقاچ دفعه پولونياليلره تعرض و هجوم ادبتديلر.,کندی حقوق مليەلرینی مدافعه وتوسيع ايچون قزاقلر بر قاچ دفعه پولونياليلره تعرض و هجوم ابتديلر.,0.14130434782608695,0.07608695652173914,0.06521739130434781,0.9333333333333333,0.4,0.5333333333333333,99,94,92
770,کندی حقوق ملزيەلرینی مدافعه وتوسىع ايچون فرىقلر بر قا چ دقعه ولونياليلره تعرض و هجومک اتتديلر.,کندی حقوق ملريەلرینی مدافعه وتوساع ايچون فراقلر بر قاچ دقعه ولونياليلره تعرض و هجومك اتتديلر.,کندی حقوق مليەلرینی مدافعه وتوسيع ايچون قزاقلر بر قاچ دفعه پولونياليلره تعرض و هجوم ابتديلر.,0.10869565217391304,0.08695652173913043,0.021739130434782608,0.6,0.4666666666666667,0.1333333333333333,94,93,92
771,کندی حقوق مليەلرینی مدفعه تويع ايچون قزىقلر بر قچ دفه پولونياليلره نعرض و هجم اتتديلز.,کندی حقوق مليەلرینی مدفعه تويع ايچون قزاقلر بر قچدفه پولونياليلره نعرض و هجم اتتديلر.,کندی حقوق مليەلرینی مدافعه وتوسيع ايچون قزاقلر بر قاچ دفعه پولونياليلره تعرض و هجوم ابتديلر.,0.10869565217391304,0.09782608695652174,0.010869565217391297,0.5333333333333333,0.4666666666666667,0.06666666666666665,86,85,92
772,کندی حقق مليەلرینی مداقعه وتوسيع يچون قراقلر ير قچ دفعه پولونياليلره تعرض و هجوظم ابتديلر.,کندی حقق مليەلرینی مداقعه وتوسيع ايچون قراقلر ير قچ دفعه پولونياليلره تعرض و هجوظم ابتديلر.,کندی حقوق مليەلرینی مدافعه وتوسيع ايچون قزاقلر بر قاچ دفعه پولونياليلره تعرض و هجوم ابتديلر.,0.07608695652173914,0.06521739130434782,0.010869565217391311,0.4666666666666667,0.4,0.06666666666666665,90,91,92
773,کندی حقوق ملىەلرینی مدفعه وتوجسيع ايچون قزاقلر بر اچ دفعه پولونياليلزه تعرض و هو ابتذيلر.,کندی حقوق ملاەلرینی مدفعه وتوجسيع ايچون قزاقلر بر اچ دفعه پولونياليلره تعرض و هو ابتديلر.,کندی حقوق مليەلرینی مدافعه وتوسيع ايچون قزاقلر بر قاچ دفعه پولونياليلره تعرض و هجوم ابتديلر.,0.08695652173913043,0.06521739130434782,0.021739130434782608,0.4666666666666667,0.3333333333333333,0.13333333333333336,89,89,92
774,کندی حقوق ميەلرینی مدافأعه وتوشيع ايچون قزاقلر بر قاچ دفعه ولونياليره تعرض و هجوم ابتديلر.,کندی حقوق ميەلرینی مدافعه وتوشيع ايچون قزاقلر بر قاچ دفعه ولونياليره تعرض و هجوم ابتديلر.,کندی حقوق مليەلرینی مدافعه وتوسيع ايچون قزاقلر بر قاچ دفعه پولونياليلره تعرض و هجوم ابتديلر.,0.05434782608695652,0.043478260869565216,0.010869565217391304,0.26666666666666666,0.2,0.06666666666666665,90,89,92
775,کندیحقوق مليەلرینی مدافعه وتوسغ ايچون قز اقلر برأ قاچدفه پولونيال يلره تعرض و هجوم ابتديلر,کندی حقوق مليەلرینی مدافعه وتوسع ايچون قزاقلر بر قاچده پولونياليلره تعرض و هجوم ابتديلر.,کندی حقوق مليەلرینی مدافعه وتوسيع ايچون قزاقلر بر قاچ دفعه پولونياليلره تعرض و هجوم ابتديلر.,0.09782608695652174,0.043478260869565216,0.05434782608695653,0.6666666666666666,0.2,0.4666666666666666,90,88,92
776,کندی حقوق مليەلرنی مدافعه وتوسع ايچون قاقلر بر قاچ ذفعه پولونياليلره تغرضو هجوم ابتديلر.,کندی حقوق مليەلرنی مدافعه وتوسع ايچون قاقلر بر قاچ دفعه پولونياليلره تغرو هجوم ابتديلر.,کندی حقوق مليەلرینی مدافعه وتوسيع ايچون قزاقلر بر قاچ دفعه پولونياليلره تعرض و هجوم ابتديلر.,0.06521739130434782,0.06521739130434782,0.0,0.4,0.3333333333333333,0.06666666666666671,88,87,92
777,کنذی حقوق مليەلرینی مدافعه وتوسيغ ايچون قزاقلر بر قاچ قعه پولونياليلره تعرخض و هجوم ابتديلر,کندی حقوق مليەلرینی مدافعه وتوسيع ايچون قزاقلر بر قاچ قعه پولونياليلره تعرخ و هجوم ابتديلر.,کندی حقوق مليەلرینی مدافعه وتوسيع ايچون قزاقلر بر قاچ دفعه پولونياليلره تعرض و هجوم ابتديلر.,0.06521739130434782,0.03260869565217391,0.03260869565217391,0.3333333333333333,0.13333333333333333,0.19999999999999998,91,91,92
778,کندی حوق مليەلرینی مدافعه وبوسيع ايثچون قزافلر بر قاچ دفعه پولونياليلره تعرض و ةجوم ابتديلر.,کندی حوق مليەلرینی مدافعه وبوسيع ايتچون قزافلر بر قاچ دفعه پولونياليلره تعرض و هجوم ابتديلر.,کندی حقوق مليەلرینی مدافعه وتوسيع ايچون قزاقلر بر قاچ دفعه پولونياليلره تعرض و هجوم ابتديلر.,0.05434782608695652,0.043478260869565216,0.010869565217391304,0.3333333333333333,0.26666666666666666,0.06666666666666665,92,92,92
779,کندی حقوقمليەلریبی مدجافعه وتوشيع ايچون قزاقلر بر فاچ دفع پولونياليلرهک تعرضو هجوم ابثديلر.,کندی حقوق مليەلری بی مدافعه وتوشيع ايچون قزاقلر بر فاچ دفع پولونياليلره تعرو هجوم ابثديلر.,کندی حقوق مليەلرینی مدافعه وتوسيع ايچون قزاقلر بر قاچ دفعه پولونياليلره تعرض و هجوم ابتديلر.,0.09782608695652174,0.08695652173913043,0.010869565217391311,0.6666666666666666,0.5333333333333333,0.1333333333333333,91,90,92
780,بوجمعيتلره متر ت وظائف، حقوق ملكه وذديانت اصليەنك محافظەسنه وانکشافته خدمت واهالی آره سنه نورع معرفتینشر ايل ک خصوصانندن عبات بولیوردی.,بوجمعيتلره مترت وظائف، حقوق ملكه وديانت اصليەنك محافظەسنه وانكشافته خدمت واهالی آره سنه نور معرفتی نشر ايلك خصوصانندن عبات بولیوردی.,بوجمعيتلره مترتب وظائف، حقوق مليه وديانت اصليەنك محافظەسنه وانكشافته خدمت واهالی آره سنه نور معرفتی نشر ايلمك خصوصانندن عبات بولیوردی.,0.06716417910447761,0.022388059701492536,0.04477611940298508,0.45,0.15,0.30000000000000004,135,132,134
781,بآوجمعيتلره مترتب و ظائف، حقوق ملكيه وذيانت اصليەنك محىفظسنه وانكش اقته خدمت واهالی آره سثه نور معرفتی شرايلمك خصوضايندن عبات بولیوردی.,بوجمعيتلره مترتب و ظائف، حقوق ملكيه وذيانت اصليەنك محافسنه وانك شاقته خدمت واهالی آره سنه نور معرفتی شرايلمك خصوصايندن عبات بولیوردی.,بوجمعيتلره مترتب وظائف، حقوق مليه وديانت اصليەنك محافظەسنه وانكشافته خدمت واهالی آره سنه نور معرفتی نشر ايلمك خصوصانندن عبات بولیوردی.,0.09701492537313433,0.07462686567164178,0.022388059701492546,0.6,0.5,0.09999999999999998,135,133,134
782,بوجمعيتلره متربب وظ ائف، حقوق مليه وديانت اصليەنك محافظەنه وانك شافته خدمت واهالی آرة سنه نور معرفتی ثشر اكلمك خصوصىنفندن عبات بو لیوردی.,بوجمعيتلره متربب وظائف، حقوق مليه وديانت اصليەنك محافظەنه وانك شافته خدمت واهالی آره سنه نور معرفتی ثشر ايلمك خصوص انفندن عبات بولیوردی.,بوجمعيتلره مترتب وظائف، حقوق مليه وديانت اصليەنك محافظەسنه وانكشافته خدمت واهالی آره سنه نور معرفتی نشر ايلمك خصوصانندن عبات بولیوردی.,0.07462686567164178,0.04477611940298507,0.029850746268656712,0.6,0.35,0.25,137,136,134
783,بوجمعىتلره مترتب وظائف، قوق مليه وديانت اصليەنك محافظەسنه وانشافته خدم تواةالی اره ن نور معرف نشر ايلمك خصوصانندن عبات ثولیوردی.,بوجمعاتلره مترتب وظائف، قوق مليه وديانت اصليەنك محافظەسنه وانشافته خدم توالی اره نور معرف نشر ايلمك خصوصانندن عبات بولیوردی.,بوجمعيتلره مترتب وظائف، حقوق مليه وديانت اصليەنك محافظەسنه وانكشافته خدمت واهالی آره سنه نور معرفتی نشر ايلمك خصوصانندن عبات بولیوردی.,0.08955223880597014,0.1044776119402985,-0.01492537313432836,0.45,0.4,0.04999999999999999,128,124,134
784,بوجمعيتلره مترب وظاغف، هوق مليه وديانت اصليەنك محافظەسنة وانكشافته خدمت واةالی آر سنهنور معرفتی نشرايلمك خصوصانند ن عبات بولیوردی.,بوجمعيتلره مترب وظاغف، هوق مليه وديانت اصليەنك محافظەسنه وانكشافته خدمت واهالی آر سنه نور معرفتی نشرايلمك خصوصانندن عبات بولیوردی.,بوجمعيتلره مترتب وظائف، حقوق مليه وديانت اصليەنك محافظەسنه وانكشافته خدمت واهالی آره سنه نور معرفتی نشر ايلمك خصوصانندن عبات بولیوردی.,0.07462686567164178,0.04477611940298507,0.029850746268656712,0.55,0.3,0.25000000000000006,130,130,134
785,بوجمعيتلرة مترتب وظائف، حقوق مليه وديان ث اصليەنك محافظەشنه وايکشافته خدمث واها لی آره ستهنوعر معرفتی ن شر ايلمك خصوصاننذن عبات بولیوردی.,بوجمعيتلره مترتب وظائف، حقوق مليه وديان باصليەنك محافظەسنه وايکشافته خدم واهالی آره سته نوعر معرفتی نشر ايلمك خصوصانندن عبات بولیوردی.,بوجمعيتلره مترتب وظائف، حقوق مليه وديانت اصليەنك محافظەسنه وانكشافته خدمت واهالی آره سنه نور معرفتی نشر ايلمك خصوصانندن عبات بولیوردی.,0.09701492537313433,0.05223880597014925,0.04477611940298508,0.65,0.3,0.35000000000000003,137,134,134
786,بخمعيتلره مترثب وظائف، حقوق مليه وديىنت اصليەن ك حجافظەسيه وايكشافته خدمت واهالی آره سنه نور مغرقتی نشر اکلمك خصوصابندث عبت بولیوردی.,بخمعيتلره مترثب وظائف، حقوق مليه وديانت اصليەنك حجافەسيه وايكشافته خدمت واهالی آره سنه نور مغرقتی نشر ايلمك خصوصابندن عبت بولیوردی.,بوجمعيتلره مترتب وظائف، حقوق مليه وديانت اصليەنك محافظەسنه وانكشافته خدمت واهالی آره سنه نور معرفتی نشر ايلمك خصوصانندن عبات بولیوردی.,0.11194029850746269,0.08955223880597014,0.022388059701492546,0.55,0.35,0.20000000000000007,133,131,134
787,بوجمعيتلره منرتب وظائف، هقوق ملية وديانت ىصلەزثك محافظەسنة وانكشافته خد مت واهالی آره سنه نور معرفثی نشر المك خصصانندن عبات ب ویوردی.,بوجمعيتلره منرتب وظائف، هقوق مليه وديانت اصلەرنك محافظەسنه وانكشافته خدمت واهالی آره سنه نور معرفتی نشر المك خصصانندن عبات بویوردی.,بوجمعيتلره مترتب وظائف، حقوق مليه وديانت اصليەنك محافظەسنه وانكشافته خدمت واهالی آره سنه نور معرفتی نشر ايلمك خصوصانندن عبات بولیوردی.,0.1044776119402985,0.05223880597014925,0.05223880597014925,0.6,0.3,0.3,133,131,134
788,بوجمعيتلره متفرتب وظائف،حقوق مليه وديانت ىصليەنك محافظەسيهوىنكشافته خدمت واهالی آرهخ سنره نور معرفتی نبشر اكلمك خصوصانندن عبات يولیوردی.,بوجمعيتلره متفرتب وظائف، حقوق مليه وديانت اصليەنك محافظەسيه وانك شافته خدمت واهالی آره سنره نور معرفتی نبشر ايلمك خصوصانندن عبات ايولیوردی.,بوجمعيتلره مترتب وظائف، حقوق مليه وديانت اصليەنك محافظەسنه وانكشافته خدمت واهالی آره سنه نور معرفتی نشر ايلمك خصوصانندن عبات بولیوردی.,0.08208955223880597,0.05223880597014925,0.02985074626865672,0.55,0.35,0.20000000000000007,136,139,134
789,بوجمعطيبلره مت رتب وظائف، حقوق مليه وديانت اليەنك محافظەسنه وانك شافته خدمت واهالیآره سنه نور معزفتی نسر يلمك خضوصانندن عبات بولیوردی.,بوجمع طيبلره مترتب وظائف، حقوق مليه وديانت اليەنك محافظەسنه وانك شافته خدمت واهالی آره سنه نور معزفتی نسر يلمك خوصانندن عبات بولیوردی.,بوجمعيتلره مترتب وظائف، حقوق مليه وديانت اصليەنك محافظەسنه وانكشافته خدمت واهالی آره سنه نور معرفتی نشر ايلمك خصوصانندن عبات بولیوردی.,0.07462686567164178,0.06716417910447761,0.007462686567164173,0.6,0.45,0.14999999999999997,134,134,134
790,بوجمعيتلره مترت وظاثئف، حقوقه مليية و ديانت اصليەنك محافظەسنه وانكشافبه خدمت واهالی آره سنه نور معقتی نشر ايلمك صوصانندن عبت بولیوزدی.,بوجمعيتلره مترت وظاثئف، حقوقه ملينه و ديانت اصليەنك محافظەسنه وانك شافبه خدمت واهالی آره سنه نور معقتی نشر ايلمك صوصانندن عبت بولیوردی.,بوجمعيتلره مترتب وظائف، حقوق مليه وديانت اصليەنك محافظەسنه وانكشافته خدمت واهالی آره سنه نور معرفتی نشر ايلمك خصوصانندن عبات بولیوردی.,0.08955223880597014,0.08208955223880597,0.007462686567164173,0.55,0.55,0.0,134,135,134
791,بوجمعيتلره مترتب وظائف، حقوق مليه وديانت اصليەنك محافظ ەسنه وثكسافته خدمت واهالی ره سنه نور معرفتی نشر ايلم خصوصايندن عبا بولیوردی.,بوجمعيتلره مترتب وظائف، حقوق مليه وديانت اصليەنك محافظەسنه وتكسافته خدمت واهالیره سنه نور معرفتی نشر ايلم خصوص ايندن عبا بولیوردی.,بوجمعيتلره مترتب وظائف، حقوق مليه وديانت اصليەنك محافظەسنه وانكشافته خدمت واهالی آره سنه نور معرفتی نشر ايلمك خصوصانندن عبات بولیوردی.,0.05970149253731343,0.06716417910447761,-0.00746268656716418,0.35,0.35,0.0,131,130,134
792,وجمغيلره مثرتبج وظائف، حقوق مليه وديانت اص ليەنك محافظەسنه وانكشافته خدمت واهالی آره سنه نور معزفتی نشر ىيلمك خصوصايثدن عبات بولیوردی.,وجمعيلره مثرتبج وظائف، حقوق مليه وديانت اصليەنك محافظەسنه وانكشافته خدمت واهالی آره سنه نور معزفتی نشر ايلمك خصوص ايتدن عبات بولیوردی.,بوجمعيتلره مترتب وظائف، حقوق مليه وديانت اصليەنك محافظەسنه وانكشافته خدمت واهالی آره سنه نور معرفتی نشر ايلمك خصوصانندن عبات بولیوردی.,0.07462686567164178,0.05970149253731343,0.014925373134328353,0.35,0.25,0.09999999999999998,134,134,134
793,بوجمعيتلره مترتب وظائق، حزقوق مليه ويانت اصليەنك محافظەسنة وايكشافته خقدمب واهالی آره سنة بور م عرفتین نشر اأيلمك خصوصانندن عبات بولیوردی.,بوجمعيتلره مترتب وظائق، حزقوق مليه ويانت اصليەنك محافظەسنه وايكشافته خقدم واهالی آره سنه بورم عرفتین نشر ايلمك خصوصانندن عبات بولیوردی.,بوجمعيتلره مترتب وظائف، حقوق مليه وديانت اصليەنك محافظەسنه وانكشافته خدمت واهالی آره سنه نور معرفتی نشر ايلمك خصوصانندن عبات بولیوردی.,0.08955223880597014,0.07462686567164178,0.01492537313432836,0.55,0.35,0.20000000000000007,138,135,134
794,بوجمعيتلره مترتب وظائ، هقوف مليه ويانت ىصليەنك محافظەشنه وانكشافتهخدمت واهالی آره سنة نور معرفینشر ايلمك خصوصاننذن عبا بولیوردی.,بوجمعيتلره مترتب وظائ، هقوف مليه ويانت اصليەنك محافظەسنه وانك شافته خدمت واهالی آره سنه نور معرفی تشر ايلمك خصوصانندن عبا بولیوردی.,بوجمعيتلره مترتب وظائف، حقوق مليه وديانت اصليەنك محافظەسنه وانكشافته خدمت واهالی آره سنه نور معرفتی نشر ايلمك خصوصانندن عبات بولیوردی.,0.08955223880597014,0.05970149253731343,0.029850746268656712,0.6,0.4,0.19999999999999996,128,131,134
795,بوجمعيتلزهمترتب وظائف، حقوق ملية وديانت اصلي ەنک محافظەسنه وانكشافته خدمت ودا الی آره سه ور معرفتی بكسر ايلمك خصوصايندن عبت بولیوردی.,بوجمعيتلره مترتب وظائف، حقوق مليه وديانت اصليەنك محافظەسنه وانكشافته خدمت وداالی آره سهور معرفتی بكسر ايلمك خصوص ايندن عبت بولیوردی.,بوجمعيتلره مترتب وظائف، حقوق مليه وديانت اصليەنك محافظەسنه وانكشافته خدمت واهالی آره سنه نور معرفتی نشر ايلمك خصوصانندن عبات بولیوردی.,0.1044776119402985,0.08208955223880597,0.022388059701492533,0.6,0.35,0.25,133,132,134
796,بوجمعيتلره مترتب وظائف، حقوق ليه وديانت اصليەنك محافظەسنه وىكشافته خدمت واهالی آره سنه نور معرفتی نشر اكيلمك خصإوصازنندن عبات ولوردی.,بوجمعيتلره مترتب وظائف، حقوق ليه وديانت اصليەنك محافظەسنه واكشافته خدمت واهالی آره سنه نور معرفتی نشر ايلمك خصوصارنندن عبات ولوردی.,بوجمعيتلره مترتب وظائف، حقوق مليه وديانت اصليەنك محافظەسنه وانكشافته خدمت واهالی آره سنه نور معرفتی نشر ايلمك خصوصانندن عبات بولیوردی.,0.05970149253731343,0.03731343283582089,0.02238805970149254,0.25,0.2,0.04999999999999999,133,131,134
797,بوجميتلره مترتب وظ اأئف، حقوق مليه وديانت اصليەنك محافظەسنه وانكشافته حدمت واهالی آره سنه تور معرفتینشر اىل مك خصوصىنندن عبات يولیورذی.,بوجميتلره مترتب وظائف، حقوق مليه وديانت اصليەنك محافظەسنه وانكشافته حدمت واهالی آره سنه تور معرفتی نشر ايلمك خصوصانندن عبات بولیوردی.,بوجمعيتلره مترتب وظائف، حقوق مليه وديانت اصليەنك محافظەسنه وانكشافته خدمت واهالی آره سنه نور معرفتی نشر ايلمك خصوصانندن عبات بولیوردی.,0.08208955223880597,0.022388059701492536,0.05970149253731344,0.5,0.15,0.35,135,133,134
798,بومعيتلرة مترتب وائف، حقوق ملي وذاأنت اصلەآنمحافظەسنه وانكشافته خدمت واةىلی آره سنه نور مغرفتی نشر ايلمك خصصانندن ثا بولیوردی.,بومعيتلره مترتب وائف، حقوق ملى وذانت اصلەآن محافظەسنه وانكشافته خدمت واهالی آره سنه نور مغرفتی نشر ايلمك خصصانندن با بولیوردی.,بوجمعيتلره مترتب وظائف، حقوق مليه وديانت اصليەنك محافظەسنه وانكشافته خدمت واهالی آره سنه نور معرفتی نشر ايلمك خصوصانندن عبات بولیوردی.,0.13432835820895522,0.09701492537313433,0.03731343283582089,0.5,0.4,0.09999999999999998,126,126,134
799,بوجم عيتلره متر تب وظساك ئق، حقوق ملي ه وديى نت اصليەنك مهافظەسنه واتكشافته خد مت واهالی آر سنة نور معزفتكی نشر ايلمك خ صوضانندن عبات بولیوردی.,بوجمعيتلره مترتب وطساكئق، حقوق مليه وديانت اصليەنك مهافەسنه واتكشافته خدمت واهالی آرسنه نور معزفتكی نشر ايلمك خصوصانندن عبات بولیوردی.,بوجمعيتلره مترتب وظائف، حقوق مليه وديانت اصليەنك محافظەسنه وانكشافته خدمت واهالی آره سنه نور معرفتی نشر ايلمك خصوصانندن عبات بولیوردی.,0.13432835820895522,0.08208955223880597,0.05223880597014925,0.95,0.3,0.6499999999999999,143,134,134
